Initialize godot-rust (API v4.6.stable.official, runtime v4.7.1.stable.official, safeguards balanced)
Godot Engine v4.7.1.stable.official.a13da4feb - https://godotengine.org

[   0% ] [90m[1mfirst_scan_filesystem[22m | Started Project initialization (5 steps)[39m[0m
[   0% ] [90m[1mfirst_scan_filesystem[22m | Scanning file structure...[39m[0m
[  16% ] [90m[1mfirst_scan_filesystem[22m | Loading global class names...[39m[0m
[  33% ] [90m[1mfirst_scan_filesystem[22m | Verifying GDExtensions...[39m[0m
[  50% ] [90m[1mfirst_scan_filesystem[22m | Creating autoload scripts...[39m[0m
[  66% ] [90m[1mfirst_scan_filesystem[22m | Initializing plugins...[39m[0m
[  83% ] [90m[1mfirst_scan_filesystem[22m | Starting file scan...[39m[0m
[92m[ DONE ][39m [1mfirst_scan_filesystem[22m
[0m
[   0% ] [90m[1mupdate_scripts_classes[22m | Started Registering global classes... (1117 steps)[39m[0m
[   0% ] [90m[1mupdate_scripts_classes[22m | [39m[0m
[   0% ] [90m[1mupdate_scripts_classes[22m | [39m[0m
[   0% ] [90m[1mupdate_scripts_classes[22m | [39m[0m
[   0% ] [90m[1mupdate_scripts_classes[22m | [39m[0m
[   0% ] [90m[1mupdate_scripts_classes[22m | [39m[0m
[   0% ] [90m[1mupdate_scripts_classes[22m | [39m[0m
[   0% ] [90m[1mupdate_scripts_classes[22m | [39m[0m
[   0% ] [90m[1mupdate_scripts_classes[22m | [39m[0m
[   0% ] [90m[1mupdate_scripts_classes[22m | [39m[0m
[   0% ] [90m[1mupdate_scripts_classes[22m | [39m[0m
[   0% ] [90m[1mupdate_scripts_classes[22m | [39m[0m
[   0% ] [90m[1mupdate_scripts_classes[22m | GodotMCPTypeParse[39m[0m
[   1% ] [90m[1mupdate_scripts_classes[22m | [39m[0m
[   1% ] [90m[1mupdate_scripts_classes[22m | [39m[0m
[   1% ] [90m[1mupdate_scripts_classes[22m | [39m[0m
[   1% ] [90m[1mupdate_scripts_classes[22m | [39m[0m
[   1% ] [90m[1mupdate_scripts_classes[22m | [39m[0m
[   1% ] [90m[1mupdate_scripts_classes[22m | [39m[0m
[   1% ] [90m[1mupdate_scripts_classes[22m | [39m[0m
[   1% ] [90m[1mupdate_scripts_classes[22m | AudioEventSeam[39m[0m
[   1% ] [90m[1mupdate_scripts_classes[22m | AudioLog[39m[0m
[   1% ] [90m[1mupdate_scripts_classes[22m | AudioManagerScript[39m[0m
[   1% ] [90m[1mupdate_scripts_classes[22m | IsoCameraRig[39m[0m
[   2% ] [90m[1mupdate_scripts_classes[22m | TopDownCameraRig[39m[0m
[   2% ] [90m[1mupdate_scripts_classes[22m | AuthoredPortalRuntime[39m[0m
[   2% ] [90m[1mupdate_scripts_classes[22m | Interactable[39m[0m
[   2% ] [90m[1mupdate_scripts_classes[22m | SealedHatch[39m[0m
[   2% ] [90m[1mupdate_scripts_classes[22m | TopDownInteractor[39m[0m
[   2% ] [90m[1mupdate_scripts_classes[22m | GameplayPropFactory[39m[0m
[   2% ] [90m[1mupdate_scripts_classes[22m | ModularAssetSpec[39m[0m
[   2% ] [90m[1mupdate_scripts_classes[22m | [39m[0m
[   2% ] [90m[1mupdate_scripts_classes[22m | PlayerController[39m[0m
[   2% ] [90m[1mupdate_scripts_classes[22m | TopDownPlayerController[39m[0m
[   2% ] [90m[1mupdate_scripts_classes[22m | BiomeProfile[39m[0m
[   3% ] [90m[1mupdate_scripts_classes[22m | CeilingFadeController[39m[0m
[   3% ] [90m[1mupdate_scripts_classes[22m | CellLayoutEngine[39m[0m
[   3% ] [90m[1mupdate_scripts_classes[22m | DerelictBuilderPreview[39m[0m
[   3% ] [90m[1mupdate_scripts_classes[22m | DifficultyProfile[39m[0m
[   3% ] [90m[1mupdate_scripts_classes[22m | EncounterInjector[39m[0m
[   3% ] [90m[1mupdate_scripts_classes[22m | FireCompartmentResolver[39m[0m
[   3% ] [90m[1mupdate_scripts_classes[22m | FirstRunContract[39m[0m
[   3% ] [90m[1mupdate_scripts_classes[22m | GameplayObjectiveVolume[39m[0m
[   3% ] [90m[1mupdate_scripts_classes[22m | GameplaySliceBuilder[39m[0m
[   3% ] [90m[1mupdate_scripts_classes[22m | GeneratedShipDemo[39m[0m
[   3% ] [90m[1mupdate_scripts_classes[22m | GeneratedShipLoader[39m[0m
[   4% ] [90m[1mupdate_scripts_classes[22m | KitCatalog[39m[0m
[   4% ] [90m[1mupdate_scripts_classes[22m | LayoutMutator[39m[0m
[   4% ] [90m[1mupdate_scripts_classes[22m | LayoutSerializer[39m[0m
[   4% ] [90m[1mupdate_scripts_classes[22m | LifeBoatBuilder[39m[0m
[   4% ] [90m[1mupdate_scripts_classes[22m | ModularSocketCatalog[39m[0m
[   4% ] [90m[1mupdate_scripts_classes[22m | PlayableGeneratedShip[39m[0m
[   4% ] [90m[1mupdate_scripts_classes[22m | ProcgenDebugRunner[39m[0m
[   4% ] [90m[1mupdate_scripts_classes[22m | ReadabilityPropFactory[39m[0m
[   4% ] [90m[1mupdate_scripts_classes[22m | RoomAssigner[39m[0m
[   4% ] [90m[1mupdate_scripts_classes[22m | RoomGraph[39m[0m
[   4% ] [90m[1mupdate_scripts_classes[22m | RoomGraphGenerator[39m[0m
[   5% ] [90m[1mupdate_scripts_classes[22m | RoomVariantSelector[39m[0m
[   5% ] [90m[1mupdate_scripts_classes[22m | RuntimePropVisualBinder[39m[0m
[   5% ] [90m[1mupdate_scripts_classes[22m | SeedDeterminismContract[39m[0m
[   5% ] [90m[1mupdate_scripts_classes[22m | ShipBlueprint[39m[0m
[   5% ] [90m[1mupdate_scripts_classes[22m | ShipGenerator[39m[0m
[   5% ] [90m[1mupdate_scripts_classes[22m | ShipLayoutGenerator[39m[0m
[   5% ] [90m[1mupdate_scripts_classes[22m | SliceAtmosphereApplier[39m[0m
[   5% ] [90m[1mupdate_scripts_classes[22m | StartSceneBuilder[39m[0m
[   5% ] [90m[1mupdate_scripts_classes[22m | StructuralEdgeCompiler[39m[0m
[   5% ] [90m[1mupdate_scripts_classes[22m | StructuralEdgePlan[39m[0m
[   5% ] [90m[1mupdate_scripts_classes[22m | StructuralPlacer[39m[0m
[   5% ] [90m[1mupdate_scripts_classes[22m | StructuralPlanValidator[39m[0m
[   6% ] [90m[1mupdate_scripts_classes[22m | TemplateCTraversal[39m[0m
[   6% ] [90m[1mupdate_scripts_classes[22m | TemplateSelector[39m[0m
[   6% ] [90m[1mupdate_scripts_classes[22m | TopologyTemplate[39m[0m
[   6% ] [90m[1mupdate_scripts_classes[22m | WalkabilityContract[39m[0m
[   6% ] [90m[1mupdate_scripts_classes[22m | WallDoorResolver[39m[0m
[   6% ] [90m[1mupdate_scripts_classes[22m | ExportPresetsValidator[39m[0m
[   6% ] [90m[1mupdate_scripts_classes[22m | SpriteAnimDriver[39m[0m
[   6% ] [90m[1mupdate_scripts_classes[22m | TopDownLighting[39m[0m
[   6% ] [90m[1mupdate_scripts_classes[22m | ControllerGlyphSchema[39m[0m
[   6% ] [90m[1mupdate_scripts_classes[22m | MenuStateSchema[39m[0m
[   6% ] [90m[1mupdate_scripts_classes[22m | SettingsStateSchema[39m[0m
[   7% ] [90m[1mupdate_scripts_classes[22m | TooltipSchema[39m[0m
[   7% ] [90m[1mupdate_scripts_classes[22m | TutorialStateSchema[39m[0m
[   7% ] [90m[1mupdate_scripts_classes[22m | AchievementState[39m[0m
[   7% ] [90m[1mupdate_scripts_classes[22m | AddictionState[39m[0m
[   7% ] [90m[1mupdate_scripts_classes[22m | AmbientZoneState[39m[0m
[   7% ] [90m[1mupdate_scripts_classes[22m | AmmoState[39m[0m
[   7% ] [90m[1mupdate_scripts_classes[22m | ArmorResolver[39m[0m
[   7% ] [90m[1mupdate_scripts_classes[22m | AudioBusConfig[39m[0m
[   7% ] [90m[1mupdate_scripts_classes[22m | AutomatedPlaytestRubric[39m[0m
[   7% ] [90m[1mupdate_scripts_classes[22m | AutosavePolicy[39m[0m
[   7% ] [90m[1mupdate_scripts_classes[22m | BalanceLedger[39m[0m
[   8% ] [90m[1mupdate_scripts_classes[22m | BodyTemperatureState[39m[0m
[   8% ] [90m[1mupdate_scripts_classes[22m | BuildMetadataState[39m[0m
[   8% ] [90m[1mupdate_scripts_classes[22m | CargoTransfer[39m[0m
[   8% ] [90m[1mupdate_scripts_classes[22m | CartState[39m[0m
[   8% ] [90m[1mupdate_scripts_classes[22m | ClassDefinition[39m[0m
[   8% ] [90m[1mupdate_scripts_classes[22m | CloudManifestState[39m[0m
[   8% ] [90m[1mupdate_scripts_classes[22m | ComponentCatalog[39m[0m
[   8% ] [90m[1mupdate_scripts_classes[22m | ComponentMountResolver[39m[0m
[   8% ] [90m[1mupdate_scripts_classes[22m | ComponentPlacementState[39m[0m
[   8% ] [90m[1mupdate_scripts_classes[22m | ConsumableState[39m[0m
[   8% ] [90m[1mupdate_scripts_classes[22m | ControllerGlyphState[39m[0m
[   9% ] [90m[1mupdate_scripts_classes[22m | CookingState[39m[0m
[   9% ] [90m[1mupdate_scripts_classes[22m | CraftingState[39m[0m
[   9% ] [90m[1mupdate_scripts_classes[22m | CrashReportBundle[39m[0m
[   9% ] [90m[1mupdate_scripts_classes[22m | DamagePipeline[39m[0m
[   9% ] [90m[1mupdate_scripts_classes[22m | DeconstructionResolver[39m[0m
[   9% ] [90m[1mupdate_scripts_classes[22m | DemoScopeGate[39m[0m
[   9% ] [90m[1mupdate_scripts_classes[22m | DependencyValidator[39m[0m
[   9% ] [90m[1mupdate_scripts_classes[22m | DerelictObjectiveController[39m[0m
[   9% ] [90m[1mupdate_scripts_classes[22m | DetectionState[39m[0m
[   9% ] [90m[1mupdate_scripts_classes[22m | DockingManager[39m[0m
[   9% ] [90m[1mupdate_scripts_classes[22m | DockPorts[39m[0m
[  10% ] [90m[1mupdate_scripts_classes[22m | DynamicMusicState[39m[0m
[  10% ] [90m[1mupdate_scripts_classes[22m | EffectDispatcher[39m[0m
[  10% ] [90m[1mupdate_scripts_classes[22m | ElectricalArcState[39m[0m
[  10% ] [90m[1mupdate_scripts_classes[22m | Encumbrance[39m[0m
[  10% ] [90m[1mupdate_scripts_classes[22m | EquipmentState[39m[0m
[  10% ] [90m[1mupdate_scripts_classes[22m | ExtinguisherState[39m[0m
[  10% ] [90m[1mupdate_scripts_classes[22m | FieldCraftingState[39m[0m
[  10% ] [90m[1mupdate_scripts_classes[22m | FireSuppressionState[39m[0m
[  10% ] [90m[1mupdate_scripts_classes[22m | FoodState[39m[0m
[  10% ] [90m[1mupdate_scripts_classes[22m | FoodTravelPlanner[39m[0m
[  10% ] [90m[1mupdate_scripts_classes[22m | HallucinationDirector[39m[0m
[  11% ] [90m[1mupdate_scripts_classes[22m | HallucinationManager[39m[0m
[  11% ] [90m[1mupdate_scripts_classes[22m | HangarBay[39m[0m
[  11% ] [90m[1mupdate_scripts_classes[22m | HubUpgradeState[39m[0m
[  11% ] [90m[1mupdate_scripts_classes[22m | HullIntegrityState[39m[0m
[  11% ] [90m[1mupdate_scripts_classes[22m | HydroponicsState[39m[0m
[  11% ] [90m[1mupdate_scripts_classes[22m | HydroponicsWorkResolver[39m[0m
[  11% ] [90m[1mupdate_scripts_classes[22m | IntegrationMatrix[39m[0m
[  11% ] [90m[1mupdate_scripts_classes[22m | IntegrityVisualResolver[39m[0m
[  11% ] [90m[1mupdate_scripts_classes[22m | InventorySelectionModel[39m[0m
[  11% ] [90m[1mupdate_scripts_classes[22m | InventoryState[39m[0m
[  11% ] [90m[1mupdate_scripts_classes[22m | ItemDefs[39m[0m
[  11% ] [90m[1mupdate_scripts_classes[22m | JunkYieldResolver[39m[0m
[  12% ] [90m[1mupdate_scripts_classes[22m | LifeSupportState[39m[0m
[  12% ] [90m[1mupdate_scripts_classes[22m | LifeSupportSystem[39m[0m
[  12% ] [90m[1mupdate_scripts_classes[22m | LocalizationCatalog[39m[0m
[  12% ] [90m[1mupdate_scripts_classes[22m | LootDistribution[39m[0m
[  12% ] [90m[1mupdate_scripts_classes[22m | LootRoller[39m[0m
[  12% ] [90m[1mupdate_scripts_classes[22m | ManifestationPool[39m[0m
[  12% ] [90m[1mupdate_scripts_classes[22m | MarkerGenerator[39m[0m
[  12% ] [90m[1mupdate_scripts_classes[22m | MaterialState[39m[0m
[  12% ] [90m[1mupdate_scripts_classes[22m | MedicineState[39m[0m
[  12% ] [90m[1mupdate_scripts_classes[22m | MenuState[39m[0m
[  12% ] [90m[1mupdate_scripts_classes[22m | MetaEventState[39m[0m
[  13% ] [90m[1mupdate_scripts_classes[22m | MetaProgressionState[39m[0m
[  13% ] [90m[1mupdate_scripts_classes[22m | ModuleDamageRouter[39m[0m
[  13% ] [90m[1mupdate_scripts_classes[22m | ModuleIntegrityConsequences[39m[0m
[  13% ] [90m[1mupdate_scripts_classes[22m | ModuleIntegrityMap[39m[0m
[  13% ] [90m[1mupdate_scripts_classes[22m | ModuleIntegrityState[39m[0m
[  13% ] [90m[1mupdate_scripts_classes[22m | ObjectiveProgressState[39m[0m
[  13% ] [90m[1mupdate_scripts_classes[22m | OxygenState[39m[0m
[  13% ] [90m[1mupdate_scripts_classes[22m | PermadeathResolver[39m[0m
[  13% ] [90m[1mupdate_scripts_classes[22m | PhaseTimer[39m[0m
[  13% ] [90m[1mupdate_scripts_classes[22m | PillarPersistence[39m[0m
[  13% ] [90m[1mupdate_scripts_classes[22m | PlayerProgressionState[39m[0m
[  14% ] [90m[1mupdate_scripts_classes[22m | PlayerVitalsModel[39m[0m
[  14% ] [90m[1mupdate_scripts_classes[22m | PowerGridState[39m[0m
[  14% ] [90m[1mupdate_scripts_classes[22m | ProductAuditReport[39m[0m
[  14% ] [90m[1mupdate_scripts_classes[22m | PropulsionState[39m[0m
[  14% ] [90m[1mupdate_scripts_classes[22m | PropVisualBindingCatalog[39m[0m
[  14% ] [90m[1mupdate_scripts_classes[22m | QualityTierResolver[39m[0m
[  14% ] [90m[1mupdate_scripts_classes[22m | RadiationState[39m[0m
[  14% ] [90m[1mupdate_scripts_classes[22m | RarityTier[39m[0m
[  14% ] [90m[1mupdate_scripts_classes[22m | RecipeKnowledgeState[39m[0m
[  14% ] [90m[1mupdate_scripts_classes[22m | ReleaseReadinessLedger[39m[0m
[  14% ] [90m[1mupdate_scripts_classes[22m | RouteControlState[39m[0m
[  15% ] [90m[1mupdate_scripts_classes[22m | RunSnapshot[39m[0m
[  15% ] [90m[1mupdate_scripts_classes[22m | SanityState[39m[0m
[  15% ] [90m[1mupdate_scripts_classes[22m | SaveIndexState[39m[0m
[  15% ] [90m[1mupdate_scripts_classes[22m | SaveLoadService[39m[0m
[  15% ] [90m[1mupdate_scripts_classes[22m | SaveMigrationService[39m[0m
[  15% ] [90m[1mupdate_scripts_classes[22m | SaveSlotState[39m[0m
[  15% ] [90m[1mupdate_scripts_classes[22m | ScannerState[39m[0m
[  15% ] [90m[1mupdate_scripts_classes[22m | SeaGraph[39m[0m
[  15% ] [90m[1mupdate_scripts_classes[22m | SettingsState[39m[0m
[  15% ] [90m[1mupdate_scripts_classes[22m | SfxEventRouter[39m[0m
[  15% ] [90m[1mupdate_scripts_classes[22m | ShipAccessState[39m[0m
[  16% ] [90m[1mupdate_scripts_classes[22m | ShipInstance[39m[0m
[  16% ] [90m[1mupdate_scripts_classes[22m | ShipInventory[39m[0m
[  16% ] [90m[1mupdate_scripts_classes[22m | ShipMarker[39m[0m
[  16% ] [90m[1mupdate_scripts_classes[22m | ShipModificationState[39m[0m
[  16% ] [90m[1mupdate_scripts_classes[22m | ShipNavGraph[39m[0m
[  16% ] [90m[1mupdate_scripts_classes[22m | ShipOccupancy[39m[0m
[  16% ] [90m[1mupdate_scripts_classes[22m | ShipRuntime[39m[0m
[  16% ] [90m[1mupdate_scripts_classes[22m | ShipSubcomponent[39m[0m
[  16% ] [90m[1mupdate_scripts_classes[22m | ShipSystem[39m[0m
[  16% ] [90m[1mupdate_scripts_classes[22m | ShipSystemsManager[39m[0m
[  16% ] [90m[1mupdate_scripts_classes[22m | SimKeys[39m[0m
[  16% ] [90m[1mupdate_scripts_classes[22m | SkillEffectsResolver[39m[0m
[  17% ] [90m[1mupdate_scripts_classes[22m | SkillTreeState[39m[0m
[  17% ] [90m[1mupdate_scripts_classes[22m | SpatialAudioResolver[39m[0m
[  17% ] [90m[1mupdate_scripts_classes[22m | SpatialPerceptionState[39m[0m
[  17% ] [90m[1mupdate_scripts_classes[22m | SpoilageState[39m[0m
[  17% ] [90m[1mupdate_scripts_classes[22m | StationState[39m[0m
[  17% ] [90m[1mupdate_scripts_classes[22m | StatusEffectsState[39m[0m
[  17% ] [90m[1mupdate_scripts_classes[22m | StimulantState[39m[0m
[  17% ] [90m[1mupdate_scripts_classes[22m | SustenanceState[39m[0m
[  17% ] [90m[1mupdate_scripts_classes[22m | SynapticSeaWorld[39m[0m
[  17% ] [90m[1mupdate_scripts_classes[22m | ThreatAIState[39m[0m
[  17% ] [90m[1mupdate_scripts_classes[22m | ThreatManager[39m[0m
[  18% ] [90m[1mupdate_scripts_classes[22m | ThreatPathfinder[39m[0m
[  18% ] [90m[1mupdate_scripts_classes[22m | TitleSaveQuery[39m[0m
[  18% ] [90m[1mupdate_scripts_classes[22m | TooltipPayload[39m[0m
[  18% ] [90m[1mupdate_scripts_classes[22m | TooltipPresenter[39m[0m
[  18% ] [90m[1mupdate_scripts_classes[22m | TrainingEventBus[39m[0m
[  18% ] [90m[1mupdate_scripts_classes[22m | TravelController[39m[0m
[  18% ] [90m[1mupdate_scripts_classes[22m | TuningCatalog[39m[0m
[  18% ] [90m[1mupdate_scripts_classes[22m | TutorialState[39m[0m
[  18% ] [90m[1mupdate_scripts_classes[22m | UniqueItemState[39m[0m
[  18% ] [90m[1mupdate_scripts_classes[22m | UnlockRegistry[39m[0m
[  18% ] [90m[1mupdate_scripts_classes[22m | UtilityItemResolver[39m[0m
[  19% ] [90m[1mupdate_scripts_classes[22m | VitalsState[39m[0m
[  19% ] [90m[1mupdate_scripts_classes[22m | WaterRecyclerState[39m[0m
[  19% ] [90m[1mupdate_scripts_classes[22m | WebChartState[39m[0m
[  19% ] [90m[1mupdate_scripts_classes[22m | WebInfestationState[39m[0m
[  19% ] [90m[1mupdate_scripts_classes[22m | WorkActionCatalog[39m[0m
[  19% ] [90m[1mupdate_scripts_classes[22m | WorkActionChannel[39m[0m
[  19% ] [90m[1mupdate_scripts_classes[22m | WorkActionDriver[39m[0m
[  19% ] [90m[1mupdate_scripts_classes[22m | WorkActionResolver[39m[0m
[  19% ] [90m[1mupdate_scripts_classes[22m | WorkActionState[39m[0m
[  19% ] [90m[1mupdate_scripts_classes[22m | WorldSnapshot[39m[0m
[  19% ] [90m[1mupdate_scripts_classes[22m | WoundState[39m[0m
[  20% ] [90m[1mupdate_scripts_classes[22m | PlaceholderThreat2D[39m[0m
[  20% ] [90m[1mupdate_scripts_classes[22m | TopDownThreatManager[39m[0m
[  20% ] [90m[1mupdate_scripts_classes[22m | BreachSealPoint[39m[0m
[  20% ] [90m[1mupdate_scripts_classes[22m | BridgeTerminal[39m[0m
[  20% ] [90m[1mupdate_scripts_classes[22m | CargoHoldControl[39m[0m
[  20% ] [90m[1mupdate_scripts_classes[22m | CartControl[39m[0m
[  20% ] [90m[1mupdate_scripts_classes[22m | CraftingStation[39m[0m
[  20% ] [90m[1mupdate_scripts_classes[22m | DockPortBarrier[39m[0m
[  20% ] [90m[1mupdate_scripts_classes[22m | ExtinguisherRechargePort[39m[0m
[  20% ] [90m[1mupdate_scripts_classes[22m | FireSuppressionPoint[39m[0m
[  20% ] [90m[1mupdate_scripts_classes[22m | HangarBayControl[39m[0m
[  21% ] [90m[1mupdate_scripts_classes[22m | LootContainer[39m[0m
[  21% ] [90m[1mupdate_scripts_classes[22m | ProductionStation[39m[0m
[  21% ] [90m[1mupdate_scripts_classes[22m | RepairPoint[39m[0m
[  21% ] [90m[1mupdate_scripts_classes[22m | ThreatPlaceholderRenderer[39m[0m
[  21% ] [90m[1mupdate_scripts_classes[22m | ToolPickup[39m[0m
[  21% ] [90m[1mupdate_scripts_classes[22m | WorkYieldDrop[39m[0m
[  21% ] [90m[1mupdate_scripts_classes[22m | [39m[0m
[  21% ] [90m[1mupdate_scripts_classes[22m | DithartTileMapper[39m[0m
[  21% ] [90m[1mupdate_scripts_classes[22m | [39m[0m
[  21% ] [90m[1mupdate_scripts_classes[22m | HubShipBuilder[39m[0m
[  21% ] [90m[1mupdate_scripts_classes[22m | LayoutTilemapAdapter[39m[0m
[  22% ] [90m[1mupdate_scripts_classes[22m | TopDownSceneManager[39m[0m
[  22% ] [90m[1mupdate_scripts_classes[22m | TopDownTravelController[39m[0m
[  22% ] [90m[1mupdate_scripts_classes[22m | TopDownPlayableShip[39m[0m
[  22% ] [90m[1mupdate_scripts_classes[22m | AccessibilitySettings[39m[0m
[  22% ] [90m[1mupdate_scripts_classes[22m | AchievementsPanel[39m[0m
[  22% ] [90m[1mupdate_scripts_classes[22m | AudioLogPanel[39m[0m
[  22% ] [90m[1mupdate_scripts_classes[22m | AudioSettingsPanel[39m[0m
[  22% ] [90m[1mupdate_scripts_classes[22m | ChartPanel[39m[0m
[  22% ] [90m[1mupdate_scripts_classes[22m | ClassPanel[39m[0m
[  22% ] [90m[1mupdate_scripts_classes[22m | CodexPanel[39m[0m
[  22% ] [90m[1mupdate_scripts_classes[22m | CreditsScreen[39m[0m
[  22% ] [90m[1mupdate_scripts_classes[22m | HallucinationFXOverlay[39m[0m
[  23% ] [90m[1mupdate_scripts_classes[22m | HotbarPanel[39m[0m
[  23% ] [90m[1mupdate_scripts_classes[22m | HubUpgradePanel[39m[0m
[  23% ] [90m[1mupdate_scripts_classes[22m | InventoryDropZone[39m[0m
[  23% ] [90m[1mupdate_scripts_classes[22m | InventoryPanel[39m[0m
[  23% ] [90m[1mupdate_scripts_classes[22m | InventoryRow[39m[0m
[  23% ] [90m[1mupdate_scripts_classes[22m | LanguageSelector[39m[0m
[  23% ] [90m[1mupdate_scripts_classes[22m | MenuCoordinator[39m[0m
[  23% ] [90m[1mupdate_scripts_classes[22m | MenuPanel[39m[0m
[  23% ] [90m[1mupdate_scripts_classes[22m | ObjectiveTracker[39m[0m
[  23% ] [90m[1mupdate_scripts_classes[22m | PlayerVitalsPanel[39m[0m
[  23% ] [90m[1mupdate_scripts_classes[22m | RecipePickerPanel[39m[0m
[  24% ] [90m[1mupdate_scripts_classes[22m | ReleaseBadgeOverlay[39m[0m
[  24% ] [90m[1mupdate_scripts_classes[22m | RunResultsPanel[39m[0m
[  24% ] [90m[1mupdate_scripts_classes[22m | SaveLoadMenu[39m[0m
[  24% ] [90m[1mupdate_scripts_classes[22m | ScannerPanel[39m[0m
[  24% ] [90m[1mupdate_scripts_classes[22m | ShipModificationPanel[39m[0m
[  24% ] [90m[1mupdate_scripts_classes[22m | SkillTreePanel[39m[0m
[  24% ] [90m[1mupdate_scripts_classes[22m | TooltipPanel[39m[0m
[  24% ] [90m[1mupdate_scripts_classes[22m | TutorialOverlayPanel[39m[0m
[  24% ] [90m[1mupdate_scripts_classes[22m | WorkActionHudPanel[39m[0m
[  24% ] [90m[1mupdate_scripts_classes[22m | WoundsPanel[39m[0m
[  24% ] [90m[1mupdate_scripts_classes[22m | [39m[0m
[  25% ] [90m[1mupdate_scripts_classes[22m | [39m[0m
[  25% ] [90m[1mupdate_scripts_classes[22m | [39m[0m
[  25% ] [90m[1mupdate_scripts_classes[22m | [39m[0m
[  25% ] [90m[1mupdate_scripts_classes[22m | [39m[0m
[  25% ] [90m[1mupdate_scripts_classes[22m | [39m[0m
[  25% ] [90m[1mupdate_scripts_classes[22m | [39m[0m
[  25% ] [90m[1mupdate_scripts_classes[22m | [39m[0m
[  25% ] [90m[1mupdate_scripts_classes[22m | [39m[0m
[  25% ] [90m[1mupdate_scripts_classes[22m | [39m[0m
[  25% ] [90m[1mupdate_scripts_classes[22m | [39m[0m
[  25% ] [90m[1mupdate_scripts_classes[22m | [39m[0m
[  26% ] [90m[1mupdate_scripts_classes[22m | [39m[0m
[  26% ] [90m[1mupdate_scripts_classes[22m | [39m[0m
[  26% ] [90m[1mupdate_scripts_classes[22m | [39m[0m
[  26% ] [90m[1mupdate_scripts_classes[22m | [39m[0m
[  26% ] [90m[1mupdate_scripts_classes[22m | [39m[0m
[  26% ] [90m[1mupdate_scripts_classes[22m | [39m[0m
[  26% ] [90m[1mupdate_scripts_classes[22m | [39m[0m
[  26% ] [90m[1mupdate_scripts_classes[22m | [39m[0m
[  26% ] [90m[1mupdate_scripts_classes[22m | [39m[0m
[  26% ] [90m[1mupdate_scripts_classes[22m | [39m[0m
[  26% ] [90m[1mupdate_scripts_classes[22m | [39m[0m
[  27% ] [90m[1mupdate_scripts_classes[22m | [39m[0m
[  27% ] [90m[1mupdate_scripts_classes[22m | [39m[0m
[  27% ] [90m[1mupdate_scripts_classes[22m | [39m[0m
[  27% ] [90m[1mupdate_scripts_classes[22m | [39m[0m
[  27% ] [90m[1mupdate_scripts_classes[22m | [39m[0m
[  27% ] [90m[1mupdate_scripts_classes[22m | [39m[0m
[  27% ] [90m[1mupdate_scripts_classes[22m | [39m[0m
[  27% ] [90m[1mupdate_scripts_classes[22m | [39m[0m
[  27% ] [90m[1mupdate_scripts_classes[22m | [39m[0m
[  27% ] [90m[1mupdate_scripts_classes[22m | [39m[0m
[  27% ] [90m[1mupdate_scripts_classes[22m | [39m[0m
[  27% ] [90m[1mupdate_scripts_classes[22m | [39m[0m
[  28% ] [90m[1mupdate_scripts_classes[22m | [39m[0m
[  28% ] [90m[1mupdate_scripts_classes[22m | [39m[0m
[  28% ] [90m[1mupdate_scripts_classes[22m | [39m[0m
[  28% ] [90m[1mupdate_scripts_classes[22m | [39m[0m
[  28% ] [90m[1mupdate_scripts_classes[22m | [39m[0m
[  28% ] [90m[1mupdate_scripts_classes[22m | [39m[0m
[  28% ] [90m[1mupdate_scripts_classes[22m | [39m[0m
[  28% ] [90m[1mupdate_scripts_classes[22m | [39m[0m
[  28% ] [90m[1mupdate_scripts_classes[22m | [39m[0m
[  28% ] [90m[1mupdate_scripts_classes[22m | [39m[0m
[  28% ] [90m[1mupdate_scripts_classes[22m | [39m[0m
[  29% ] [90m[1mupdate_scripts_classes[22m | [39m[0m
[  29% ] [90m[1mupdate_scripts_classes[22m | [39m[0m
[  29% ] [90m[1mupdate_scripts_classes[22m | [39m[0m
[  29% ] [90m[1mupdate_scripts_classes[22m | [39m[0m
[  29% ] [90m[1mupdate_scripts_classes[22m | [39m[0m
[  29% ] [90m[1mupdate_scripts_classes[22m | [39m[0m
[  29% ] [90m[1mupdate_scripts_classes[22m | [39m[0m
[  29% ] [90m[1mupdate_scripts_classes[22m | [39m[0m
[  29% ] [90m[1mupdate_scripts_classes[22m | [39m[0m
[  29% ] [90m[1mupdate_scripts_classes[22m | [39m[0m
[  29% ] [90m[1mupdate_scripts_classes[22m | [39m[0m
[  30% ] [90m[1mupdate_scripts_classes[22m | [39m[0m
[  30% ] [90m[1mupdate_scripts_classes[22m | [39m[0m
[  30% ] [90m[1mupdate_scripts_classes[22m | [39m[0m
[  30% ] [90m[1mupdate_scripts_classes[22m | [39m[0m
[  30% ] [90m[1mupdate_scripts_classes[22m | [39m[0m
[  30% ] [90m[1mupdate_scripts_classes[22m | [39m[0m
[  30% ] [90m[1mupdate_scripts_classes[22m | [39m[0m
[  30% ] [90m[1mupdate_scripts_classes[22m | [39m[0m
[  30% ] [90m[1mupdate_scripts_classes[22m | [39m[0m
[  30% ] [90m[1mupdate_scripts_classes[22m | [39m[0m
[  30% ] [90m[1mupdate_scripts_classes[22m | [39m[0m
[  31% ] [90m[1mupdate_scripts_classes[22m | [39m[0m
[  31% ] [90m[1mupdate_scripts_classes[22m | [39m[0m
[  31% ] [90m[1mupdate_scripts_classes[22m | [39m[0m
[  31% ] [90m[1mupdate_scripts_classes[22m | [39m[0m
[  31% ] [90m[1mupdate_scripts_classes[22m | [39m[0m
[  31% ] [90m[1mupdate_scripts_classes[22m | [39m[0m
[  31% ] [90m[1mupdate_scripts_classes[22m | [39m[0m
[  31% ] [90m[1mupdate_scripts_classes[22m | [39m[0m
[  31% ] [90m[1mupdate_scripts_classes[22m | [39m[0m
[  31% ] [90m[1mupdate_scripts_classes[22m | [39m[0m
[  31% ] [90m[1mupdate_scripts_classes[22m | [39m[0m
[  32% ] [90m[1mupdate_scripts_classes[22m | [39m[0m
[  32% ] [90m[1mupdate_scripts_classes[22m | [39m[0m
[  32% ] [90m[1mupdate_scripts_classes[22m | [39m[0m
[  32% ] [90m[1mupdate_scripts_classes[22m | [39m[0m
[  32% ] [90m[1mupdate_scripts_classes[22m | [39m[0m
[  32% ] [90m[1mupdate_scripts_classes[22m | [39m[0m
[  32% ] [90m[1mupdate_scripts_classes[22m | [39m[0m
[  32% ] [90m[1mupdate_scripts_classes[22m | [39m[0m
[  32% ] [90m[1mupdate_scripts_classes[22m | [39m[0m
[  32% ] [90m[1mupdate_scripts_classes[22m | [39m[0m
[  32% ] [90m[1mupdate_scripts_classes[22m | [39m[0m
[  33% ] [90m[1mupdate_scripts_classes[22m | [39m[0m
[  33% ] [90m[1mupdate_scripts_classes[22m | [39m[0m
[  33% ] [90m[1mupdate_scripts_classes[22m | [39m[0m
[  33% ] [90m[1mupdate_scripts_classes[22m | [39m[0m
[  33% ] [90m[1mupdate_scripts_classes[22m | [39m[0m
[  33% ] [90m[1mupdate_scripts_classes[22m | [39m[0m
[  33% ] [90m[1mupdate_scripts_classes[22m | [39m[0m
[  33% ] [90m[1mupdate_scripts_classes[22m | [39m[0m
[  33% ] [90m[1mupdate_scripts_classes[22m | [39m[0m
[  33% ] [90m[1mupdate_scripts_classes[22m | [39m[0m
[  33% ] [90m[1mupdate_scripts_classes[22m | [39m[0m
[  33% ] [90m[1mupdate_scripts_classes[22m | [39m[0m
[  34% ] [90m[1mupdate_scripts_classes[22m | [39m[0m
[  34% ] [90m[1mupdate_scripts_classes[22m | [39m[0m
[  34% ] [90m[1mupdate_scripts_classes[22m | [39m[0m
[  34% ] [90m[1mupdate_scripts_classes[22m | [39m[0m
[  34% ] [90m[1mupdate_scripts_classes[22m | [39m[0m
[  34% ] [90m[1mupdate_scripts_classes[22m | [39m[0m
[  34% ] [90m[1mupdate_scripts_classes[22m | [39m[0m
[  34% ] [90m[1mupdate_scripts_classes[22m | [39m[0m
[  34% ] [90m[1mupdate_scripts_classes[22m | [39m[0m
[  34% ] [90m[1mupdate_scripts_classes[22m | [39m[0m
[  34% ] [90m[1mupdate_scripts_classes[22m | [39m[0m
[  35% ] [90m[1mupdate_scripts_classes[22m | [39m[0m
[  35% ] [90m[1mupdate_scripts_classes[22m | [39m[0m
[  35% ] [90m[1mupdate_scripts_classes[22m | [39m[0m
[  35% ] [90m[1mupdate_scripts_classes[22m | [39m[0m
[  35% ] [90m[1mupdate_scripts_classes[22m | [39m[0m
[  35% ] [90m[1mupdate_scripts_classes[22m | [39m[0m
[  35% ] [90m[1mupdate_scripts_classes[22m | [39m[0m
[  35% ] [90m[1mupdate_scripts_classes[22m | [39m[0m
[  35% ] [90m[1mupdate_scripts_classes[22m | [39m[0m
[  35% ] [90m[1mupdate_scripts_classes[22m | [39m[0m
[  35% ] [90m[1mupdate_scripts_classes[22m | [39m[0m
[  36% ] [90m[1mupdate_scripts_classes[22m | [39m[0m
[  36% ] [90m[1mupdate_scripts_classes[22m | [39m[0m
[  36% ] [90m[1mupdate_scripts_classes[22m | [39m[0m
[  36% ] [90m[1mupdate_scripts_classes[22m | [39m[0m
[  36% ] [90m[1mupdate_scripts_classes[22m | [39m[0m
[  36% ] [90m[1mupdate_scripts_classes[22m | [39m[0m
[  36% ] [90m[1mupdate_scripts_classes[22m | [39m[0m
[  36% ] [90m[1mupdate_scripts_classes[22m | [39m[0m
[  36% ] [90m[1mupdate_scripts_classes[22m | [39m[0m
[  36% ] [90m[1mupdate_scripts_classes[22m | [39m[0m
[  36% ] [90m[1mupdate_scripts_classes[22m | [39m[0m
[  37% ] [90m[1mupdate_scripts_classes[22m | [39m[0m
[  37% ] [90m[1mupdate_scripts_classes[22m | [39m[0m
[  37% ] [90m[1mupdate_scripts_classes[22m | [39m[0m
[  37% ] [90m[1mupdate_scripts_classes[22m | [39m[0m
[  37% ] [90m[1mupdate_scripts_classes[22m | [39m[0m
[  37% ] [90m[1mupdate_scripts_classes[22m | [39m[0m
[  37% ] [90m[1mupdate_scripts_classes[22m | [39m[0m
[  37% ] [90m[1mupdate_scripts_classes[22m | [39m[0m
[  37% ] [90m[1mupdate_scripts_classes[22m | [39m[0m
[  37% ] [90m[1mupdate_scripts_classes[22m | [39m[0m
[  37% ] [90m[1mupdate_scripts_classes[22m | [39m[0m
[  38% ] [90m[1mupdate_scripts_classes[22m | [39m[0m
[  38% ] [90m[1mupdate_scripts_classes[22m | [39m[0m
[  38% ] [90m[1mupdate_scripts_classes[22m | [39m[0m
[  38% ] [90m[1mupdate_scripts_classes[22m | [39m[0m
[  38% ] [90m[1mupdate_scripts_classes[22m | [39m[0m
[  38% ] [90m[1mupdate_scripts_classes[22m | [39m[0m
[  38% ] [90m[1mupdate_scripts_classes[22m | [39m[0m
[  38% ] [90m[1mupdate_scripts_classes[22m | [39m[0m
[  38% ] [90m[1mupdate_scripts_classes[22m | [39m[0m
[  38% ] [90m[1mupdate_scripts_classes[22m | [39m[0m
[  38% ] [90m[1mupdate_scripts_classes[22m | [39m[0m
[  38% ] [90m[1mupdate_scripts_classes[22m | [39m[0m
[  39% ] [90m[1mupdate_scripts_classes[22m | [39m[0m
[  39% ] [90m[1mupdate_scripts_classes[22m | [39m[0m
[  39% ] [90m[1mupdate_scripts_classes[22m | [39m[0m
[  39% ] [90m[1mupdate_scripts_classes[22m | [39m[0m
[  39% ] [90m[1mupdate_scripts_classes[22m | [39m[0m
[  39% ] [90m[1mupdate_scripts_classes[22m | [39m[0m
[  39% ] [90m[1mupdate_scripts_classes[22m | [39m[0m
[  39% ] [90m[1mupdate_scripts_classes[22m | [39m[0m
[  39% ] [90m[1mupdate_scripts_classes[22m | [39m[0m
[  39% ] [90m[1mupdate_scripts_classes[22m | [39m[0m
[  39% ] [90m[1mupdate_scripts_classes[22m | [39m[0m
[  40% ] [90m[1mupdate_scripts_classes[22m | [39m[0m
[  40% ] [90m[1mupdate_scripts_classes[22m | [39m[0m
[  40% ] [90m[1mupdate_scripts_classes[22m | [39m[0m
[  40% ] [90m[1mupdate_scripts_classes[22m | [39m[0m
[  40% ] [90m[1mupdate_scripts_classes[22m | [39m[0m
[  40% ] [90m[1mupdate_scripts_classes[22m | [39m[0m
[  40% ] [90m[1mupdate_scripts_classes[22m | [39m[0m
[  40% ] [90m[1mupdate_scripts_classes[22m | [39m[0m
[  40% ] [90m[1mupdate_scripts_classes[22m | [39m[0m
[  40% ] [90m[1mupdate_scripts_classes[22m | [39m[0m
[  40% ] [90m[1mupdate_scripts_classes[22m | [39m[0m
[  41% ] [90m[1mupdate_scripts_classes[22m | [39m[0m
[  41% ] [90m[1mupdate_scripts_classes[22m | [39m[0m
[  41% ] [90m[1mupdate_scripts_classes[22m | [39m[0m
[  41% ] [90m[1mupdate_scripts_classes[22m | [39m[0m
[  41% ] [90m[1mupdate_scripts_classes[22m | [39m[0m
[  41% ] [90m[1mupdate_scripts_classes[22m | [39m[0m
[  41% ] [90m[1mupdate_scripts_classes[22m | [39m[0m
[  41% ] [90m[1mupdate_scripts_classes[22m | [39m[0m
[  41% ] [90m[1mupdate_scripts_classes[22m | [39m[0m
[  41% ] [90m[1mupdate_scripts_classes[22m | [39m[0m
[  41% ] [90m[1mupdate_scripts_classes[22m | [39m[0m
[  42% ] [90m[1mupdate_scripts_classes[22m | [39m[0m
[  42% ] [90m[1mupdate_scripts_classes[22m | [39m[0m
[  42% ] [90m[1mupdate_scripts_classes[22m | [39m[0m
[  42% ] [90m[1mupdate_scripts_classes[22m | [39m[0m
[  42% ] [90m[1mupdate_scripts_classes[22m | [39m[0m
[  42% ] [90m[1mupdate_scripts_classes[22m | [39m[0m
[  42% ] [90m[1mupdate_scripts_classes[22m | [39m[0m
[  42% ] [90m[1mupdate_scripts_classes[22m | [39m[0m
[  42% ] [90m[1mupdate_scripts_classes[22m | [39m[0m
[  42% ] [90m[1mupdate_scripts_classes[22m | [39m[0m
[  42% ] [90m[1mupdate_scripts_classes[22m | [39m[0m
[  43% ] [90m[1mupdate_scripts_classes[22m | [39m[0m
[  43% ] [90m[1mupdate_scripts_classes[22m | [39m[0m
[  43% ] [90m[1mupdate_scripts_classes[22m | [39m[0m
[  43% ] [90m[1mupdate_scripts_classes[22m | [39m[0m
[  43% ] [90m[1mupdate_scripts_classes[22m | [39m[0m
[  43% ] [90m[1mupdate_scripts_classes[22m | [39m[0m
[  43% ] [90m[1mupdate_scripts_classes[22m | [39m[0m
[  43% ] [90m[1mupdate_scripts_classes[22m | [39m[0m
[  43% ] [90m[1mupdate_scripts_classes[22m | [39m[0m
[  43% ] [90m[1mupdate_scripts_classes[22m | [39m[0m
[  43% ] [90m[1mupdate_scripts_classes[22m | [39m[0m
[  44% ] [90m[1mupdate_scripts_classes[22m | [39m[0m
[  44% ] [90m[1mupdate_scripts_classes[22m | [39m[0m
[  44% ] [90m[1mupdate_scripts_classes[22m | [39m[0m
[  44% ] [90m[1mupdate_scripts_classes[22m | [39m[0m
[  44% ] [90m[1mupdate_scripts_classes[22m | [39m[0m
[  44% ] [90m[1mupdate_scripts_classes[22m | [39m[0m
[  44% ] [90m[1mupdate_scripts_classes[22m | [39m[0m
[  44% ] [90m[1mupdate_scripts_classes[22m | [39m[0m
[  44% ] [90m[1mupdate_scripts_classes[22m | [39m[0m
[  44% ] [90m[1mupdate_scripts_classes[22m | [39m[0m
[  44% ] [90m[1mupdate_scripts_classes[22m | [39m[0m
[  44% ] [90m[1mupdate_scripts_classes[22m | [39m[0m
[  45% ] [90m[1mupdate_scripts_classes[22m | [39m[0m
[  45% ] [90m[1mupdate_scripts_classes[22m | [39m[0m
[  45% ] [90m[1mupdate_scripts_classes[22m | [39m[0m
[  45% ] [90m[1mupdate_scripts_classes[22m | [39m[0m
[  45% ] [90m[1mupdate_scripts_classes[22m | [39m[0m
[  45% ] [90m[1mupdate_scripts_classes[22m | [39m[0m
[  45% ] [90m[1mupdate_scripts_classes[22m | [39m[0m
[  45% ] [90m[1mupdate_scripts_classes[22m | [39m[0m
[  45% ] [90m[1mupdate_scripts_classes[22m | [39m[0m
[  45% ] [90m[1mupdate_scripts_classes[22m | [39m[0m
[  45% ] [90m[1mupdate_scripts_classes[22m | [39m[0m
[  46% ] [90m[1mupdate_scripts_classes[22m | [39m[0m
[  46% ] [90m[1mupdate_scripts_classes[22m | [39m[0m
[  46% ] [90m[1mupdate_scripts_classes[22m | [39m[0m
[  46% ] [90m[1mupdate_scripts_classes[22m | [39m[0m
[  46% ] [90m[1mupdate_scripts_classes[22m | [39m[0m
[  46% ] [90m[1mupdate_scripts_classes[22m | [39m[0m
[  46% ] [90m[1mupdate_scripts_classes[22m | [39m[0m
[  46% ] [90m[1mupdate_scripts_classes[22m | [39m[0m
[  46% ] [90m[1mupdate_scripts_classes[22m | [39m[0m
[  46% ] [90m[1mupdate_scripts_classes[22m | [39m[0m
[  46% ] [90m[1mupdate_scripts_classes[22m | [39m[0m
[  47% ] [90m[1mupdate_scripts_classes[22m | [39m[0m
[  47% ] [90m[1mupdate_scripts_classes[22m | [39m[0m
[  47% ] [90m[1mupdate_scripts_classes[22m | [39m[0m
[  47% ] [90m[1mupdate_scripts_classes[22m | [39m[0m
[  47% ] [90m[1mupdate_scripts_classes[22m | [39m[0m
[  47% ] [90m[1mupdate_scripts_classes[22m | [39m[0m
[  47% ] [90m[1mupdate_scripts_classes[22m | [39m[0m
[  47% ] [90m[1mupdate_scripts_classes[22m | [39m[0m
[  47% ] [90m[1mupdate_scripts_classes[22m | [39m[0m
[  47% ] [90m[1mupdate_scripts_classes[22m | [39m[0m
[  47% ] [90m[1mupdate_scripts_classes[22m | [39m[0m
[  48% ] [90m[1mupdate_scripts_classes[22m | [39m[0m
[  48% ] [90m[1mupdate_scripts_classes[22m | [39m[0m
[  48% ] [90m[1mupdate_scripts_classes[22m | [39m[0m
[  48% ] [90m[1mupdate_scripts_classes[22m | [39m[0m
[  48% ] [90m[1mupdate_scripts_classes[22m | [39m[0m
[  48% ] [90m[1mupdate_scripts_classes[22m | [39m[0m
[  48% ] [90m[1mupdate_scripts_classes[22m | [39m[0m
[  48% ] [90m[1mupdate_scripts_classes[22m | [39m[0m
[  48% ] [90m[1mupdate_scripts_classes[22m | [39m[0m
[  48% ] [90m[1mupdate_scripts_classes[22m | [39m[0m
[  48% ] [90m[1mupdate_scripts_classes[22m | [39m[0m
[  49% ] [90m[1mupdate_scripts_classes[22m | [39m[0m
[  49% ] [90m[1mupdate_scripts_classes[22m | [39m[0m
[  49% ] [90m[1mupdate_scripts_classes[22m | [39m[0m
[  49% ] [90m[1mupdate_scripts_classes[22m | [39m[0m
[  49% ] [90m[1mupdate_scripts_classes[22m | [39m[0m
[  49% ] [90m[1mupdate_scripts_classes[22m | [39m[0m
[  49% ] [90m[1mupdate_scripts_classes[22m | [39m[0m
[  49% ] [90m[1mupdate_scripts_classes[22m | [39m[0m
[  49% ] [90m[1mupdate_scripts_classes[22m | [39m[0m
[  49% ] [90m[1mupdate_scripts_classes[22m | [39m[0m
[  49% ] [90m[1mupdate_scripts_classes[22m | [39m[0m
[  50% ] [90m[1mupdate_scripts_classes[22m | [39m[0m
[  50% ] [90m[1mupdate_scripts_classes[22m | [39m[0m
[  50% ] [90m[1mupdate_scripts_classes[22m | [39m[0m
[  50% ] [90m[1mupdate_scripts_classes[22m | [39m[0m
[  50% ] [90m[1mupdate_scripts_classes[22m | [39m[0m
[  50% ] [90m[1mupdate_scripts_classes[22m | [39m[0m
[  50% ] [90m[1mupdate_scripts_classes[22m | [39m[0m
[  50% ] [90m[1mupdate_scripts_classes[22m | [39m[0m
[  50% ] [90m[1mupdate_scripts_classes[22m | [39m[0m
[  50% ] [90m[1mupdate_scripts_classes[22m | [39m[0m
[  50% ] [90m[1mupdate_scripts_classes[22m | [39m[0m
[  50% ] [90m[1mupdate_scripts_classes[22m | [39m[0m
[  51% ] [90m[1mupdate_scripts_classes[22m | [39m[0m
[  51% ] [90m[1mupdate_scripts_classes[22m | [39m[0m
[  51% ] [90m[1mupdate_scripts_classes[22m | [39m[0m
[  51% ] [90m[1mupdate_scripts_classes[22m | [39m[0m
[  51% ] [90m[1mupdate_scripts_classes[22m | [39m[0m
[  51% ] [90m[1mupdate_scripts_classes[22m | [39m[0m
[  51% ] [90m[1mupdate_scripts_classes[22m | [39m[0m
[  51% ] [90m[1mupdate_scripts_classes[22m | [39m[0m
[  51% ] [90m[1mupdate_scripts_classes[22m | [39m[0m
[  51% ] [90m[1mupdate_scripts_classes[22m | [39m[0m
[  51% ] [90m[1mupdate_scripts_classes[22m | [39m[0m
[  52% ] [90m[1mupdate_scripts_classes[22m | [39m[0m
[  52% ] [90m[1mupdate_scripts_classes[22m | [39m[0m
[  52% ] [90m[1mupdate_scripts_classes[22m | [39m[0m
[  52% ] [90m[1mupdate_scripts_classes[22m | [39m[0m
[  52% ] [90m[1mupdate_scripts_classes[22m | [39m[0m
[  52% ] [90m[1mupdate_scripts_classes[22m | [39m[0m
[  52% ] [90m[1mupdate_scripts_classes[22m | [39m[0m
[  52% ] [90m[1mupdate_scripts_classes[22m | [39m[0m
[  52% ] [90m[1mupdate_scripts_classes[22m | [39m[0m
[  52% ] [90m[1mupdate_scripts_classes[22m | [39m[0m
[  52% ] [90m[1mupdate_scripts_classes[22m | [39m[0m
[  53% ] [90m[1mupdate_scripts_classes[22m | [39m[0m
[  53% ] [90m[1mupdate_scripts_classes[22m | [39m[0m
[  53% ] [90m[1mupdate_scripts_classes[22m | [39m[0m
[  53% ] [90m[1mupdate_scripts_classes[22m | [39m[0m
[  53% ] [90m[1mupdate_scripts_classes[22m | [39m[0m
[  53% ] [90m[1mupdate_scripts_classes[22m | [39m[0m
[  53% ] [90m[1mupdate_scripts_classes[22m | [39m[0m
[  53% ] [90m[1mupdate_scripts_classes[22m | [39m[0m
[  53% ] [90m[1mupdate_scripts_classes[22m | [39m[0m
[  53% ] [90m[1mupdate_scripts_classes[22m | [39m[0m
[  53% ] [90m[1mupdate_scripts_classes[22m | [39m[0m
[  54% ] [90m[1mupdate_scripts_classes[22m | [39m[0m
[  54% ] [90m[1mupdate_scripts_classes[22m | [39m[0m
[  54% ] [90m[1mupdate_scripts_classes[22m | [39m[0m
[  54% ] [90m[1mupdate_scripts_classes[22m | [39m[0m
[  54% ] [90m[1mupdate_scripts_classes[22m | [39m[0m
[  54% ] [90m[1mupdate_scripts_classes[22m | [39m[0m
[  54% ] [90m[1mupdate_scripts_classes[22m | [39m[0m
[  54% ] [90m[1mupdate_scripts_classes[22m | [39m[0m
[  54% ] [90m[1mupdate_scripts_classes[22m | [39m[0m
[  54% ] [90m[1mupdate_scripts_classes[22m | [39m[0m
[  54% ] [90m[1mupdate_scripts_classes[22m | [39m[0m
[  55% ] [90m[1mupdate_scripts_classes[22m | [39m[0m
[  55% ] [90m[1mupdate_scripts_classes[22m | [39m[0m
[  55% ] [90m[1mupdate_scripts_classes[22m | [39m[0m
[  55% ] [90m[1mupdate_scripts_classes[22m | [39m[0m
[  55% ] [90m[1mupdate_scripts_classes[22m | [39m[0m
[  55% ] [90m[1mupdate_scripts_classes[22m | [39m[0m
[  55% ] [90m[1mupdate_scripts_classes[22m | [39m[0m
[  55% ] [90m[1mupdate_scripts_classes[22m | [39m[0m
[  55% ] [90m[1mupdate_scripts_classes[22m | [39m[0m
[  55% ] [90m[1mupdate_scripts_classes[22m | [39m[0m
[  55% ] [90m[1mupdate_scripts_classes[22m | [39m[0m
[  55% ] [90m[1mupdate_scripts_classes[22m | [39m[0m
[  56% ] [90m[1mupdate_scripts_classes[22m | [39m[0m
[  56% ] [90m[1mupdate_scripts_classes[22m | [39m[0m
[  56% ] [90m[1mupdate_scripts_classes[22m | [39m[0m
[  56% ] [90m[1mupdate_scripts_classes[22m | [39m[0m
[  56% ] [90m[1mupdate_scripts_classes[22m | [39m[0m
[  56% ] [90m[1mupdate_scripts_classes[22m | [39m[0m
[  56% ] [90m[1mupdate_scripts_classes[22m | [39m[0m
[  56% ] [90m[1mupdate_scripts_classes[22m | [39m[0m
[  56% ] [90m[1mupdate_scripts_classes[22m | [39m[0m
[  56% ] [90m[1mupdate_scripts_classes[22m | [39m[0m
[  56% ] [90m[1mupdate_scripts_classes[22m | [39m[0m
[  57% ] [90m[1mupdate_scripts_classes[22m | [39m[0m
[  57% ] [90m[1mupdate_scripts_classes[22m | [39m[0m
[  57% ] [90m[1mupdate_scripts_classes[22m | [39m[0m
[  57% ] [90m[1mupdate_scripts_classes[22m | [39m[0m
[  57% ] [90m[1mupdate_scripts_classes[22m | [39m[0m
[  57% ] [90m[1mupdate_scripts_classes[22m | [39m[0m
[  57% ] [90m[1mupdate_scripts_classes[22m | [39m[0m
[  57% ] [90m[1mupdate_scripts_classes[22m | [39m[0m
[  57% ] [90m[1mupdate_scripts_classes[22m | [39m[0m
[  57% ] [90m[1mupdate_scripts_classes[22m | [39m[0m
[  57% ] [90m[1mupdate_scripts_classes[22m | [39m[0m
[  58% ] [90m[1mupdate_scripts_classes[22m | [39m[0m
[  58% ] [90m[1mupdate_scripts_classes[22m | [39m[0m
[  58% ] [90m[1mupdate_scripts_classes[22m | [39m[0m
[  58% ] [90m[1mupdate_scripts_classes[22m | [39m[0m
[  58% ] [90m[1mupdate_scripts_classes[22m | [39m[0m
[  58% ] [90m[1mupdate_scripts_classes[22m | [39m[0m
[  58% ] [90m[1mupdate_scripts_classes[22m | [39m[0m
[  58% ] [90m[1mupdate_scripts_classes[22m | [39m[0m
[  58% ] [90m[1mupdate_scripts_classes[22m | [39m[0m
[  58% ] [90m[1mupdate_scripts_classes[22m | [39m[0m
[  58% ] [90m[1mupdate_scripts_classes[22m | [39m[0m
[  59% ] [90m[1mupdate_scripts_classes[22m | [39m[0m
[  59% ] [90m[1mupdate_scripts_classes[22m | [39m[0m
[  59% ] [90m[1mupdate_scripts_classes[22m | [39m[0m
[  59% ] [90m[1mupdate_scripts_classes[22m | [39m[0m
[  59% ] [90m[1mupdate_scripts_classes[22m | [39m[0m
[  59% ] [90m[1mupdate_scripts_classes[22m | [39m[0m
[  59% ] [90m[1mupdate_scripts_classes[22m | [39m[0m
[  59% ] [90m[1mupdate_scripts_classes[22m | [39m[0m
[  59% ] [90m[1mupdate_scripts_classes[22m | [39m[0m
[  59% ] [90m[1mupdate_scripts_classes[22m | [39m[0m
[  59% ] [90m[1mupdate_scripts_classes[22m | [39m[0m
[  60% ] [90m[1mupdate_scripts_classes[22m | [39m[0m
[  60% ] [90m[1mupdate_scripts_classes[22m | [39m[0m
[  60% ] [90m[1mupdate_scripts_classes[22m | [39m[0m
[  60% ] [90m[1mupdate_scripts_classes[22m | [39m[0m
[  60% ] [90m[1mupdate_scripts_classes[22m | [39m[0m
[  60% ] [90m[1mupdate_scripts_classes[22m | [39m[0m
[  60% ] [90m[1mupdate_scripts_classes[22m | [39m[0m
[  60% ] [90m[1mupdate_scripts_classes[22m | [39m[0m
[  60% ] [90m[1mupdate_scripts_classes[22m | [39m[0m
[  60% ] [90m[1mupdate_scripts_classes[22m | [39m[0m
[  60% ] [90m[1mupdate_scripts_classes[22m | [39m[0m
[  61% ] [90m[1mupdate_scripts_classes[22m | [39m[0m
[  61% ] [90m[1mupdate_scripts_classes[22m | [39m[0m
[  61% ] [90m[1mupdate_scripts_classes[22m | [39m[0m
[  61% ] [90m[1mupdate_scripts_classes[22m | [39m[0m
[  61% ] [90m[1mupdate_scripts_classes[22m | [39m[0m
[  61% ] [90m[1mupdate_scripts_classes[22m | [39m[0m
[  61% ] [90m[1mupdate_scripts_classes[22m | [39m[0m
[  61% ] [90m[1mupdate_scripts_classes[22m | [39m[0m
[  61% ] [90m[1mupdate_scripts_classes[22m | [39m[0m
[  61% ] [90m[1mupdate_scripts_classes[22m | [39m[0m
[  61% ] [90m[1mupdate_scripts_classes[22m | [39m[0m
[  61% ] [90m[1mupdate_scripts_classes[22m | [39m[0m
[  62% ] [90m[1mupdate_scripts_classes[22m | [39m[0m
[  62% ] [90m[1mupdate_scripts_classes[22m | [39m[0m
[  62% ] [90m[1mupdate_scripts_classes[22m | [39m[0m
[  62% ] [90m[1mupdate_scripts_classes[22m | [39m[0m
[  62% ] [90m[1mupdate_scripts_classes[22m | [39m[0m
[  62% ] [90m[1mupdate_scripts_classes[22m | [39m[0m
[  62% ] [90m[1mupdate_scripts_classes[22m | [39m[0m
[  62% ] [90m[1mupdate_scripts_classes[22m | [39m[0m
[  62% ] [90m[1mupdate_scripts_classes[22m | [39m[0m
[  62% ] [90m[1mupdate_scripts_classes[22m | [39m[0m
[  62% ] [90m[1mupdate_scripts_classes[22m | [39m[0m
[  63% ] [90m[1mupdate_scripts_classes[22m | [39m[0m
[  63% ] [90m[1mupdate_scripts_classes[22m | [39m[0m
[  63% ] [90m[1mupdate_scripts_classes[22m | [39m[0m
[  63% ] [90m[1mupdate_scripts_classes[22m | [39m[0m
[  63% ] [90m[1mupdate_scripts_classes[22m | [39m[0m
[  63% ] [90m[1mupdate_scripts_classes[22m | [39m[0m
[  63% ] [90m[1mupdate_scripts_classes[22m | [39m[0m
[  63% ] [90m[1mupdate_scripts_classes[22m | [39m[0m
[  63% ] [90m[1mupdate_scripts_classes[22m | [39m[0m
[  63% ] [90m[1mupdate_scripts_classes[22m | [39m[0m
[  63% ] [90m[1mupdate_scripts_classes[22m | [39m[0m
[  64% ] [90m[1mupdate_scripts_classes[22m | [39m[0m
[  64% ] [90m[1mupdate_scripts_classes[22m | [39m[0m
[  64% ] [90m[1mupdate_scripts_classes[22m | [39m[0m
[  64% ] [90m[1mupdate_scripts_classes[22m | [39m[0m
[  64% ] [90m[1mupdate_scripts_classes[22m | [39m[0m
[  64% ] [90m[1mupdate_scripts_classes[22m | [39m[0m
[  64% ] [90m[1mupdate_scripts_classes[22m | [39m[0m
[  64% ] [90m[1mupdate_scripts_classes[22m | [39m[0m
[  64% ] [90m[1mupdate_scripts_classes[22m | [39m[0m
[  64% ] [90m[1mupdate_scripts_classes[22m | [39m[0m
[  64% ] [90m[1mupdate_scripts_classes[22m | [39m[0m
[  65% ] [90m[1mupdate_scripts_classes[22m | [39m[0m
[  65% ] [90m[1mupdate_scripts_classes[22m | [39m[0m
[  65% ] [90m[1mupdate_scripts_classes[22m | [39m[0m
[  65% ] [90m[1mupdate_scripts_classes[22m | [39m[0m
[  65% ] [90m[1mupdate_scripts_classes[22m | [39m[0m
[  65% ] [90m[1mupdate_scripts_classes[22m | [39m[0m
[  65% ] [90m[1mupdate_scripts_classes[22m | [39m[0m
[  65% ] [90m[1mupdate_scripts_classes[22m | [39m[0m
[  65% ] [90m[1mupdate_scripts_classes[22m | [39m[0m
[  65% ] [90m[1mupdate_scripts_classes[22m | [39m[0m
[  65% ] [90m[1mupdate_scripts_classes[22m | [39m[0m
[  66% ] [90m[1mupdate_scripts_classes[22m | [39m[0m
[  66% ] [90m[1mupdate_scripts_classes[22m | [39m[0m
[  66% ] [90m[1mupdate_scripts_classes[22m | [39m[0m
[  66% ] [90m[1mupdate_scripts_classes[22m | [39m[0m
[  66% ] [90m[1mupdate_scripts_classes[22m | [39m[0m
[  66% ] [90m[1mupdate_scripts_classes[22m | [39m[0m
[  66% ] [90m[1mupdate_scripts_classes[22m | [39m[0m
[  66% ] [90m[1mupdate_scripts_classes[22m | [39m[0m
[  66% ] [90m[1mupdate_scripts_classes[22m | [39m[0m
[  66% ] [90m[1mupdate_scripts_classes[22m | [39m[0m
[  66% ] [90m[1mupdate_scripts_classes[22m | [39m[0m
[  66% ] [90m[1mupdate_scripts_classes[22m | [39m[0m
[  67% ] [90m[1mupdate_scripts_classes[22m | [39m[0m
[  67% ] [90m[1mupdate_scripts_classes[22m | [39m[0m
[  67% ] [90m[1mupdate_scripts_classes[22m | [39m[0m
[  67% ] [90m[1mupdate_scripts_classes[22m | [39m[0m
[  67% ] [90m[1mupdate_scripts_classes[22m | [39m[0m
[  67% ] [90m[1mupdate_scripts_classes[22m | [39m[0m
[  67% ] [90m[1mupdate_scripts_classes[22m | [39m[0m
[  67% ] [90m[1mupdate_scripts_classes[22m | [39m[0m
[  67% ] [90m[1mupdate_scripts_classes[22m | [39m[0m
[  67% ] [90m[1mupdate_scripts_classes[22m | [39m[0m
[  67% ] [90m[1mupdate_scripts_classes[22m | [39m[0m
[  68% ] [90m[1mupdate_scripts_classes[22m | [39m[0m
[  68% ] [90m[1mupdate_scripts_classes[22m | [39m[0m
[  68% ] [90m[1mupdate_scripts_classes[22m | [39m[0m
[  68% ] [90m[1mupdate_scripts_classes[22m | [39m[0m
[  68% ] [90m[1mupdate_scripts_classes[22m | [39m[0m
[  68% ] [90m[1mupdate_scripts_classes[22m | [39m[0m
[  68% ] [90m[1mupdate_scripts_classes[22m | [39m[0m
[  68% ] [90m[1mupdate_scripts_classes[22m | [39m[0m
[  68% ] [90m[1mupdate_scripts_classes[22m | [39m[0m
[  68% ] [90m[1mupdate_scripts_classes[22m | [39m[0m
[  68% ] [90m[1mupdate_scripts_classes[22m | [39m[0m
[  69% ] [90m[1mupdate_scripts_classes[22m | [39m[0m
[  69% ] [90m[1mupdate_scripts_classes[22m | [39m[0m
[  69% ] [90m[1mupdate_scripts_classes[22m | [39m[0m
[  69% ] [90m[1mupdate_scripts_classes[22m | [39m[0m
[  69% ] [90m[1mupdate_scripts_classes[22m | [39m[0m
[  69% ] [90m[1mupdate_scripts_classes[22m | [39m[0m
[  69% ] [90m[1mupdate_scripts_classes[22m | [39m[0m
[  69% ] [90m[1mupdate_scripts_classes[22m | [39m[0m
[  69% ] [90m[1mupdate_scripts_classes[22m | [39m[0m
[  69% ] [90m[1mupdate_scripts_classes[22m | [39m[0m
[  69% ] [90m[1mupdate_scripts_classes[22m | [39m[0m
[  70% ] [90m[1mupdate_scripts_classes[22m | [39m[0m
[  70% ] [90m[1mupdate_scripts_classes[22m | [39m[0m
[  70% ] [90m[1mupdate_scripts_classes[22m | [39m[0m
[  70% ] [90m[1mupdate_scripts_classes[22m | [39m[0m
[  70% ] [90m[1mupdate_scripts_classes[22m | [39m[0m
[  70% ] [90m[1mupdate_scripts_classes[22m | [39m[0m
[  70% ] [90m[1mupdate_scripts_classes[22m | [39m[0m
[  70% ] [90m[1mupdate_scripts_classes[22m | [39m[0m
[  70% ] [90m[1mupdate_scripts_classes[22m | [39m[0m
[  70% ] [90m[1mupdate_scripts_classes[22m | [39m[0m
[  70% ] [90m[1mupdate_scripts_classes[22m | [39m[0m
[  71% ] [90m[1mupdate_scripts_classes[22m | [39m[0m
[  71% ] [90m[1mupdate_scripts_classes[22m | [39m[0m
[  71% ] [90m[1mupdate_scripts_classes[22m | [39m[0m
[  71% ] [90m[1mupdate_scripts_classes[22m | [39m[0m
[  71% ] [90m[1mupdate_scripts_classes[22m | [39m[0m
[  71% ] [90m[1mupdate_scripts_classes[22m | [39m[0m
[  71% ] [90m[1mupdate_scripts_classes[22m | [39m[0m
[  71% ] [90m[1mupdate_scripts_classes[22m | [39m[0m
[  71% ] [90m[1mupdate_scripts_classes[22m | [39m[0m
[  71% ] [90m[1mupdate_scripts_classes[22m | [39m[0m
[  71% ] [90m[1mupdate_scripts_classes[22m | [39m[0m
[  72% ] [90m[1mupdate_scripts_classes[22m | [39m[0m
[  72% ] [90m[1mupdate_scripts_classes[22m | [39m[0m
[  72% ] [90m[1mupdate_scripts_classes[22m | [39m[0m
[  72% ] [90m[1mupdate_scripts_classes[22m | [39m[0m
[  72% ] [90m[1mupdate_scripts_classes[22m | [39m[0m
[  72% ] [90m[1mupdate_scripts_classes[22m | [39m[0m
[  72% ] [90m[1mupdate_scripts_classes[22m | [39m[0m
[  72% ] [90m[1mupdate_scripts_classes[22m | [39m[0m
[  72% ] [90m[1mupdate_scripts_classes[22m | [39m[0m
[  72% ] [90m[1mupdate_scripts_classes[22m | [39m[0m
[  72% ] [90m[1mupdate_scripts_classes[22m | [39m[0m
[  72% ] [90m[1mupdate_scripts_classes[22m | [39m[0m
[  73% ] [90m[1mupdate_scripts_classes[22m | [39m[0m
[  73% ] [90m[1mupdate_scripts_classes[22m | [39m[0m
[  73% ] [90m[1mupdate_scripts_classes[22m | [39m[0m
[  73% ] [90m[1mupdate_scripts_classes[22m | [39m[0m
[  73% ] [90m[1mupdate_scripts_classes[22m | [39m[0m
[  73% ] [90m[1mupdate_scripts_classes[22m | [39m[0m
[  73% ] [90m[1mupdate_scripts_classes[22m | [39m[0m
[  73% ] [90m[1mupdate_scripts_classes[22m | [39m[0m
[  73% ] [90m[1mupdate_scripts_classes[22m | [39m[0m
[  73% ] [90m[1mupdate_scripts_classes[22m | [39m[0m
[  73% ] [90m[1mupdate_scripts_classes[22m | [39m[0m
[  74% ] [90m[1mupdate_scripts_classes[22m | [39m[0m
[  74% ] [90m[1mupdate_scripts_classes[22m | [39m[0m
[  74% ] [90m[1mupdate_scripts_classes[22m | [39m[0m
[  74% ] [90m[1mupdate_scripts_classes[22m | [39m[0m
[  74% ] [90m[1mupdate_scripts_classes[22m | [39m[0m
[  74% ] [90m[1mupdate_scripts_classes[22m | [39m[0m
[  74% ] [90m[1mupdate_scripts_classes[22m | [39m[0m
[  74% ] [90m[1mupdate_scripts_classes[22m | [39m[0m
[  74% ] [90m[1mupdate_scripts_classes[22m | [39m[0m
[  74% ] [90m[1mupdate_scripts_classes[22m | [39m[0m
[  74% ] [90m[1mupdate_scripts_classes[22m | [39m[0m
[  75% ] [90m[1mupdate_scripts_classes[22m | [39m[0m
[  75% ] [90m[1mupdate_scripts_classes[22m | [39m[0m
[  75% ] [90m[1mupdate_scripts_classes[22m | [39m[0m
[  75% ] [90m[1mupdate_scripts_classes[22m | [39m[0m
[  75% ] [90m[1mupdate_scripts_classes[22m | [39m[0m
[  75% ] [90m[1mupdate_scripts_classes[22m | [39m[0m
[  75% ] [90m[1mupdate_scripts_classes[22m | [39m[0m
[  75% ] [90m[1mupdate_scripts_classes[22m | [39m[0m
[  75% ] [90m[1mupdate_scripts_classes[22m | [39m[0m
[  75% ] [90m[1mupdate_scripts_classes[22m | [39m[0m
[  75% ] [90m[1mupdate_scripts_classes[22m | [39m[0m
[  76% ] [90m[1mupdate_scripts_classes[22m | [39m[0m
[  76% ] [90m[1mupdate_scripts_classes[22m | [39m[0m
[  76% ] [90m[1mupdate_scripts_classes[22m | [39m[0m
[  76% ] [90m[1mupdate_scripts_classes[22m | [39m[0m
[  76% ] [90m[1mupdate_scripts_classes[22m | [39m[0m
[  76% ] [90m[1mupdate_scripts_classes[22m | [39m[0m
[  76% ] [90m[1mupdate_scripts_classes[22m | [39m[0m
[  76% ] [90m[1mupdate_scripts_classes[22m | [39m[0m
[  76% ] [90m[1mupdate_scripts_classes[22m | [39m[0m
[  76% ] [90m[1mupdate_scripts_classes[22m | [39m[0m
[  76% ] [90m[1mupdate_scripts_classes[22m | [39m[0m
[  77% ] [90m[1mupdate_scripts_classes[22m | [39m[0m
[  77% ] [90m[1mupdate_scripts_classes[22m | [39m[0m
[  77% ] [90m[1mupdate_scripts_classes[22m | [39m[0m
[  77% ] [90m[1mupdate_scripts_classes[22m | [39m[0m
[  77% ] [90m[1mupdate_scripts_classes[22m | [39m[0m
[  77% ] [90m[1mupdate_scripts_classes[22m | [39m[0m
[  77% ] [90m[1mupdate_scripts_classes[22m | [39m[0m
[  77% ] [90m[1mupdate_scripts_classes[22m | [39m[0m
[  77% ] [90m[1mupdate_scripts_classes[22m | [39m[0m
[  77% ] [90m[1mupdate_scripts_classes[22m | [39m[0m
[  77% ] [90m[1mupdate_scripts_classes[22m | [39m[0m
[  77% ] [90m[1mupdate_scripts_classes[22m | [39m[0m
[  78% ] [90m[1mupdate_scripts_classes[22m | [39m[0m
[  78% ] [90m[1mupdate_scripts_classes[22m | [39m[0m
[  78% ] [90m[1mupdate_scripts_classes[22m | [39m[0m
[  78% ] [90m[1mupdate_scripts_classes[22m | [39m[0m
[  78% ] [90m[1mupdate_scripts_classes[22m | [39m[0m
[  78% ] [90m[1mupdate_scripts_classes[22m | [39m[0m
[  78% ] [90m[1mupdate_scripts_classes[22m | [39m[0m
[  78% ] [90m[1mupdate_scripts_classes[22m | [39m[0m
[  78% ] [90m[1mupdate_scripts_classes[22m | [39m[0m
[  78% ] [90m[1mupdate_scripts_classes[22m | [39m[0m
[  78% ] [90m[1mupdate_scripts_classes[22m | [39m[0m
[  79% ] [90m[1mupdate_scripts_classes[22m | [39m[0m
[  79% ] [90m[1mupdate_scripts_classes[22m | [39m[0m
[  79% ] [90m[1mupdate_scripts_classes[22m | [39m[0m
[  79% ] [90m[1mupdate_scripts_classes[22m | [39m[0m
[  79% ] [90m[1mupdate_scripts_classes[22m | [39m[0m
[  79% ] [90m[1mupdate_scripts_classes[22m | [39m[0m
[  79% ] [90m[1mupdate_scripts_classes[22m | [39m[0m
[  79% ] [90m[1mupdate_scripts_classes[22m | [39m[0m
[  79% ] [90m[1mupdate_scripts_classes[22m | [39m[0m
[  79% ] [90m[1mupdate_scripts_classes[22m | [39m[0m
[  79% ] [90m[1mupdate_scripts_classes[22m | [39m[0m
[  80% ] [90m[1mupdate_scripts_classes[22m | [39m[0m
[  80% ] [90m[1mupdate_scripts_classes[22m | [39m[0m
[  80% ] [90m[1mupdate_scripts_classes[22m | [39m[0m
[  80% ] [90m[1mupdate_scripts_classes[22m | [39m[0m
[  80% ] [90m[1mupdate_scripts_classes[22m | [39m[0m
[  80% ] [90m[1mupdate_scripts_classes[22m | [39m[0m
[  80% ] [90m[1mupdate_scripts_classes[22m | [39m[0m
[  80% ] [90m[1mupdate_scripts_classes[22m | [39m[0m
[  80% ] [90m[1mupdate_scripts_classes[22m | [39m[0m
[  80% ] [90m[1mupdate_scripts_classes[22m | [39m[0m
[  80% ] [90m[1mupdate_scripts_classes[22m | [39m[0m
[  81% ] [90m[1mupdate_scripts_classes[22m | [39m[0m
[  81% ] [90m[1mupdate_scripts_classes[22m | [39m[0m
[  81% ] [90m[1mupdate_scripts_classes[22m | [39m[0m
[  81% ] [90m[1mupdate_scripts_classes[22m | [39m[0m
[  81% ] [90m[1mupdate_scripts_classes[22m | [39m[0m
[  81% ] [90m[1mupdate_scripts_classes[22m | [39m[0m
[  81% ] [90m[1mupdate_scripts_classes[22m | [39m[0m
[  81% ] [90m[1mupdate_scripts_classes[22m | [39m[0m
[  81% ] [90m[1mupdate_scripts_classes[22m | [39m[0m
[  81% ] [90m[1mupdate_scripts_classes[22m | [39m[0m
[  81% ] [90m[1mupdate_scripts_classes[22m | [39m[0m
[  82% ] [90m[1mupdate_scripts_classes[22m | [39m[0m
[  82% ] [90m[1mupdate_scripts_classes[22m | [39m[0m
[  82% ] [90m[1mupdate_scripts_classes[22m | [39m[0m
[  82% ] [90m[1mupdate_scripts_classes[22m | [39m[0m
[  82% ] [90m[1mupdate_scripts_classes[22m | [39m[0m
[  82% ] [90m[1mupdate_scripts_classes[22m | [39m[0m
[  82% ] [90m[1mupdate_scripts_classes[22m | [39m[0m
[  82% ] [90m[1mupdate_scripts_classes[22m | [39m[0m
[  82% ] [90m[1mupdate_scripts_classes[22m | [39m[0m
[  82% ] [90m[1mupdate_scripts_classes[22m | [39m[0m
[  82% ] [90m[1mupdate_scripts_classes[22m | [39m[0m
[  83% ] [90m[1mupdate_scripts_classes[22m | [39m[0m
[  83% ] [90m[1mupdate_scripts_classes[22m | [39m[0m
[  83% ] [90m[1mupdate_scripts_classes[22m | [39m[0m
[  83% ] [90m[1mupdate_scripts_classes[22m | [39m[0m
[  83% ] [90m[1mupdate_scripts_classes[22m | [39m[0m
[  83% ] [90m[1mupdate_scripts_classes[22m | [39m[0m
[  83% ] [90m[1mupdate_scripts_classes[22m | [39m[0m
[  83% ] [90m[1mupdate_scripts_classes[22m | [39m[0m
[  83% ] [90m[1mupdate_scripts_classes[22m | [39m[0m
[  83% ] [90m[1mupdate_scripts_classes[22m | [39m[0m
[  83% ] [90m[1mupdate_scripts_classes[22m | [39m[0m
[  83% ] [90m[1mupdate_scripts_classes[22m | [39m[0m
[  84% ] [90m[1mupdate_scripts_classes[22m | [39m[0m
[  84% ] [90m[1mupdate_scripts_classes[22m | [39m[0m
[  84% ] [90m[1mupdate_scripts_classes[22m | [39m[0m
[  84% ] [90m[1mupdate_scripts_classes[22m | [39m[0m
[  84% ] [90m[1mupdate_scripts_classes[22m | [39m[0m
[  84% ] [90m[1mupdate_scripts_classes[22m | [39m[0m
[  84% ] [90m[1mupdate_scripts_classes[22m | [39m[0m
[  84% ] [90m[1mupdate_scripts_classes[22m | [39m[0m
[  84% ] [90m[1mupdate_scripts_classes[22m | [39m[0m
[  84% ] [90m[1mupdate_scripts_classes[22m | [39m[0m
[  84% ] [90m[1mupdate_scripts_classes[22m | [39m[0m
[  85% ] [90m[1mupdate_scripts_classes[22m | [39m[0m
[  85% ] [90m[1mupdate_scripts_classes[22m | [39m[0m
[  85% ] [90m[1mupdate_scripts_classes[22m | [39m[0m
[  85% ] [90m[1mupdate_scripts_classes[22m | [39m[0m
[  85% ] [90m[1mupdate_scripts_classes[22m | [39m[0m
[  85% ] [90m[1mupdate_scripts_classes[22m | [39m[0m
[  85% ] [90m[1mupdate_scripts_classes[22m | [39m[0m
[  85% ] [90m[1mupdate_scripts_classes[22m | [39m[0m
[  85% ] [90m[1mupdate_scripts_classes[22m | [39m[0m
[  85% ] [90m[1mupdate_scripts_classes[22m | [39m[0m
[  85% ] [90m[1mupdate_scripts_classes[22m | [39m[0m
[  86% ] [90m[1mupdate_scripts_classes[22m | [39m[0m
[  86% ] [90m[1mupdate_scripts_classes[22m | [39m[0m
[  86% ] [90m[1mupdate_scripts_classes[22m | [39m[0m
[  86% ] [90m[1mupdate_scripts_classes[22m | [39m[0m
[  86% ] [90m[1mupdate_scripts_classes[22m | [39m[0m
[  86% ] [90m[1mupdate_scripts_classes[22m | [39m[0m
[  86% ] [90m[1mupdate_scripts_classes[22m | [39m[0m
[  86% ] [90m[1mupdate_scripts_classes[22m | [39m[0m
[  86% ] [90m[1mupdate_scripts_classes[22m | [39m[0m
[  86% ] [90m[1mupdate_scripts_classes[22m | [39m[0m
[  86% ] [90m[1mupdate_scripts_classes[22m | [39m[0m
[  87% ] [90m[1mupdate_scripts_classes[22m | [39m[0m
[  87% ] [90m[1mupdate_scripts_classes[22m | [39m[0m
[  87% ] [90m[1mupdate_scripts_classes[22m | [39m[0m
[  87% ] [90m[1mupdate_scripts_classes[22m | [39m[0m
[  87% ] [90m[1mupdate_scripts_classes[22m | [39m[0m
[  87% ] [90m[1mupdate_scripts_classes[22m | [39m[0m
[  87% ] [90m[1mupdate_scripts_classes[22m | [39m[0m
[  87% ] [90m[1mupdate_scripts_classes[22m | [39m[0m
[  87% ] [90m[1mupdate_scripts_classes[22m | [39m[0m
[  87% ] [90m[1mupdate_scripts_classes[22m | [39m[0m
[  87% ] [90m[1mupdate_scripts_classes[22m | [39m[0m
[  88% ] [90m[1mupdate_scripts_classes[22m | [39m[0m
[  88% ] [90m[1mupdate_scripts_classes[22m | [39m[0m
[  88% ] [90m[1mupdate_scripts_classes[22m | [39m[0m
[  88% ] [90m[1mupdate_scripts_classes[22m | [39m[0m
[  88% ] [90m[1mupdate_scripts_classes[22m | [39m[0m
[  88% ] [90m[1mupdate_scripts_classes[22m | [39m[0m
[  88% ] [90m[1mupdate_scripts_classes[22m | [39m[0m
[  88% ] [90m[1mupdate_scripts_classes[22m | [39m[0m
[  88% ] [90m[1mupdate_scripts_classes[22m | [39m[0m
[  88% ] [90m[1mupdate_scripts_classes[22m | [39m[0m
[  88% ] [90m[1mupdate_scripts_classes[22m | [39m[0m
[  88% ] [90m[1mupdate_scripts_classes[22m | [39m[0m
[  89% ] [90m[1mupdate_scripts_classes[22m | [39m[0m
[  89% ] [90m[1mupdate_scripts_classes[22m | [39m[0m
[  89% ] [90m[1mupdate_scripts_classes[22m | [39m[0m
[  89% ] [90m[1mupdate_scripts_classes[22m | [39m[0m
[  89% ] [90m[1mupdate_scripts_classes[22m | [39m[0m
[  89% ] [90m[1mupdate_scripts_classes[22m | [39m[0m
[  89% ] [90m[1mupdate_scripts_classes[22m | [39m[0m
[  89% ] [90m[1mupdate_scripts_classes[22m | [39m[0m
[  89% ] [90m[1mupdate_scripts_classes[22m | [39m[0m
[  89% ] [90m[1mupdate_scripts_classes[22m | [39m[0m
[  89% ] [90m[1mupdate_scripts_classes[22m | [39m[0m
[  90% ] [90m[1mupdate_scripts_classes[22m | [39m[0m
[  90% ] [90m[1mupdate_scripts_classes[22m | [39m[0m
[  90% ] [90m[1mupdate_scripts_classes[22m | [39m[0m
[  90% ] [90m[1mupdate_scripts_classes[22m | [39m[0m
[  90% ] [90m[1mupdate_scripts_classes[22m | [39m[0m
[  90% ] [90m[1mupdate_scripts_classes[22m | [39m[0m
[  90% ] [90m[1mupdate_scripts_classes[22m | [39m[0m
[  90% ] [90m[1mupdate_scripts_classes[22m | [39m[0m
[  90% ] [90m[1mupdate_scripts_classes[22m | [39m[0m
[  90% ] [90m[1mupdate_scripts_classes[22m | [39m[0m
[  90% ] [90m[1mupdate_scripts_classes[22m | [39m[0m
[  91% ] [90m[1mupdate_scripts_classes[22m | [39m[0m
[  91% ] [90m[1mupdate_scripts_classes[22m | [39m[0m
[  91% ] [90m[1mupdate_scripts_classes[22m | [39m[0m
[  91% ] [90m[1mupdate_scripts_classes[22m | [39m[0m
[  91% ] [90m[1mupdate_scripts_classes[22m | [39m[0m
[  91% ] [90m[1mupdate_scripts_classes[22m | [39m[0m
[  91% ] [90m[1mupdate_scripts_classes[22m | [39m[0m
[  91% ] [90m[1mupdate_scripts_classes[22m | [39m[0m
[  91% ] [90m[1mupdate_scripts_classes[22m | [39m[0m
[  91% ] [90m[1mupdate_scripts_classes[22m | [39m[0m
[  91% ] [90m[1mupdate_scripts_classes[22m | [39m[0m
[  92% ] [90m[1mupdate_scripts_classes[22m | [39m[0m
[  92% ] [90m[1mupdate_scripts_classes[22m | [39m[0m
[  92% ] [90m[1mupdate_scripts_classes[22m | [39m[0m
[  92% ] [90m[1mupdate_scripts_classes[22m | [39m[0m
[  92% ] [90m[1mupdate_scripts_classes[22m | [39m[0m
[  92% ] [90m[1mupdate_scripts_classes[22m | [39m[0m
[  92% ] [90m[1mupdate_scripts_classes[22m | [39m[0m
[  92% ] [90m[1mupdate_scripts_classes[22m | [39m[0m
[  92% ] [90m[1mupdate_scripts_classes[22m | [39m[0m
[  92% ] [90m[1mupdate_scripts_classes[22m | [39m[0m
[  92% ] [90m[1mupdate_scripts_classes[22m | [39m[0m
[  93% ] [90m[1mupdate_scripts_classes[22m | [39m[0m
[  93% ] [90m[1mupdate_scripts_classes[22m | [39m[0m
[  93% ] [90m[1mupdate_scripts_classes[22m | [39m[0m
[  93% ] [90m[1mupdate_scripts_classes[22m | [39m[0m
[  93% ] [90m[1mupdate_scripts_classes[22m | [39m[0m
[  93% ] [90m[1mupdate_scripts_classes[22m | [39m[0m
[  93% ] [90m[1mupdate_scripts_classes[22m | [39m[0m
[  93% ] [90m[1mupdate_scripts_classes[22m | [39m[0m
[  93% ] [90m[1mupdate_scripts_classes[22m | [39m[0m
[  93% ] [90m[1mupdate_scripts_classes[22m | [39m[0m
[  93% ] [90m[1mupdate_scripts_classes[22m | [39m[0m
[  94% ] [90m[1mupdate_scripts_classes[22m | [39m[0m
[  94% ] [90m[1mupdate_scripts_classes[22m | [39m[0m
[  94% ] [90m[1mupdate_scripts_classes[22m | [39m[0m
[  94% ] [90m[1mupdate_scripts_classes[22m | [39m[0m
[  94% ] [90m[1mupdate_scripts_classes[22m | [39m[0m
[  94% ] [90m[1mupdate_scripts_classes[22m | [39m[0m
[  94% ] [90m[1mupdate_scripts_classes[22m | [39m[0m
[  94% ] [90m[1mupdate_scripts_classes[22m | [39m[0m
[  94% ] [90m[1mupdate_scripts_classes[22m | [39m[0m
[  94% ] [90m[1mupdate_scripts_classes[22m | [39m[0m
[  94% ] [90m[1mupdate_scripts_classes[22m | [39m[0m
[  94% ] [90m[1mupdate_scripts_classes[22m | [39m[0m
[  95% ] [90m[1mupdate_scripts_classes[22m | [39m[0m
[  95% ] [90m[1mupdate_scripts_classes[22m | [39m[0m
[  95% ] [90m[1mupdate_scripts_classes[22m | [39m[0m
[  95% ] [90m[1mupdate_scripts_classes[22m | [39m[0m
[  95% ] [90m[1mupdate_scripts_classes[22m | [39m[0m
[  95% ] [90m[1mupdate_scripts_classes[22m | [39m[0m
[  95% ] [90m[1mupdate_scripts_classes[22m | [39m[0m
[  95% ] [90m[1mupdate_scripts_classes[22m | [39m[0m
[  95% ] [90m[1mupdate_scripts_classes[22m | [39m[0m
[  95% ] [90m[1mupdate_scripts_classes[22m | [39m[0m
[  95% ] [90m[1mupdate_scripts_classes[22m | [39m[0m
[  96% ] [90m[1mupdate_scripts_classes[22m | [39m[0m
[  96% ] [90m[1mupdate_scripts_classes[22m | [39m[0m
[  96% ] [90m[1mupdate_scripts_classes[22m | [39m[0m
[  96% ] [90m[1mupdate_scripts_classes[22m | [39m[0m
[  96% ] [90m[1mupdate_scripts_classes[22m | [39m[0m
[  96% ] [90m[1mupdate_scripts_classes[22m | [39m[0m
[  96% ] [90m[1mupdate_scripts_classes[22m | [39m[0m
[  96% ] [90m[1mupdate_scripts_classes[22m | [39m[0m
[  96% ] [90m[1mupdate_scripts_classes[22m | [39m[0m
[  96% ] [90m[1mupdate_scripts_classes[22m | [39m[0m
[  96% ] [90m[1mupdate_scripts_classes[22m | [39m[0m
[  97% ] [90m[1mupdate_scripts_classes[22m | [39m[0m
[  97% ] [90m[1mupdate_scripts_classes[22m | [39m[0m
[  97% ] [90m[1mupdate_scripts_classes[22m | [39m[0m
[  97% ] [90m[1mupdate_scripts_classes[22m | [39m[0m
[  97% ] [90m[1mupdate_scripts_classes[22m | [39m[0m
[  97% ] [90m[1mupdate_scripts_classes[22m | [39m[0m
[  97% ] [90m[1mupdate_scripts_classes[22m | [39m[0m
[  97% ] [90m[1mupdate_scripts_classes[22m | [39m[0m
[  97% ] [90m[1mupdate_scripts_classes[22m | [39m[0m
[  97% ] [90m[1mupdate_scripts_classes[22m | [39m[0m
[  97% ] [90m[1mupdate_scripts_classes[22m | [39m[0m
[  98% ] [90m[1mupdate_scripts_classes[22m | [39m[0m
[  98% ] [90m[1mupdate_scripts_classes[22m | [39m[0m
[  98% ] [90m[1mupdate_scripts_classes[22m | [39m[0m
[  98% ] [90m[1mupdate_scripts_classes[22m | [39m[0m
[  98% ] [90m[1mupdate_scripts_classes[22m | [39m[0m
[  98% ] [90m[1mupdate_scripts_classes[22m | [39m[0m
[  98% ] [90m[1mupdate_scripts_classes[22m | [39m[0m
[  98% ] [90m[1mupdate_scripts_classes[22m | [39m[0m
[  98% ] [90m[1mupdate_scripts_classes[22m | [39m[0m
[  98% ] [90m[1mupdate_scripts_classes[22m | [39m[0m
[  98% ] [90m[1mupdate_scripts_classes[22m | [39m[0m
[  99% ] [90m[1mupdate_scripts_classes[22m | [39m[0m
[  99% ] [90m[1mupdate_scripts_classes[22m | [39m[0m
[  99% ] [90m[1mupdate_scripts_classes[22m | [39m[0m
[  99% ] [90m[1mupdate_scripts_classes[22m | [39m[0m
[  99% ] [90m[1mupdate_scripts_classes[22m | [39m[0m
[  99% ] [90m[1mupdate_scripts_classes[22m | [39m[0m
[  99% ] [90m[1mupdate_scripts_classes[22m | CellOccupancy[39m[0m
[  99% ] [90m[1mupdate_scripts_classes[22m | GridCoordinate[39m[0m
[  99% ] [90m[1mupdate_scripts_classes[22m | [39m[0m
[  99% ] [90m[1mupdate_scripts_classes[22m | [39m[0m
[92m[ DONE ][39m [1mupdate_scripts_classes[22m
[0m
[   0% ] [90m[1m_update_scan_actions[22m | Started Scanning actions... (2206 steps)[39m[0m
[   0% ] [90m[1m_update_scan_actions[22m | focused-nine-airlock-control-room.png[39m[0m
[   0% ] [90m[1m_update_scan_actions[22m | focused-nine-comparison.png[39m[0m
[   0% ] [90m[1m_update_scan_actions[22m | focused-nine-staged-derelict.png[39m[0m
[   0% ] [90m[1m_update_scan_actions[22m | locked-iso-readability00000000.png[39m[0m
[   0% ] [90m[1m_update_scan_actions[22m | locked-iso-readability.wav[39m[0m
[   0% ] [90m[1m_update_scan_actions[22m | seed-42-dark-reference.png[39m[0m
[   0% ] [90m[1m_update_scan_actions[22m | seed-42-dark-staged.png[39m[0m
[   0% ] [90m[1m_update_scan_actions[22m | seed-42-dark.png[39m[0m
[   0% ] [90m[1m_update_scan_actions[22m | seed-42-emergency-reference.png[39m[0m
[   0% ] [90m[1m_update_scan_actions[22m | seed-42-emergency-staged.png[39m[0m
[   0% ] [90m[1m_update_scan_actions[22m | seed-42-emergency.png[39m[0m
[   0% ] [90m[1m_update_scan_actions[22m | seed-42-normal-reference.png[39m[0m
[   0% ] [90m[1m_update_scan_actions[22m | seed-42-normal-staged.png[39m[0m
[   0% ] [90m[1m_update_scan_actions[22m | seed-42-normal.png[39m[0m
[   0% ] [90m[1m_update_scan_actions[22m | seed-777-dark-reference.png[39m[0m
[   0% ] [90m[1m_update_scan_actions[22m | seed-777-dark-staged.png[39m[0m
[   0% ] [90m[1m_update_scan_actions[22m | seed-777-dark.png[39m[0m
[   0% ] [90m[1m_update_scan_actions[22m | seed-777-emergency-reference.png[39m[0m
[   0% ] [90m[1m_update_scan_actions[22m | seed-777-emergency-staged.png[39m[0m
[   0% ] [90m[1m_update_scan_actions[22m | seed-777-emergency.png[39m[0m
[   0% ] [90m[1m_update_scan_actions[22m | seed-777-normal-reference.png[39m[0m
[   0% ] [90m[1m_update_scan_actions[22m | seed-777-normal-staged.png[39m[0m
[   0% ] [90m[1m_update_scan_actions[22m | seed-777-normal.png[39m[0m
[   1% ] [90m[1m_update_scan_actions[22m | ithappy-isometric-seed-17.png[39m[0m
[   1% ] [90m[1m_update_scan_actions[22m | ithappy-topdown-seed-17.png[39m[0m
[   1% ] [90m[1m_update_scan_actions[22m | locked-iso-readability00000000.png[39m[0m
[   1% ] [90m[1m_update_scan_actions[22m | locked-iso-readability.png[39m[0m
[   1% ] [90m[1m_update_scan_actions[22m | locked-iso-readability.wav[39m[0m
[   1% ] [90m[1m_update_scan_actions[22m | m7-web-breached-corridor00000000.png[39m[0m
[   1% ] [90m[1m_update_scan_actions[22m | m7-web-breached-corridor.png[39m[0m
[   1% ] [90m[1m_update_scan_actions[22m | m7-web-breached-corridor.wav[39m[0m
[   1% ] [90m[1m_update_scan_actions[22m | fire_suppression_station.glb[39m[0m
[   1% ] [90m[1m_update_scan_actions[22m | hull_breach_seal_point.glb[39m[0m
[   1% ] [90m[1m_update_scan_actions[22m | ceiling_cap_1x1.glb[39m[0m
[   1% ] [90m[1m_update_scan_actions[22m | doorway_frame_open_1x1.glb[39m[0m
[   1% ] [90m[1m_update_scan_actions[22m | floor_1x1.glb[39m[0m
[   1% ] [90m[1m_update_scan_actions[22m | pillar_support_1x1.glb[39m[0m
[   1% ] [90m[1m_update_scan_actions[22m | pressure_door_1x1.glb[39m[0m
[   1% ] [90m[1m_update_scan_actions[22m | pressure_door_1x1_breached.glb[39m[0m
[   1% ] [90m[1m_update_scan_actions[22m | pressure_door_1x1_damaged.glb[39m[0m
[   1% ] [90m[1m_update_scan_actions[22m | ramp_up_1x2.glb[39m[0m
[   1% ] [90m[1m_update_scan_actions[22m | wall_straight_1x1.glb[39m[0m
[   1% ] [90m[1m_update_scan_actions[22m | raw.glb[39m[0m
[   1% ] [90m[1m_update_scan_actions[22m | source_back.png[39m[0m
[   1% ] [90m[1m_update_scan_actions[22m | source_front.png[39m[0m
[   2% ] [90m[1m_update_scan_actions[22m | source_side.png[39m[0m
[   2% ] [90m[1m_update_scan_actions[22m | source_three_quarter.png[39m[0m
[   2% ] [90m[1m_update_scan_actions[22m | thumbnail.png[39m[0m
[   2% ] [90m[1m_update_scan_actions[22m | cleaned.glb[39m[0m
[   2% ] [90m[1m_update_scan_actions[22m | raw.glb[39m[0m
[   2% ] [90m[1m_update_scan_actions[22m | source_back.png[39m[0m
[   2% ] [90m[1m_update_scan_actions[22m | source_front.png[39m[0m
[   2% ] [90m[1m_update_scan_actions[22m | source_side.png[39m[0m
[   2% ] [90m[1m_update_scan_actions[22m | source_three_quarter.png[39m[0m
[   2% ] [90m[1m_update_scan_actions[22m | thumbnail.png[39m[0m
[   2% ] [90m[1m_update_scan_actions[22m | raw.glb[39m[0m
[   2% ] [90m[1m_update_scan_actions[22m | source_back.png[39m[0m
[   2% ] [90m[1m_update_scan_actions[22m | source_front.png[39m[0m
[   2% ] [90m[1m_update_scan_actions[22m | source_side.png[39m[0m
[   2% ] [90m[1m_update_scan_actions[22m | source_three_quarter.png[39m[0m
[   2% ] [90m[1m_update_scan_actions[22m | thumbnail.png[39m[0m
[   2% ] [90m[1m_update_scan_actions[22m | raw.glb[39m[0m
[   2% ] [90m[1m_update_scan_actions[22m | source_back.png[39m[0m
[   2% ] [90m[1m_update_scan_actions[22m | source_front.png[39m[0m
[   2% ] [90m[1m_update_scan_actions[22m | source_side.png[39m[0m
[   2% ] [90m[1m_update_scan_actions[22m | source_three_quarter.png[39m[0m
[   2% ] [90m[1m_update_scan_actions[22m | thumbnail.png[39m[0m
[   3% ] [90m[1m_update_scan_actions[22m | ambient_corridor.wav[39m[0m
[   3% ] [90m[1m_update_scan_actions[22m | ambient_docking.wav[39m[0m
[   3% ] [90m[1m_update_scan_actions[22m | ambient_engineering.wav[39m[0m
[   3% ] [90m[1m_update_scan_actions[22m | ambient_medical.wav[39m[0m
[   3% ] [90m[1m_update_scan_actions[22m | ambient_reactor.wav[39m[0m
[   3% ] [90m[1m_update_scan_actions[22m | biomatter_pulse.wav[39m[0m
[   3% ] [90m[1m_update_scan_actions[22m | cut.wav[39m[0m
[   3% ] [90m[1m_update_scan_actions[22m | dock_land.wav[39m[0m
[   3% ] [90m[1m_update_scan_actions[22m | door_close.wav[39m[0m
[   3% ] [90m[1m_update_scan_actions[22m | door_open.wav[39m[0m
[   3% ] [90m[1m_update_scan_actions[22m | drop.wav[39m[0m
[   3% ] [90m[1m_update_scan_actions[22m | fire_crackle.wav[39m[0m
[   3% ] [90m[1m_update_scan_actions[22m | footstep_metal.wav[39m[0m
[   3% ] [90m[1m_update_scan_actions[22m | hull_groan.wav[39m[0m
[   3% ] [90m[1m_update_scan_actions[22m | patch.wav[39m[0m
[   3% ] [90m[1m_update_scan_actions[22m | pickup.wav[39m[0m
[   3% ] [90m[1m_update_scan_actions[22m | reactor_hum.wav[39m[0m
[   3% ] [90m[1m_update_scan_actions[22m | suit_breath.wav[39m[0m
[   3% ] [90m[1m_update_scan_actions[22m | tool_use.wav[39m[0m
[   3% ] [90m[1m_update_scan_actions[22m | unbolt_pry.wav[39m[0m
[   3% ] [90m[1m_update_scan_actions[22m | weld.wav[39m[0m
[   3% ] [90m[1m_update_scan_actions[22m | air_recycler_unit.glb[39m[0m
[   4% ] [90m[1m_update_scan_actions[22m | conduit_run.glb[39m[0m
[   4% ] [90m[1m_update_scan_actions[22m | console_generic.glb[39m[0m
[   4% ] [90m[1m_update_scan_actions[22m | hull_plating.glb[39m[0m
[   4% ] [90m[1m_update_scan_actions[22m | locker_wall.glb[39m[0m
[   4% ] [90m[1m_update_scan_actions[22m | machinery_block.glb[39m[0m
[   4% ] [90m[1m_update_scan_actions[22m | nav_console.glb[39m[0m
[   4% ] [90m[1m_update_scan_actions[22m | pump_assembly.glb[39m[0m
[   4% ] [90m[1m_update_scan_actions[22m | reactor_console.glb[39m[0m
[   4% ] [90m[1m_update_scan_actions[22m | sensor_rack.glb[39m[0m
[   4% ] [90m[1m_update_scan_actions[22m | thruster_control.glb[39m[0m
[   4% ] [90m[1m_update_scan_actions[22m | cable_tray.glb[39m[0m
[   4% ] [90m[1m_update_scan_actions[22m | cargo_pallet.glb[39m[0m
[   4% ] [90m[1m_update_scan_actions[22m | emergency_wall.glb[39m[0m
[   4% ] [90m[1m_update_scan_actions[22m | fabrication_station_derelict_v1.glb[39m[0m
[   4% ] [90m[1m_update_scan_actions[22m | focused_work_lamp.glb[39m[0m
[   4% ] [90m[1m_update_scan_actions[22m | generic_crate.glb[39m[0m
[   4% ] [90m[1m_update_scan_actions[22m | generic_locker.glb[39m[0m
[   4% ] [90m[1m_update_scan_actions[22m | loot_container_derelict_v1.glb[39m[0m
[   4% ] [90m[1m_update_scan_actions[22m | maintenance_bench.glb[39m[0m
[   4% ] [90m[1m_update_scan_actions[22m | medical_cabinet.glb[39m[0m
[   4% ] [90m[1m_update_scan_actions[22m | medical_stasis_pod_derelict_v1.glb[39m[0m
[   4% ] [90m[1m_update_scan_actions[22m | power_cell_cradle_derelict_v1.glb[39m[0m
[   5% ] [90m[1m_update_scan_actions[22m | practical_overhead.glb[39m[0m
[   5% ] [90m[1m_update_scan_actions[22m | salvage_cart.glb[39m[0m
[   5% ] [90m[1m_update_scan_actions[22m | salvage_sorter_derelict_v1.glb[39m[0m
[   5% ] [90m[1m_update_scan_actions[22m | service_rack.glb[39m[0m
[   5% ] [90m[1m_update_scan_actions[22m | capsule_001.glb[39m[0m
[   5% ] [90m[1m_update_scan_actions[22m | capsule_002.glb[39m[0m
[   5% ] [90m[1m_update_scan_actions[22m | capsule_003.glb[39m[0m
[   5% ] [90m[1m_update_scan_actions[22m | capsule_004.glb[39m[0m
[   5% ] [90m[1m_update_scan_actions[22m | capsule_005.glb[39m[0m
[   5% ] [90m[1m_update_scan_actions[22m | capsule_006.glb[39m[0m
[   5% ] [90m[1m_update_scan_actions[22m | capsule_007.glb[39m[0m
[   5% ] [90m[1m_update_scan_actions[22m | capsule_008.glb[39m[0m
[   5% ] [90m[1m_update_scan_actions[22m | capsule_009.glb[39m[0m
[   5% ] [90m[1m_update_scan_actions[22m | capsule_010.glb[39m[0m
[   5% ] [90m[1m_update_scan_actions[22m | capsule_013.glb[39m[0m
[   5% ] [90m[1m_update_scan_actions[22m | capsule_contents_001.glb[39m[0m
[   5% ] [90m[1m_update_scan_actions[22m | capsule_contents_002.glb[39m[0m
[   5% ] [90m[1m_update_scan_actions[22m | capsule_contents_003.glb[39m[0m
[   5% ] [90m[1m_update_scan_actions[22m | capsule_contents_004.glb[39m[0m
[   5% ] [90m[1m_update_scan_actions[22m | capsule_contents_005.glb[39m[0m
[   5% ] [90m[1m_update_scan_actions[22m | capsule_contents_006.glb[39m[0m
[   5% ] [90m[1m_update_scan_actions[22m | capsule_contents_007.glb[39m[0m
[   6% ] [90m[1m_update_scan_actions[22m | capsule_contents_008.glb[39m[0m
[   6% ] [90m[1m_update_scan_actions[22m | capsule_contents_009.glb[39m[0m
[   6% ] [90m[1m_update_scan_actions[22m | capsule_contents_010.glb[39m[0m
[   6% ] [90m[1m_update_scan_actions[22m | capsule_contents_011.glb[39m[0m
[   6% ] [90m[1m_update_scan_actions[22m | capsule_contents_012.glb[39m[0m
[   6% ] [90m[1m_update_scan_actions[22m | capsule_contents_013.glb[39m[0m
[   6% ] [90m[1m_update_scan_actions[22m | capsule_contents_014.glb[39m[0m
[   6% ] [90m[1m_update_scan_actions[22m | capsule_contents_015.glb[39m[0m
[   6% ] [90m[1m_update_scan_actions[22m | Barrel_001.glb[39m[0m
[   6% ] [90m[1m_update_scan_actions[22m | Barrel_002.glb[39m[0m
[   6% ] [90m[1m_update_scan_actions[22m | Barrel_003.glb[39m[0m
[   6% ] [90m[1m_update_scan_actions[22m | Barrel_004.glb[39m[0m
[   6% ] [90m[1m_update_scan_actions[22m | Barrel_005.glb[39m[0m
[   6% ] [90m[1m_update_scan_actions[22m | Barrel_006.glb[39m[0m
[   6% ] [90m[1m_update_scan_actions[22m | Barrel_007.glb[39m[0m
[   6% ] [90m[1m_update_scan_actions[22m | Barrel_008.glb[39m[0m
[   6% ] [90m[1m_update_scan_actions[22m | Barrel_009.glb[39m[0m
[   6% ] [90m[1m_update_scan_actions[22m | Barrel_010.glb[39m[0m
[   6% ] [90m[1m_update_scan_actions[22m | Barrel_011.glb[39m[0m
[   6% ] [90m[1m_update_scan_actions[22m | Barrel_012.glb[39m[0m
[   6% ] [90m[1m_update_scan_actions[22m | Barrel_013.glb[39m[0m
[   6% ] [90m[1m_update_scan_actions[22m | Barrel_014.glb[39m[0m
[   7% ] [90m[1m_update_scan_actions[22m | Barrel_015.glb[39m[0m
[   7% ] [90m[1m_update_scan_actions[22m | Barrel_016.glb[39m[0m
[   7% ] [90m[1m_update_scan_actions[22m | Box_001.glb[39m[0m
[   7% ] [90m[1m_update_scan_actions[22m | Box_002.glb[39m[0m
[   7% ] [90m[1m_update_scan_actions[22m | Box_003.glb[39m[0m
[   7% ] [90m[1m_update_scan_actions[22m | Box_004.glb[39m[0m
[   7% ] [90m[1m_update_scan_actions[22m | Box_005.glb[39m[0m
[   7% ] [90m[1m_update_scan_actions[22m | Box_005_001.glb[39m[0m
[   7% ] [90m[1m_update_scan_actions[22m | Box_006.glb[39m[0m
[   7% ] [90m[1m_update_scan_actions[22m | Box_007.glb[39m[0m
[   7% ] [90m[1m_update_scan_actions[22m | Box_008.glb[39m[0m
[   7% ] [90m[1m_update_scan_actions[22m | Box_009.glb[39m[0m
[   7% ] [90m[1m_update_scan_actions[22m | Box_010.glb[39m[0m
[   7% ] [90m[1m_update_scan_actions[22m | Box_011.glb[39m[0m
[   7% ] [90m[1m_update_scan_actions[22m | Box_012.glb[39m[0m
[   7% ] [90m[1m_update_scan_actions[22m | Box_013.glb[39m[0m
[   7% ] [90m[1m_update_scan_actions[22m | Box_014.glb[39m[0m
[   7% ] [90m[1m_update_scan_actions[22m | Box_015.glb[39m[0m
[   7% ] [90m[1m_update_scan_actions[22m | Box_016.glb[39m[0m
[   7% ] [90m[1m_update_scan_actions[22m | Container_type_A_001.glb[39m[0m
[   7% ] [90m[1m_update_scan_actions[22m | Container_type_A_002.glb[39m[0m
[   7% ] [90m[1m_update_scan_actions[22m | Container_type_A_003.glb[39m[0m
[   8% ] [90m[1m_update_scan_actions[22m | Container_type_A_004.glb[39m[0m
[   8% ] [90m[1m_update_scan_actions[22m | Container_type_A_005.glb[39m[0m
[   8% ] [90m[1m_update_scan_actions[22m | Container_type_A_006.glb[39m[0m
[   8% ] [90m[1m_update_scan_actions[22m | Container_type_A_007.glb[39m[0m
[   8% ] [90m[1m_update_scan_actions[22m | Container_type_A_008.glb[39m[0m
[   8% ] [90m[1m_update_scan_actions[22m | Container_type_B_001.glb[39m[0m
[   8% ] [90m[1m_update_scan_actions[22m | Container_type_B_002.glb[39m[0m
[   8% ] [90m[1m_update_scan_actions[22m | Container_type_B_003.glb[39m[0m
[   8% ] [90m[1m_update_scan_actions[22m | Container_type_B_004.glb[39m[0m
[   8% ] [90m[1m_update_scan_actions[22m | Container_type_B_005.glb[39m[0m
[   8% ] [90m[1m_update_scan_actions[22m | Container_type_B_006.glb[39m[0m
[   8% ] [90m[1m_update_scan_actions[22m | Container_type_B_007.glb[39m[0m
[   8% ] [90m[1m_update_scan_actions[22m | Container_type_B_008.glb[39m[0m
[   8% ] [90m[1m_update_scan_actions[22m | Container_type_B_door_008.glb[39m[0m
[   8% ] [90m[1m_update_scan_actions[22m | Container_type_B_door_009.glb[39m[0m
[   8% ] [90m[1m_update_scan_actions[22m | Crate_001.glb[39m[0m
[   8% ] [90m[1m_update_scan_actions[22m | Crate_002.glb[39m[0m
[   8% ] [90m[1m_update_scan_actions[22m | Crate_003.glb[39m[0m
[   8% ] [90m[1m_update_scan_actions[22m | Crate_004.glb[39m[0m
[   8% ] [90m[1m_update_scan_actions[22m | Crate_005.glb[39m[0m
[   8% ] [90m[1m_update_scan_actions[22m | Crate_006.glb[39m[0m
[   8% ] [90m[1m_update_scan_actions[22m | Crate_007.glb[39m[0m
[   9% ] [90m[1m_update_scan_actions[22m | Crate_008.glb[39m[0m
[   9% ] [90m[1m_update_scan_actions[22m | Crate_009.glb[39m[0m
[   9% ] [90m[1m_update_scan_actions[22m | Crate_010.glb[39m[0m
[   9% ] [90m[1m_update_scan_actions[22m | Crate_011.glb[39m[0m
[   9% ] [90m[1m_update_scan_actions[22m | Crate_012.glb[39m[0m
[   9% ] [90m[1m_update_scan_actions[22m | Crate_013.glb[39m[0m
[   9% ] [90m[1m_update_scan_actions[22m | Crate_013_cap_001.glb[39m[0m
[   9% ] [90m[1m_update_scan_actions[22m | Crate_014.glb[39m[0m
[   9% ] [90m[1m_update_scan_actions[22m | Crate_015.glb[39m[0m
[   9% ] [90m[1m_update_scan_actions[22m | Crate_016.glb[39m[0m
[   9% ] [90m[1m_update_scan_actions[22m | Garbage_Container_01.glb[39m[0m
[   9% ] [90m[1m_update_scan_actions[22m | Pallete_01.glb[39m[0m
[   9% ] [90m[1m_update_scan_actions[22m | Pallete_02.glb[39m[0m
[   9% ] [90m[1m_update_scan_actions[22m | Pallete_03.glb[39m[0m
[   9% ] [90m[1m_update_scan_actions[22m | Baloon_001.glb[39m[0m
[   9% ] [90m[1m_update_scan_actions[22m | Baloon_002.glb[39m[0m
[   9% ] [90m[1m_update_scan_actions[22m | Baloon_003.glb[39m[0m
[   9% ] [90m[1m_update_scan_actions[22m | Baloon_004.glb[39m[0m
[   9% ] [90m[1m_update_scan_actions[22m | Baloon_005.glb[39m[0m
[   9% ] [90m[1m_update_scan_actions[22m | Baloon_006.glb[39m[0m
[   9% ] [90m[1m_update_scan_actions[22m | Baloon_007.glb[39m[0m
[   9% ] [90m[1m_update_scan_actions[22m | Baloon_008.glb[39m[0m
[  10% ] [90m[1m_update_scan_actions[22m | Baloon_009.glb[39m[0m
[  10% ] [90m[1m_update_scan_actions[22m | Baloon_010.glb[39m[0m
[  10% ] [90m[1m_update_scan_actions[22m | Baloon_011.glb[39m[0m
[  10% ] [90m[1m_update_scan_actions[22m | Baloon_011_Color.png[39m[0m
[  10% ] [90m[1m_update_scan_actions[22m | Baloon_012.glb[39m[0m
[  10% ] [90m[1m_update_scan_actions[22m | Baloon_012_Color.png[39m[0m
[  10% ] [90m[1m_update_scan_actions[22m | Baloon_013.glb[39m[0m
[  10% ] [90m[1m_update_scan_actions[22m | Baloon_013_Color.png[39m[0m
[  10% ] [90m[1m_update_scan_actions[22m | Baloon_014.glb[39m[0m
[  10% ] [90m[1m_update_scan_actions[22m | Barriaer_001.glb[39m[0m
[  10% ] [90m[1m_update_scan_actions[22m | Barriaer_002.glb[39m[0m
[  10% ] [90m[1m_update_scan_actions[22m | Barriaer_003.glb[39m[0m
[  10% ] [90m[1m_update_scan_actions[22m | Barriaer_004.glb[39m[0m
[  10% ] [90m[1m_update_scan_actions[22m | Barriaer_005.glb[39m[0m
[  10% ] [90m[1m_update_scan_actions[22m | Barriaer_006.glb[39m[0m
[  10% ] [90m[1m_update_scan_actions[22m | Barriaer_007.glb[39m[0m
[  10% ] [90m[1m_update_scan_actions[22m | Barriaer_008.glb[39m[0m
[  10% ] [90m[1m_update_scan_actions[22m | Barriaer_009.glb[39m[0m
[  10% ] [90m[1m_update_scan_actions[22m | Barriaer_010.glb[39m[0m
[  10% ] [90m[1m_update_scan_actions[22m | Trash_001.glb[39m[0m
[  10% ] [90m[1m_update_scan_actions[22m | Trash_003.glb[39m[0m
[  10% ] [90m[1m_update_scan_actions[22m | Trash_004.glb[39m[0m
[  11% ] [90m[1m_update_scan_actions[22m | Trash_005.glb[39m[0m
[  11% ] [90m[1m_update_scan_actions[22m | Trash_006.glb[39m[0m
[  11% ] [90m[1m_update_scan_actions[22m | Trash_007.glb[39m[0m
[  11% ] [90m[1m_update_scan_actions[22m | Trash_008.glb[39m[0m
[  11% ] [90m[1m_update_scan_actions[22m | Trash_009.glb[39m[0m
[  11% ] [90m[1m_update_scan_actions[22m | Trash_011.glb[39m[0m
[  11% ] [90m[1m_update_scan_actions[22m | Trash_012.glb[39m[0m
[  11% ] [90m[1m_update_scan_actions[22m | Trash_bag_001.glb[39m[0m
[  11% ] [90m[1m_update_scan_actions[22m | Trash_bag_002.glb[39m[0m
[  11% ] [90m[1m_update_scan_actions[22m | Trash_bag_003.glb[39m[0m
[  11% ] [90m[1m_update_scan_actions[22m | Trash_bag_004.glb[39m[0m
[  11% ] [90m[1m_update_scan_actions[22m | Trash_pile_001.glb[39m[0m
[  11% ] [90m[1m_update_scan_actions[22m | Trash_pile_002.glb[39m[0m
[  11% ] [90m[1m_update_scan_actions[22m | Trash_pile_003.glb[39m[0m
[  11% ] [90m[1m_update_scan_actions[22m | Trash_pile_004.glb[39m[0m
[  11% ] [90m[1m_update_scan_actions[22m | Trash_pile_005.glb[39m[0m
[  11% ] [90m[1m_update_scan_actions[22m | Trash_pile_006.glb[39m[0m
[  11% ] [90m[1m_update_scan_actions[22m | Door_001.glb[39m[0m
[  11% ] [90m[1m_update_scan_actions[22m | Door_002.glb[39m[0m
[  11% ] [90m[1m_update_scan_actions[22m | Door_003.glb[39m[0m
[  11% ] [90m[1m_update_scan_actions[22m | Door_004.glb[39m[0m
[  11% ] [90m[1m_update_scan_actions[22m | Door_005.glb[39m[0m
[  12% ] [90m[1m_update_scan_actions[22m | Door_005_Color.png[39m[0m
[  12% ] [90m[1m_update_scan_actions[22m | Door_006.glb[39m[0m
[  12% ] [90m[1m_update_scan_actions[22m | Door_006_Color.png[39m[0m
[  12% ] [90m[1m_update_scan_actions[22m | Door_007.glb[39m[0m
[  12% ] [90m[1m_update_scan_actions[22m | Door_007_Color.png[39m[0m
[  12% ] [90m[1m_update_scan_actions[22m | Door_008.glb[39m[0m
[  12% ] [90m[1m_update_scan_actions[22m | Door_008_Color.png[39m[0m
[  12% ] [90m[1m_update_scan_actions[22m | Door_009.glb[39m[0m
[  12% ] [90m[1m_update_scan_actions[22m | Door_009_Color.png[39m[0m
[  12% ] [90m[1m_update_scan_actions[22m | Door_010.glb[39m[0m
[  12% ] [90m[1m_update_scan_actions[22m | Door_010_Color.png[39m[0m
[  12% ] [90m[1m_update_scan_actions[22m | Hatch_001.glb[39m[0m
[  12% ] [90m[1m_update_scan_actions[22m | Hatch_001_Color.png[39m[0m
[  12% ] [90m[1m_update_scan_actions[22m | Hatch_002.glb[39m[0m
[  12% ] [90m[1m_update_scan_actions[22m | Hatch_002_Color.png[39m[0m
[  12% ] [90m[1m_update_scan_actions[22m | Hatch_003.glb[39m[0m
[  12% ] [90m[1m_update_scan_actions[22m | Hatch_003_Color.png[39m[0m
[  12% ] [90m[1m_update_scan_actions[22m | Hatch_004_door_001.glb[39m[0m
[  12% ] [90m[1m_update_scan_actions[22m | Hatch_004_door_001_Color.png[39m[0m
[  12% ] [90m[1m_update_scan_actions[22m | Hatch_005.glb[39m[0m
[  12% ] [90m[1m_update_scan_actions[22m | Hatch_005_Color.png[39m[0m
[  12% ] [90m[1m_update_scan_actions[22m | Hatch_006.glb[39m[0m
[  13% ] [90m[1m_update_scan_actions[22m | Hatch_006_Color.png[39m[0m
[  13% ] [90m[1m_update_scan_actions[22m | Hatch_007.glb[39m[0m
[  13% ] [90m[1m_update_scan_actions[22m | Hatch_007_Color.png[39m[0m
[  13% ] [90m[1m_update_scan_actions[22m | Hatch_008.glb[39m[0m
[  13% ] [90m[1m_update_scan_actions[22m | Hatch_008_Color.png[39m[0m
[  13% ] [90m[1m_update_scan_actions[22m | Hatch_009.glb[39m[0m
[  13% ] [90m[1m_update_scan_actions[22m | Hatch_009_Color.png[39m[0m
[  13% ] [90m[1m_update_scan_actions[22m | Hatch_010.glb[39m[0m
[  13% ] [90m[1m_update_scan_actions[22m | Hatch_010_Color.png[39m[0m
[  13% ] [90m[1m_update_scan_actions[22m | Hatch_011.glb[39m[0m
[  13% ] [90m[1m_update_scan_actions[22m | Hatch_011_Color.png[39m[0m
[  13% ] [90m[1m_update_scan_actions[22m | Hatch_012.glb[39m[0m
[  13% ] [90m[1m_update_scan_actions[22m | Hatch_012_Color.png[39m[0m
[  13% ] [90m[1m_update_scan_actions[22m | Armchair_001.glb[39m[0m
[  13% ] [90m[1m_update_scan_actions[22m | Armchair_002.glb[39m[0m
[  13% ] [90m[1m_update_scan_actions[22m | Armchair_003.glb[39m[0m
[  13% ] [90m[1m_update_scan_actions[22m | Armchair_004.glb[39m[0m
[  13% ] [90m[1m_update_scan_actions[22m | Armchair_005.glb[39m[0m
[  13% ] [90m[1m_update_scan_actions[22m | Armchair_006.glb[39m[0m
[  13% ] [90m[1m_update_scan_actions[22m | Armchair_007.glb[39m[0m
[  13% ] [90m[1m_update_scan_actions[22m | Armchair_008.glb[39m[0m
[  13% ] [90m[1m_update_scan_actions[22m | Armchair_009.glb[39m[0m
[  14% ] [90m[1m_update_scan_actions[22m | Armchair_010.glb[39m[0m
[  14% ] [90m[1m_update_scan_actions[22m | Armchair_010_Color.png[39m[0m
[  14% ] [90m[1m_update_scan_actions[22m | Armchair_011.glb[39m[0m
[  14% ] [90m[1m_update_scan_actions[22m | Armchair_011_Color.png[39m[0m
[  14% ] [90m[1m_update_scan_actions[22m | Armchair_012.glb[39m[0m
[  14% ] [90m[1m_update_scan_actions[22m | Armchair_012_Color.png[39m[0m
[  14% ] [90m[1m_update_scan_actions[22m | Armchair_013.glb[39m[0m
[  14% ] [90m[1m_update_scan_actions[22m | Armchair_013_Holo_effect.png[39m[0m
[  14% ] [90m[1m_update_scan_actions[22m | Armchair_014.glb[39m[0m
[  14% ] [90m[1m_update_scan_actions[22m | Chair_001.glb[39m[0m
[  14% ] [90m[1m_update_scan_actions[22m | Chair_002.glb[39m[0m
[  14% ] [90m[1m_update_scan_actions[22m | Chair_003.glb[39m[0m
[  14% ] [90m[1m_update_scan_actions[22m | Chair_004.glb[39m[0m
[  14% ] [90m[1m_update_scan_actions[22m | Chair_005.glb[39m[0m
[  14% ] [90m[1m_update_scan_actions[22m | Chair_006.glb[39m[0m
[  14% ] [90m[1m_update_scan_actions[22m | Chair_007.glb[39m[0m
[  14% ] [90m[1m_update_scan_actions[22m | Chair_008.glb[39m[0m
[  14% ] [90m[1m_update_scan_actions[22m | Chair_009.glb[39m[0m
[  14% ] [90m[1m_update_scan_actions[22m | Chair_010.glb[39m[0m
[  14% ] [90m[1m_update_scan_actions[22m | Chair_011.glb[39m[0m
[  14% ] [90m[1m_update_scan_actions[22m | Chair_012.glb[39m[0m
[  14% ] [90m[1m_update_scan_actions[22m | Chair_013.glb[39m[0m
[  14% ] [90m[1m_update_scan_actions[22m | Chair_014.glb[39m[0m
[  15% ] [90m[1m_update_scan_actions[22m | Chair_015.glb[39m[0m
[  15% ] [90m[1m_update_scan_actions[22m | Desk_001.glb[39m[0m
[  15% ] [90m[1m_update_scan_actions[22m | Desk_002.glb[39m[0m
[  15% ] [90m[1m_update_scan_actions[22m | Desk_003.glb[39m[0m
[  15% ] [90m[1m_update_scan_actions[22m | Desk_004.glb[39m[0m
[  15% ] [90m[1m_update_scan_actions[22m | Desk_005.glb[39m[0m
[  15% ] [90m[1m_update_scan_actions[22m | Desk_006.glb[39m[0m
[  15% ] [90m[1m_update_scan_actions[22m | Desk_007.glb[39m[0m
[  15% ] [90m[1m_update_scan_actions[22m | Desk_008.glb[39m[0m
[  15% ] [90m[1m_update_scan_actions[22m | Desk_009.glb[39m[0m
[  15% ] [90m[1m_update_scan_actions[22m | Desk_010.glb[39m[0m
[  15% ] [90m[1m_update_scan_actions[22m | Desk_011.glb[39m[0m
[  15% ] [90m[1m_update_scan_actions[22m | Desk_012.glb[39m[0m
[  15% ] [90m[1m_update_scan_actions[22m | Desk_013.glb[39m[0m
[  15% ] [90m[1m_update_scan_actions[22m | Desk_014.glb[39m[0m
[  15% ] [90m[1m_update_scan_actions[22m | Desk_015.glb[39m[0m
[  15% ] [90m[1m_update_scan_actions[22m | Desk_016.glb[39m[0m
[  15% ] [90m[1m_update_scan_actions[22m | Desk_017.glb[39m[0m
[  15% ] [90m[1m_update_scan_actions[22m | Desk_018.glb[39m[0m
[  15% ] [90m[1m_update_scan_actions[22m | Desk_019.glb[39m[0m
[  15% ] [90m[1m_update_scan_actions[22m | Desk_020.glb[39m[0m
[  15% ] [90m[1m_update_scan_actions[22m | Desk_021.glb[39m[0m
[  16% ] [90m[1m_update_scan_actions[22m | Desk_022.glb[39m[0m
[  16% ] [90m[1m_update_scan_actions[22m | Desk_023.glb[39m[0m
[  16% ] [90m[1m_update_scan_actions[22m | Desk_024.glb[39m[0m
[  16% ] [90m[1m_update_scan_actions[22m | Desk_025.glb[39m[0m
[  16% ] [90m[1m_update_scan_actions[22m | Desk_026.glb[39m[0m
[  16% ] [90m[1m_update_scan_actions[22m | Desk_027.glb[39m[0m
[  16% ] [90m[1m_update_scan_actions[22m | Desk_028.glb[39m[0m
[  16% ] [90m[1m_update_scan_actions[22m | Desk_029.glb[39m[0m
[  16% ] [90m[1m_update_scan_actions[22m | Desk_030.glb[39m[0m
[  16% ] [90m[1m_update_scan_actions[22m | Desk_031.glb[39m[0m
[  16% ] [90m[1m_update_scan_actions[22m | Desk_032.glb[39m[0m
[  16% ] [90m[1m_update_scan_actions[22m | Desk_033.glb[39m[0m
[  16% ] [90m[1m_update_scan_actions[22m | Desk_034.glb[39m[0m
[  16% ] [90m[1m_update_scan_actions[22m | Desk_035.glb[39m[0m
[  16% ] [90m[1m_update_scan_actions[22m | Desk_036.glb[39m[0m
[  16% ] [90m[1m_update_scan_actions[22m | Desk_037.glb[39m[0m
[  16% ] [90m[1m_update_scan_actions[22m | Desk_038.glb[39m[0m
[  16% ] [90m[1m_update_scan_actions[22m | Desk_039.glb[39m[0m
[  16% ] [90m[1m_update_scan_actions[22m | Desk_040.glb[39m[0m
[  16% ] [90m[1m_update_scan_actions[22m | Desk_041.glb[39m[0m
[  16% ] [90m[1m_update_scan_actions[22m | Desk_042.glb[39m[0m
[  16% ] [90m[1m_update_scan_actions[22m | Desk_043.glb[39m[0m
[  17% ] [90m[1m_update_scan_actions[22m | Desk_044.glb[39m[0m
[  17% ] [90m[1m_update_scan_actions[22m | Mini_sofa_001.glb[39m[0m
[  17% ] [90m[1m_update_scan_actions[22m | Mini_sofa_002.glb[39m[0m
[  17% ] [90m[1m_update_scan_actions[22m | Mini_sofa_003.glb[39m[0m
[  17% ] [90m[1m_update_scan_actions[22m | Mini_sofa_004.glb[39m[0m
[  17% ] [90m[1m_update_scan_actions[22m | Mini_sofa_005.glb[39m[0m
[  17% ] [90m[1m_update_scan_actions[22m | Mini_sofa_006.glb[39m[0m
[  17% ] [90m[1m_update_scan_actions[22m | Mini_sofa_007.glb[39m[0m
[  17% ] [90m[1m_update_scan_actions[22m | Mini_sofa_008.glb[39m[0m
[  17% ] [90m[1m_update_scan_actions[22m | Mini_sofa_009.glb[39m[0m
[  17% ] [90m[1m_update_scan_actions[22m | Mini_sofa_010.glb[39m[0m
[  17% ] [90m[1m_update_scan_actions[22m | Sofa_001.glb[39m[0m
[  17% ] [90m[1m_update_scan_actions[22m | Sofa_002.glb[39m[0m
[  17% ] [90m[1m_update_scan_actions[22m | Sofa_003.glb[39m[0m
[  17% ] [90m[1m_update_scan_actions[22m | Sofa_004.glb[39m[0m
[  17% ] [90m[1m_update_scan_actions[22m | Sofa_005.glb[39m[0m
[  17% ] [90m[1m_update_scan_actions[22m | Sofa_006.glb[39m[0m
[  17% ] [90m[1m_update_scan_actions[22m | Sofa_007.glb[39m[0m
[  17% ] [90m[1m_update_scan_actions[22m | Sofa_008.glb[39m[0m
[  17% ] [90m[1m_update_scan_actions[22m | Sofa_009.glb[39m[0m
[  17% ] [90m[1m_update_scan_actions[22m | Sofa_010.glb[39m[0m
[  17% ] [90m[1m_update_scan_actions[22m | Cable_type_A_001.glb[39m[0m
[  18% ] [90m[1m_update_scan_actions[22m | Cable_type_A_002.glb[39m[0m
[  18% ] [90m[1m_update_scan_actions[22m | Cable_type_B_001.glb[39m[0m
[  18% ] [90m[1m_update_scan_actions[22m | Cable_type_B_002.glb[39m[0m
[  18% ] [90m[1m_update_scan_actions[22m | Cable_type_B_003.glb[39m[0m
[  18% ] [90m[1m_update_scan_actions[22m | Cable_type_B_005.glb[39m[0m
[  18% ] [90m[1m_update_scan_actions[22m | Cable_type_B_006.glb[39m[0m
[  18% ] [90m[1m_update_scan_actions[22m | Cable_type_B_007.glb[39m[0m
[  18% ] [90m[1m_update_scan_actions[22m | Cable_type_B_008.glb[39m[0m
[  18% ] [90m[1m_update_scan_actions[22m | Cable_type_B_009.glb[39m[0m
[  18% ] [90m[1m_update_scan_actions[22m | Cable_type_B_011.glb[39m[0m
[  18% ] [90m[1m_update_scan_actions[22m | Cable_type_B_012.glb[39m[0m
[  18% ] [90m[1m_update_scan_actions[22m | Cable_type_C_001.glb[39m[0m
[  18% ] [90m[1m_update_scan_actions[22m | Cable_type_C_002.glb[39m[0m
[  18% ] [90m[1m_update_scan_actions[22m | Cable_type_C_003.glb[39m[0m
[  18% ] [90m[1m_update_scan_actions[22m | Cable_type_C_004.glb[39m[0m
[  18% ] [90m[1m_update_scan_actions[22m | Cable_type_C_005.glb[39m[0m
[  18% ] [90m[1m_update_scan_actions[22m | Cable_type_C_006.glb[39m[0m
[  18% ] [90m[1m_update_scan_actions[22m | Cable_type_C_007.glb[39m[0m
[  18% ] [90m[1m_update_scan_actions[22m | Cable_type_C_008.glb[39m[0m
[  18% ] [90m[1m_update_scan_actions[22m | Cable_type_C_009.glb[39m[0m
[  18% ] [90m[1m_update_scan_actions[22m | Cable_type_C_010.glb[39m[0m
[  18% ] [90m[1m_update_scan_actions[22m | Gas_can_001.glb[39m[0m
[  19% ] [90m[1m_update_scan_actions[22m | Gas_can_002.glb[39m[0m
[  19% ] [90m[1m_update_scan_actions[22m | Gas_can_003.glb[39m[0m
[  19% ] [90m[1m_update_scan_actions[22m | Gas_can_004.glb[39m[0m
[  19% ] [90m[1m_update_scan_actions[22m | Gas_can_005.glb[39m[0m
[  19% ] [90m[1m_update_scan_actions[22m | Gas_can_006.glb[39m[0m
[  19% ] [90m[1m_update_scan_actions[22m | Gas_can_007.glb[39m[0m
[  19% ] [90m[1m_update_scan_actions[22m | Gas_can_008.glb[39m[0m
[  19% ] [90m[1m_update_scan_actions[22m | Gas_can_009.glb[39m[0m
[  19% ] [90m[1m_update_scan_actions[22m | Gas_can_010.glb[39m[0m
[  19% ] [90m[1m_update_scan_actions[22m | Gas_can_011.glb[39m[0m
[  19% ] [90m[1m_update_scan_actions[22m | Gas_can_012.glb[39m[0m
[  19% ] [90m[1m_update_scan_actions[22m | Gas_can_013.glb[39m[0m
[  19% ] [90m[1m_update_scan_actions[22m | Gas_can_014.glb[39m[0m
[  19% ] [90m[1m_update_scan_actions[22m | Gas_can_015.glb[39m[0m
[  19% ] [90m[1m_update_scan_actions[22m | Gas_can_016.glb[39m[0m
[  19% ] [90m[1m_update_scan_actions[22m | Gas_cistern_type_A_001.glb[39m[0m
[  19% ] [90m[1m_update_scan_actions[22m | Gas_cistern_type_A_002.glb[39m[0m
[  19% ] [90m[1m_update_scan_actions[22m | Gas_cistern_type_B_001.glb[39m[0m
[  19% ] [90m[1m_update_scan_actions[22m | Gas_cistern_type_B_002.glb[39m[0m
[  19% ] [90m[1m_update_scan_actions[22m | Pipe_001.glb[39m[0m
[  19% ] [90m[1m_update_scan_actions[22m | Pipe_002.glb[39m[0m
[  19% ] [90m[1m_update_scan_actions[22m | Pipe_003.glb[39m[0m
[  20% ] [90m[1m_update_scan_actions[22m | Pipe_004.glb[39m[0m
[  20% ] [90m[1m_update_scan_actions[22m | Pipe_005.glb[39m[0m
[  20% ] [90m[1m_update_scan_actions[22m | Pipe_006.glb[39m[0m
[  20% ] [90m[1m_update_scan_actions[22m | Pipe_007.glb[39m[0m
[  20% ] [90m[1m_update_scan_actions[22m | Pipe_008.glb[39m[0m
[  20% ] [90m[1m_update_scan_actions[22m | Pipe_009.glb[39m[0m
[  20% ] [90m[1m_update_scan_actions[22m | Ventilation_001.glb[39m[0m
[  20% ] [90m[1m_update_scan_actions[22m | Ventilation_002.glb[39m[0m
[  20% ] [90m[1m_update_scan_actions[22m | Ventilation_003.glb[39m[0m
[  20% ] [90m[1m_update_scan_actions[22m | Ventilation_004.glb[39m[0m
[  20% ] [90m[1m_update_scan_actions[22m | Ventilation_005.glb[39m[0m
[  20% ] [90m[1m_update_scan_actions[22m | Ventilation_006.glb[39m[0m
[  20% ] [90m[1m_update_scan_actions[22m | Ventilation_007.glb[39m[0m
[  20% ] [90m[1m_update_scan_actions[22m | Ventilation_008.glb[39m[0m
[  20% ] [90m[1m_update_scan_actions[22m | Ventilation_009.glb[39m[0m
[  20% ] [90m[1m_update_scan_actions[22m | Ventilation_010.glb[39m[0m
[  20% ] [90m[1m_update_scan_actions[22m | Ventilation_011.glb[39m[0m
[  20% ] [90m[1m_update_scan_actions[22m | Ventilation_012.glb[39m[0m
[  20% ] [90m[1m_update_scan_actions[22m | Ventilation_018.glb[39m[0m
[  20% ] [90m[1m_update_scan_actions[22m | Ventilation_019.glb[39m[0m
[  20% ] [90m[1m_update_scan_actions[22m | Vent_tube_001.glb[39m[0m
[  20% ] [90m[1m_update_scan_actions[22m | Vent_tube_002.glb[39m[0m
[  21% ] [90m[1m_update_scan_actions[22m | Vent_tube_003.glb[39m[0m
[  21% ] [90m[1m_update_scan_actions[22m | Vent_tube_004.glb[39m[0m
[  21% ] [90m[1m_update_scan_actions[22m | Vent_tube_005.glb[39m[0m
[  21% ] [90m[1m_update_scan_actions[22m | Vent_tube_006.glb[39m[0m
[  21% ] [90m[1m_update_scan_actions[22m | Security_cam_001.glb[39m[0m
[  21% ] [90m[1m_update_scan_actions[22m | Security_cam_002.glb[39m[0m
[  21% ] [90m[1m_update_scan_actions[22m | Security_cam_003.glb[39m[0m
[  21% ] [90m[1m_update_scan_actions[22m | Security_cam_004.glb[39m[0m
[  21% ] [90m[1m_update_scan_actions[22m | Security_cam_005.glb[39m[0m
[  21% ] [90m[1m_update_scan_actions[22m | Security_cam_006.glb[39m[0m
[  21% ] [90m[1m_update_scan_actions[22m | Security_cam_007.glb[39m[0m
[  21% ] [90m[1m_update_scan_actions[22m | Security_cam_008.glb[39m[0m
[  21% ] [90m[1m_update_scan_actions[22m | Security_cam_009.glb[39m[0m
[  21% ] [90m[1m_update_scan_actions[22m | Security_cam_010.glb[39m[0m
[  21% ] [90m[1m_update_scan_actions[22m | Security_cam_011.glb[39m[0m
[  21% ] [90m[1m_update_scan_actions[22m | Security_cam_012.glb[39m[0m
[  21% ] [90m[1m_update_scan_actions[22m | Security_cam_013.glb[39m[0m
[  21% ] [90m[1m_update_scan_actions[22m | Column_001.glb[39m[0m
[  21% ] [90m[1m_update_scan_actions[22m | Column_002.glb[39m[0m
[  21% ] [90m[1m_update_scan_actions[22m | Column_003.glb[39m[0m
[  21% ] [90m[1m_update_scan_actions[22m | Column_004.glb[39m[0m
[  21% ] [90m[1m_update_scan_actions[22m | Column_005.glb[39m[0m
[  22% ] [90m[1m_update_scan_actions[22m | Column_006.glb[39m[0m
[  22% ] [90m[1m_update_scan_actions[22m | Column_007.glb[39m[0m
[  22% ] [90m[1m_update_scan_actions[22m | Column_008.glb[39m[0m
[  22% ] [90m[1m_update_scan_actions[22m | Column_009.glb[39m[0m
[  22% ] [90m[1m_update_scan_actions[22m | Fence_type_A_001.glb[39m[0m
[  22% ] [90m[1m_update_scan_actions[22m | Fence_type_A_002.glb[39m[0m
[  22% ] [90m[1m_update_scan_actions[22m | Fence_type_A_003.glb[39m[0m
[  22% ] [90m[1m_update_scan_actions[22m | Fence_type_A_005.glb[39m[0m
[  22% ] [90m[1m_update_scan_actions[22m | Fence_type_A_006.glb[39m[0m
[  22% ] [90m[1m_update_scan_actions[22m | Fence_type_A_007.glb[39m[0m
[  22% ] [90m[1m_update_scan_actions[22m | Fence_type_A_008.glb[39m[0m
[  22% ] [90m[1m_update_scan_actions[22m | Fence_type_A_009.glb[39m[0m
[  22% ] [90m[1m_update_scan_actions[22m | Fence_type_A_011.glb[39m[0m
[  22% ] [90m[1m_update_scan_actions[22m | Fence_type_A_012.glb[39m[0m
[  22% ] [90m[1m_update_scan_actions[22m | Fence_type_B_001.glb[39m[0m
[  22% ] [90m[1m_update_scan_actions[22m | Fence_type_B_003.glb[39m[0m
[  22% ] [90m[1m_update_scan_actions[22m | Fence_type_B_004.glb[39m[0m
[  22% ] [90m[1m_update_scan_actions[22m | Fence_type_B_005.glb[39m[0m
[  22% ] [90m[1m_update_scan_actions[22m | Fence_type_B_006.glb[39m[0m
[  22% ] [90m[1m_update_scan_actions[22m | Fence_type_B_007.glb[39m[0m
[  22% ] [90m[1m_update_scan_actions[22m | Fence_type_B_008.glb[39m[0m
[  22% ] [90m[1m_update_scan_actions[22m | Fence_type_B_009.glb[39m[0m
[  23% ] [90m[1m_update_scan_actions[22m | Fence_type_B_010.glb[39m[0m
[  23% ] [90m[1m_update_scan_actions[22m | Fence_type_B_012.glb[39m[0m
[  23% ] [90m[1m_update_scan_actions[22m | Fence_type_B_013.glb[39m[0m
[  23% ] [90m[1m_update_scan_actions[22m | Fence_type_C_002.glb[39m[0m
[  23% ] [90m[1m_update_scan_actions[22m | Fence_type_C_003.glb[39m[0m
[  23% ] [90m[1m_update_scan_actions[22m | Fence_type_C_004.glb[39m[0m
[  23% ] [90m[1m_update_scan_actions[22m | Fence_type_C_005.glb[39m[0m
[  23% ] [90m[1m_update_scan_actions[22m | Fence_type_C_006.glb[39m[0m
[  23% ] [90m[1m_update_scan_actions[22m | Fence_type_C_007.glb[39m[0m
[  23% ] [90m[1m_update_scan_actions[22m | Fence_type_C_008.glb[39m[0m
[  23% ] [90m[1m_update_scan_actions[22m | Fence_type_C_009.glb[39m[0m
[  23% ] [90m[1m_update_scan_actions[22m | Fence_type_C_010.glb[39m[0m
[  23% ] [90m[1m_update_scan_actions[22m | Fence_type_C_011.glb[39m[0m
[  23% ] [90m[1m_update_scan_actions[22m | Fence_type_C_012.glb[39m[0m
[  23% ] [90m[1m_update_scan_actions[22m | Fence_type_C_013.glb[39m[0m
[  23% ] [90m[1m_update_scan_actions[22m | Fence_type_C_014.glb[39m[0m
[  23% ] [90m[1m_update_scan_actions[22m | Fence_type_C_015.glb[39m[0m
[  23% ] [90m[1m_update_scan_actions[22m | Ladder_001.glb[39m[0m
[  23% ] [90m[1m_update_scan_actions[22m | Ladder_002.glb[39m[0m
[  23% ] [90m[1m_update_scan_actions[22m | Ladder_003.glb[39m[0m
[  23% ] [90m[1m_update_scan_actions[22m | Ladder_handle_001.glb[39m[0m
[  23% ] [90m[1m_update_scan_actions[22m | Ladder_handle_002.glb[39m[0m
[  24% ] [90m[1m_update_scan_actions[22m | Ladder_handle_003.glb[39m[0m
[  24% ] [90m[1m_update_scan_actions[22m | Ladder_short_001.glb[39m[0m
[  24% ] [90m[1m_update_scan_actions[22m | Ladder_short_002.glb[39m[0m
[  24% ] [90m[1m_update_scan_actions[22m | Ladder_short_003.glb[39m[0m
[  24% ] [90m[1m_update_scan_actions[22m | Platform_001.glb[39m[0m
[  24% ] [90m[1m_update_scan_actions[22m | Platform_002.glb[39m[0m
[  24% ] [90m[1m_update_scan_actions[22m | Platform_003.glb[39m[0m
[  24% ] [90m[1m_update_scan_actions[22m | Platform_004.glb[39m[0m
[  24% ] [90m[1m_update_scan_actions[22m | Platform_005.glb[39m[0m
[  24% ] [90m[1m_update_scan_actions[22m | Platform_006.glb[39m[0m
[  24% ] [90m[1m_update_scan_actions[22m | Platform_007.glb[39m[0m
[  24% ] [90m[1m_update_scan_actions[22m | Platform_008.glb[39m[0m
[  24% ] [90m[1m_update_scan_actions[22m | Platform_009.glb[39m[0m
[  24% ] [90m[1m_update_scan_actions[22m | Platform_010.glb[39m[0m
[  24% ] [90m[1m_update_scan_actions[22m | Platform_011.glb[39m[0m
[  24% ] [90m[1m_update_scan_actions[22m | Platform_012.glb[39m[0m
[  24% ] [90m[1m_update_scan_actions[22m | Short_column_001.glb[39m[0m
[  24% ] [90m[1m_update_scan_actions[22m | Short_column_002.glb[39m[0m
[  24% ] [90m[1m_update_scan_actions[22m | Short_column_003.glb[39m[0m
[  24% ] [90m[1m_update_scan_actions[22m | Short_column_004.glb[39m[0m
[  24% ] [90m[1m_update_scan_actions[22m | Short_column_005.glb[39m[0m
[  24% ] [90m[1m_update_scan_actions[22m | Short_column_006.glb[39m[0m
[  25% ] [90m[1m_update_scan_actions[22m | Short_column_007.glb[39m[0m
[  25% ] [90m[1m_update_scan_actions[22m | Short_column_008.glb[39m[0m
[  25% ] [90m[1m_update_scan_actions[22m | Stair_type_A_001.glb[39m[0m
[  25% ] [90m[1m_update_scan_actions[22m | Stair_type_A_002.glb[39m[0m
[  25% ] [90m[1m_update_scan_actions[22m | Stair_type_A_003.glb[39m[0m
[  25% ] [90m[1m_update_scan_actions[22m | Stair_type_B_001.glb[39m[0m
[  25% ] [90m[1m_update_scan_actions[22m | Stair_type_B_002.glb[39m[0m
[  25% ] [90m[1m_update_scan_actions[22m | Stair_type_B_003.glb[39m[0m
[  25% ] [90m[1m_update_scan_actions[22m | Stair_type_C_001.glb[39m[0m
[  25% ] [90m[1m_update_scan_actions[22m | Stair_type_C_002.glb[39m[0m
[  25% ] [90m[1m_update_scan_actions[22m | Stair_type_C_003.glb[39m[0m
[  25% ] [90m[1m_update_scan_actions[22m | Battery_001.glb[39m[0m
[  25% ] [90m[1m_update_scan_actions[22m | Battery_002.glb[39m[0m
[  25% ] [90m[1m_update_scan_actions[22m | Battery_003.glb[39m[0m
[  25% ] [90m[1m_update_scan_actions[22m | Battery_004.glb[39m[0m
[  25% ] [90m[1m_update_scan_actions[22m | Battery_005.glb[39m[0m
[  25% ] [90m[1m_update_scan_actions[22m | Battery_006.glb[39m[0m
[  25% ] [90m[1m_update_scan_actions[22m | Battery_007.glb[39m[0m
[  25% ] [90m[1m_update_scan_actions[22m | Battery_008.glb[39m[0m
[  25% ] [90m[1m_update_scan_actions[22m | Battery_009.glb[39m[0m
[  25% ] [90m[1m_update_scan_actions[22m | Battery_010.glb[39m[0m
[  25% ] [90m[1m_update_scan_actions[22m | Battery_011.glb[39m[0m
[  26% ] [90m[1m_update_scan_actions[22m | Battery_012.glb[39m[0m
[  26% ] [90m[1m_update_scan_actions[22m | Battery_013.glb[39m[0m
[  26% ] [90m[1m_update_scan_actions[22m | Battery_013_Color.png[39m[0m
[  26% ] [90m[1m_update_scan_actions[22m | Battery_014.glb[39m[0m
[  26% ] [90m[1m_update_scan_actions[22m | Battery_014_Color.png[39m[0m
[  26% ] [90m[1m_update_scan_actions[22m | Battery_015.glb[39m[0m
[  26% ] [90m[1m_update_scan_actions[22m | Battery_015_Color.png[39m[0m
[  26% ] [90m[1m_update_scan_actions[22m | Generator_001.glb[39m[0m
[  26% ] [90m[1m_update_scan_actions[22m | Generator_001_Color.png[39m[0m
[  26% ] [90m[1m_update_scan_actions[22m | Generator_002.glb[39m[0m
[  26% ] [90m[1m_update_scan_actions[22m | Generator_002_Color.png[39m[0m
[  26% ] [90m[1m_update_scan_actions[22m | Generator_003.glb[39m[0m
[  26% ] [90m[1m_update_scan_actions[22m | Generator_003_Color.png[39m[0m
[  26% ] [90m[1m_update_scan_actions[22m | Generator_004.glb[39m[0m
[  26% ] [90m[1m_update_scan_actions[22m | Generator_004_Color.png[39m[0m
[  26% ] [90m[1m_update_scan_actions[22m | Generator_005.glb[39m[0m
[  26% ] [90m[1m_update_scan_actions[22m | Generator_005_Color.png[39m[0m
[  26% ] [90m[1m_update_scan_actions[22m | Generator_006.glb[39m[0m
[  26% ] [90m[1m_update_scan_actions[22m | Generator_006_Color.png[39m[0m
[  26% ] [90m[1m_update_scan_actions[22m | Generator_007.glb[39m[0m
[  26% ] [90m[1m_update_scan_actions[22m | Generator_007_Color.png[39m[0m
[  26% ] [90m[1m_update_scan_actions[22m | Generator_008.glb[39m[0m
[  27% ] [90m[1m_update_scan_actions[22m | Generator_008_Color.png[39m[0m
[  27% ] [90m[1m_update_scan_actions[22m | Generator_009.glb[39m[0m
[  27% ] [90m[1m_update_scan_actions[22m | Generator_009_Color.png[39m[0m
[  27% ] [90m[1m_update_scan_actions[22m | Generator_011.glb[39m[0m
[  27% ] [90m[1m_update_scan_actions[22m | Generator_011_Color.png[39m[0m
[  27% ] [90m[1m_update_scan_actions[22m | Generator_013.glb[39m[0m
[  27% ] [90m[1m_update_scan_actions[22m | Generator_013_Color.png[39m[0m
[  27% ] [90m[1m_update_scan_actions[22m | Generator_014.glb[39m[0m
[  27% ] [90m[1m_update_scan_actions[22m | Generator_014_Color.png[39m[0m
[  27% ] [90m[1m_update_scan_actions[22m | Generator_015.glb[39m[0m
[  27% ] [90m[1m_update_scan_actions[22m | Generator_015_Color.png[39m[0m
[  27% ] [90m[1m_update_scan_actions[22m | Generator_016.glb[39m[0m
[  27% ] [90m[1m_update_scan_actions[22m | Generator_016_Color.png[39m[0m
[  27% ] [90m[1m_update_scan_actions[22m | Mini_farm_001.glb[39m[0m
[  27% ] [90m[1m_update_scan_actions[22m | Mini_farm_001_Color.png[39m[0m
[  27% ] [90m[1m_update_scan_actions[22m | Mini_farm_002.glb[39m[0m
[  27% ] [90m[1m_update_scan_actions[22m | Mini_farm_002_Color.png[39m[0m
[  27% ] [90m[1m_update_scan_actions[22m | Mini_farm_003.glb[39m[0m
[  27% ] [90m[1m_update_scan_actions[22m | Mini_farm_003_Color.png[39m[0m
[  27% ] [90m[1m_update_scan_actions[22m | Mini_farm_004.glb[39m[0m
[  27% ] [90m[1m_update_scan_actions[22m | Mini_farm_004_Color.png[39m[0m
[  27% ] [90m[1m_update_scan_actions[22m | Mini_farm_004_UI.png[39m[0m
[  28% ] [90m[1m_update_scan_actions[22m | Mini_farm_005.glb[39m[0m
[  28% ] [90m[1m_update_scan_actions[22m | Mini_farm_005_Color.png[39m[0m
[  28% ] [90m[1m_update_scan_actions[22m | Mini_farm_005_UI.png[39m[0m
[  28% ] [90m[1m_update_scan_actions[22m | Plant_001.glb[39m[0m
[  28% ] [90m[1m_update_scan_actions[22m | Plant_001_Color.png[39m[0m
[  28% ] [90m[1m_update_scan_actions[22m | Plant_002.glb[39m[0m
[  28% ] [90m[1m_update_scan_actions[22m | Plant_002_Color.png[39m[0m
[  28% ] [90m[1m_update_scan_actions[22m | Plant_003.glb[39m[0m
[  28% ] [90m[1m_update_scan_actions[22m | Plant_003_Color.png[39m[0m
[  28% ] [90m[1m_update_scan_actions[22m | Plant_004.glb[39m[0m
[  28% ] [90m[1m_update_scan_actions[22m | Plant_004_Color.png[39m[0m
[  28% ] [90m[1m_update_scan_actions[22m | Plant_005.glb[39m[0m
[  28% ] [90m[1m_update_scan_actions[22m | Plant_005_Color.png[39m[0m
[  28% ] [90m[1m_update_scan_actions[22m | Plant_006.glb[39m[0m
[  28% ] [90m[1m_update_scan_actions[22m | Plant_006_Color.png[39m[0m
[  28% ] [90m[1m_update_scan_actions[22m | Plant_007.glb[39m[0m
[  28% ] [90m[1m_update_scan_actions[22m | Plant_007_Color.png[39m[0m
[  28% ] [90m[1m_update_scan_actions[22m | Terminal_001.glb[39m[0m
[  28% ] [90m[1m_update_scan_actions[22m | Terminal_001_Color.png[39m[0m
[  28% ] [90m[1m_update_scan_actions[22m | Terminal_001_UI.png[39m[0m
[  28% ] [90m[1m_update_scan_actions[22m | Terminal_002.glb[39m[0m
[  28% ] [90m[1m_update_scan_actions[22m | Terminal_002_Color.png[39m[0m
[  28% ] [90m[1m_update_scan_actions[22m | Terminal_002_Holo_effect.png[39m[0m
[  29% ] [90m[1m_update_scan_actions[22m | Terminal_002_UI.png[39m[0m
[  29% ] [90m[1m_update_scan_actions[22m | Terminal_002_UI_holo.png[39m[0m
[  29% ] [90m[1m_update_scan_actions[22m | Terminal_003.glb[39m[0m
[  29% ] [90m[1m_update_scan_actions[22m | Terminal_003_Color.png[39m[0m
[  29% ] [90m[1m_update_scan_actions[22m | Terminal_003_UI.png[39m[0m
[  29% ] [90m[1m_update_scan_actions[22m | Terminal_004.glb[39m[0m
[  29% ] [90m[1m_update_scan_actions[22m | Terminal_004_Color.png[39m[0m
[  29% ] [90m[1m_update_scan_actions[22m | Terminal_004_UI.png[39m[0m
[  29% ] [90m[1m_update_scan_actions[22m | Terminal_005.glb[39m[0m
[  29% ] [90m[1m_update_scan_actions[22m | Terminal_005_Color.png[39m[0m
[  29% ] [90m[1m_update_scan_actions[22m | Terminal_005_UI_holo.png[39m[0m
[  29% ] [90m[1m_update_scan_actions[22m | Terminal_006.glb[39m[0m
[  29% ] [90m[1m_update_scan_actions[22m | Terminal_006_Color.png[39m[0m
[  29% ] [90m[1m_update_scan_actions[22m | Terminal_006_UI_holo.png[39m[0m
[  29% ] [90m[1m_update_scan_actions[22m | Terminal_007.glb[39m[0m
[  29% ] [90m[1m_update_scan_actions[22m | Terminal_007_Color.png[39m[0m
[  29% ] [90m[1m_update_scan_actions[22m | Terminal_007_UI.png[39m[0m
[  29% ] [90m[1m_update_scan_actions[22m | Terminal_008.glb[39m[0m
[  29% ] [90m[1m_update_scan_actions[22m | Terminal_008_Color.png[39m[0m
[  29% ] [90m[1m_update_scan_actions[22m | Terminal_008_Holo_effect.png[39m[0m
[  29% ] [90m[1m_update_scan_actions[22m | Terminal_008_UI.png[39m[0m
[  29% ] [90m[1m_update_scan_actions[22m | Terminal_008_UI_holo.png[39m[0m
[  30% ] [90m[1m_update_scan_actions[22m | Terminal_009.glb[39m[0m
[  30% ] [90m[1m_update_scan_actions[22m | Terminal_009_Color.png[39m[0m
[  30% ] [90m[1m_update_scan_actions[22m | Terminal_009_Holo_effect.png[39m[0m
[  30% ] [90m[1m_update_scan_actions[22m | Terminal_009_UI.png[39m[0m
[  30% ] [90m[1m_update_scan_actions[22m | Terminal_009_UI_holo.png[39m[0m
[  30% ] [90m[1m_update_scan_actions[22m | Terminal_010.glb[39m[0m
[  30% ] [90m[1m_update_scan_actions[22m | Terminal_010_Color.png[39m[0m
[  30% ] [90m[1m_update_scan_actions[22m | Terminal_010_Holo_effect.png[39m[0m
[  30% ] [90m[1m_update_scan_actions[22m | Terminal_010_UI.png[39m[0m
[  30% ] [90m[1m_update_scan_actions[22m | Terminal_010_UI_holo.png[39m[0m
[  30% ] [90m[1m_update_scan_actions[22m | Terminal_011.glb[39m[0m
[  30% ] [90m[1m_update_scan_actions[22m | Terminal_011_Color.png[39m[0m
[  30% ] [90m[1m_update_scan_actions[22m | Terminal_011_Holo_effect.png[39m[0m
[  30% ] [90m[1m_update_scan_actions[22m | Terminal_011_UI.png[39m[0m
[  30% ] [90m[1m_update_scan_actions[22m | Terminal_011_UI_holo.png[39m[0m
[  30% ] [90m[1m_update_scan_actions[22m | Terminal_012.glb[39m[0m
[  30% ] [90m[1m_update_scan_actions[22m | Terminal_012_Color.png[39m[0m
[  30% ] [90m[1m_update_scan_actions[22m | Terminal_012_Holo_effect.png[39m[0m
[  30% ] [90m[1m_update_scan_actions[22m | Terminal_012_UI.png[39m[0m
[  30% ] [90m[1m_update_scan_actions[22m | Terminal_012_UI_holo.png[39m[0m
[  30% ] [90m[1m_update_scan_actions[22m | Terminal_013.glb[39m[0m
[  30% ] [90m[1m_update_scan_actions[22m | Terminal_013_Color.png[39m[0m
[  31% ] [90m[1m_update_scan_actions[22m | Terminal_013_Holo_effect.png[39m[0m
[  31% ] [90m[1m_update_scan_actions[22m | Terminal_013_UI.png[39m[0m
[  31% ] [90m[1m_update_scan_actions[22m | Terminal_013_UI_holo.png[39m[0m
[  31% ] [90m[1m_update_scan_actions[22m | Terminal_014.glb[39m[0m
[  31% ] [90m[1m_update_scan_actions[22m | Terminal_014_Color.png[39m[0m
[  31% ] [90m[1m_update_scan_actions[22m | Terminal_014_Holo_effect.png[39m[0m
[  31% ] [90m[1m_update_scan_actions[22m | Terminal_014_UI.png[39m[0m
[  31% ] [90m[1m_update_scan_actions[22m | Terminal_015.glb[39m[0m
[  31% ] [90m[1m_update_scan_actions[22m | Terminal_015_Color.png[39m[0m
[  31% ] [90m[1m_update_scan_actions[22m | Terminal_015_UI.png[39m[0m
[  31% ] [90m[1m_update_scan_actions[22m | Terminal_016.glb[39m[0m
[  31% ] [90m[1m_update_scan_actions[22m | Terminal_016_Color.png[39m[0m
[  31% ] [90m[1m_update_scan_actions[22m | Terminal_016_Holo_effect.png[39m[0m
[  31% ] [90m[1m_update_scan_actions[22m | Terminal_016_UI.png[39m[0m
[  31% ] [90m[1m_update_scan_actions[22m | Terminal_016_UI_holo.png[39m[0m
[  31% ] [90m[1m_update_scan_actions[22m | Terminal_017.glb[39m[0m
[  31% ] [90m[1m_update_scan_actions[22m | Terminal_017_Color.png[39m[0m
[  31% ] [90m[1m_update_scan_actions[22m | Terminal_017_UI.png[39m[0m
[  31% ] [90m[1m_update_scan_actions[22m | Vending_Machine_001.glb[39m[0m
[  31% ] [90m[1m_update_scan_actions[22m | Vending_Machine_001_Color.png[39m[0m
[  31% ] [90m[1m_update_scan_actions[22m | Vending_Machine_001_UI.png[39m[0m
[  31% ] [90m[1m_update_scan_actions[22m | Vending_Machine_001_Vending.png[39m[0m
[  32% ] [90m[1m_update_scan_actions[22m | Vending_Machine_002.glb[39m[0m
[  32% ] [90m[1m_update_scan_actions[22m | Vending_Machine_002_Color.png[39m[0m
[  32% ] [90m[1m_update_scan_actions[22m | Vending_Machine_002_UI.png[39m[0m
[  32% ] [90m[1m_update_scan_actions[22m | Vending_Machine_002_Vending.png[39m[0m
[  32% ] [90m[1m_update_scan_actions[22m | Vending_Machine_003.glb[39m[0m
[  32% ] [90m[1m_update_scan_actions[22m | Vending_Machine_003_Color.png[39m[0m
[  32% ] [90m[1m_update_scan_actions[22m | Vending_Machine_003_Vending.png[39m[0m
[  32% ] [90m[1m_update_scan_actions[22m | Vending_Machine_004.glb[39m[0m
[  32% ] [90m[1m_update_scan_actions[22m | Vending_Machine_004_Color.png[39m[0m
[  32% ] [90m[1m_update_scan_actions[22m | Vending_Machine_004_Vending.png[39m[0m
[  32% ] [90m[1m_update_scan_actions[22m | Vending_Machine_005.glb[39m[0m
[  32% ] [90m[1m_update_scan_actions[22m | Vending_Machine_005_Color.png[39m[0m
[  32% ] [90m[1m_update_scan_actions[22m | Vending_Machine_005_UI.png[39m[0m
[  32% ] [90m[1m_update_scan_actions[22m | Vending_Machine_005_Vending.png[39m[0m
[  32% ] [90m[1m_update_scan_actions[22m | Vending_Machine_006.glb[39m[0m
[  32% ] [90m[1m_update_scan_actions[22m | Vending_Machine_006_Color.png[39m[0m
[  32% ] [90m[1m_update_scan_actions[22m | Vending_Machine_006_UI.png[39m[0m
[  32% ] [90m[1m_update_scan_actions[22m | Vending_Machine_006_Vending.png[39m[0m
[  32% ] [90m[1m_update_scan_actions[22m | Vending_Machine_007.glb[39m[0m
[  32% ] [90m[1m_update_scan_actions[22m | Vending_Machine_007_Color.png[39m[0m
[  32% ] [90m[1m_update_scan_actions[22m | Vending_Machine_007_UI.png[39m[0m
[  32% ] [90m[1m_update_scan_actions[22m | Vending_Machine_007_Vending.png[39m[0m
[  33% ] [90m[1m_update_scan_actions[22m | Cargo_drone_001.glb[39m[0m
[  33% ] [90m[1m_update_scan_actions[22m | Cargo_drone_001_Color.png[39m[0m
[  33% ] [90m[1m_update_scan_actions[22m | Cargo_drone_001_UI.png[39m[0m
[  33% ] [90m[1m_update_scan_actions[22m | Cargo_drone_002.glb[39m[0m
[  33% ] [90m[1m_update_scan_actions[22m | Cargo_drone_002_cantainer_001.glb[39m[0m
[  33% ] [90m[1m_update_scan_actions[22m | Cargo_drone_002_cantainer_001_Color.png[39m[0m
[  33% ] [90m[1m_update_scan_actions[22m | Cargo_drone_002_Color.png[39m[0m
[  33% ] [90m[1m_update_scan_actions[22m | Cargo_drone_003.glb[39m[0m
[  33% ] [90m[1m_update_scan_actions[22m | Cargo_drone_003_cantainer_001.glb[39m[0m
[  33% ] [90m[1m_update_scan_actions[22m | Cargo_drone_003_cantainer_001_Color.png[39m[0m
[  33% ] [90m[1m_update_scan_actions[22m | Cargo_drone_003_Color.png[39m[0m
[  33% ] [90m[1m_update_scan_actions[22m | Cargo_drone_004.glb[39m[0m
[  33% ] [90m[1m_update_scan_actions[22m | Cargo_drone_004_Color.png[39m[0m
[  33% ] [90m[1m_update_scan_actions[22m | Cargo_drone_005.glb[39m[0m
[  33% ] [90m[1m_update_scan_actions[22m | Cargo_drone_005_Color.png[39m[0m
[  33% ] [90m[1m_update_scan_actions[22m | Delivery_drone_001.glb[39m[0m
[  33% ] [90m[1m_update_scan_actions[22m | Delivery_drone_001_Color.png[39m[0m
[  33% ] [90m[1m_update_scan_actions[22m | Delivery_drone_002.glb[39m[0m
[  33% ] [90m[1m_update_scan_actions[22m | Delivery_drone_002_Color.png[39m[0m
[  33% ] [90m[1m_update_scan_actions[22m | Delivery_drone_003.glb[39m[0m
[  33% ] [90m[1m_update_scan_actions[22m | Delivery_drone_003_Color.png[39m[0m
[  33% ] [90m[1m_update_scan_actions[22m | Delivery_drone_004.glb[39m[0m
[  34% ] [90m[1m_update_scan_actions[22m | Delivery_drone_004_Color.png[39m[0m
[  34% ] [90m[1m_update_scan_actions[22m | Delivery_drone_005.glb[39m[0m
[  34% ] [90m[1m_update_scan_actions[22m | Delivery_drone_005_Color.png[39m[0m
[  34% ] [90m[1m_update_scan_actions[22m | Delivery_drone_006.glb[39m[0m
[  34% ] [90m[1m_update_scan_actions[22m | Delivery_drone_006_Color.png[39m[0m
[  34% ] [90m[1m_update_scan_actions[22m | Delivery_drone_006_crate_001.glb[39m[0m
[  34% ] [90m[1m_update_scan_actions[22m | Delivery_drone_006_crate_001_Color.png[39m[0m
[  34% ] [90m[1m_update_scan_actions[22m | Delivery_drone_007.glb[39m[0m
[  34% ] [90m[1m_update_scan_actions[22m | Delivery_drone_007_Color.png[39m[0m
[  34% ] [90m[1m_update_scan_actions[22m | Delivery_drone_008.glb[39m[0m
[  34% ] [90m[1m_update_scan_actions[22m | Delivery_drone_008_Color.png[39m[0m
[  34% ] [90m[1m_update_scan_actions[22m | Delivery_drone_009.glb[39m[0m
[  34% ] [90m[1m_update_scan_actions[22m | Delivery_drone_009_Color.png[39m[0m
[  34% ] [90m[1m_update_scan_actions[22m | Delivery_drone_010.glb[39m[0m
[  34% ] [90m[1m_update_scan_actions[22m | Delivery_drone_010_Color.png[39m[0m
[  34% ] [90m[1m_update_scan_actions[22m | Delivery_drone_011.glb[39m[0m
[  34% ] [90m[1m_update_scan_actions[22m | Delivery_drone_011_Color.png[39m[0m
[  34% ] [90m[1m_update_scan_actions[22m | Delivery_drone_011_crate_001.glb[39m[0m
[  34% ] [90m[1m_update_scan_actions[22m | Delivery_drone_011_crate_001_Color.png[39m[0m
[  34% ] [90m[1m_update_scan_actions[22m | Delivery_drone_012.glb[39m[0m
[  34% ] [90m[1m_update_scan_actions[22m | Delivery_drone_012_Color.png[39m[0m
[  34% ] [90m[1m_update_scan_actions[22m | Delivery_drone_012_crate_001.glb[39m[0m
[  35% ] [90m[1m_update_scan_actions[22m | Delivery_drone_012_crate_001_Color.png[39m[0m
[  35% ] [90m[1m_update_scan_actions[22m | Drone_001.glb[39m[0m
[  35% ] [90m[1m_update_scan_actions[22m | Drone_001_Color.png[39m[0m
[  35% ] [90m[1m_update_scan_actions[22m | Drone_002.glb[39m[0m
[  35% ] [90m[1m_update_scan_actions[22m | Drone_002_Color.png[39m[0m
[  35% ] [90m[1m_update_scan_actions[22m | Drone_003.glb[39m[0m
[  35% ] [90m[1m_update_scan_actions[22m | Drone_003_Color.png[39m[0m
[  35% ] [90m[1m_update_scan_actions[22m | Drone_004.glb[39m[0m
[  35% ] [90m[1m_update_scan_actions[22m | Drone_004_Color.png[39m[0m
[  35% ] [90m[1m_update_scan_actions[22m | Drone_006.glb[39m[0m
[  35% ] [90m[1m_update_scan_actions[22m | Drone_006_Color.png[39m[0m
[  35% ] [90m[1m_update_scan_actions[22m | Drone_007.glb[39m[0m
[  35% ] [90m[1m_update_scan_actions[22m | Drone_007_Color.png[39m[0m
[  35% ] [90m[1m_update_scan_actions[22m | Drone_008.glb[39m[0m
[  35% ] [90m[1m_update_scan_actions[22m | Drone_008_Color.png[39m[0m
[  35% ] [90m[1m_update_scan_actions[22m | Drone_009.glb[39m[0m
[  35% ] [90m[1m_update_scan_actions[22m | Drone_009_Color.png[39m[0m
[  35% ] [90m[1m_update_scan_actions[22m | Drone_010.glb[39m[0m
[  35% ] [90m[1m_update_scan_actions[22m | Drone_010_Color.png[39m[0m
[  35% ] [90m[1m_update_scan_actions[22m | Drone_011.glb[39m[0m
[  35% ] [90m[1m_update_scan_actions[22m | Drone_011_Color.png[39m[0m
[  35% ] [90m[1m_update_scan_actions[22m | Drone_012.glb[39m[0m
[  36% ] [90m[1m_update_scan_actions[22m | Drone_012_Color.png[39m[0m
[  36% ] [90m[1m_update_scan_actions[22m | Drone_013.glb[39m[0m
[  36% ] [90m[1m_update_scan_actions[22m | Drone_013_Color.png[39m[0m
[  36% ] [90m[1m_update_scan_actions[22m | Drone_014.glb[39m[0m
[  36% ] [90m[1m_update_scan_actions[22m | Drone_014_Color.png[39m[0m
[  36% ] [90m[1m_update_scan_actions[22m | Drone_015.glb[39m[0m
[  36% ] [90m[1m_update_scan_actions[22m | Drone_015_Color.png[39m[0m
[  36% ] [90m[1m_update_scan_actions[22m | Turret_001.glb[39m[0m
[  36% ] [90m[1m_update_scan_actions[22m | Turret_001_Color.png[39m[0m
[  36% ] [90m[1m_update_scan_actions[22m | Turret_002.glb[39m[0m
[  36% ] [90m[1m_update_scan_actions[22m | Turret_002_Color.png[39m[0m
[  36% ] [90m[1m_update_scan_actions[22m | Turret_003.glb[39m[0m
[  36% ] [90m[1m_update_scan_actions[22m | Turret_003_Color.png[39m[0m
[  36% ] [90m[1m_update_scan_actions[22m | Turret_004.glb[39m[0m
[  36% ] [90m[1m_update_scan_actions[22m | Turret_004_Color.png[39m[0m
[  36% ] [90m[1m_update_scan_actions[22m | Turret_004_UI.png[39m[0m
[  36% ] [90m[1m_update_scan_actions[22m | Turret_005.glb[39m[0m
[  36% ] [90m[1m_update_scan_actions[22m | Turret_005_Color.png[39m[0m
[  36% ] [90m[1m_update_scan_actions[22m | Turret_006.glb[39m[0m
[  36% ] [90m[1m_update_scan_actions[22m | Turret_006_Color.png[39m[0m
[  36% ] [90m[1m_update_scan_actions[22m | Turret_007.glb[39m[0m
[  36% ] [90m[1m_update_scan_actions[22m | Turret_007_Color.png[39m[0m
[  37% ] [90m[1m_update_scan_actions[22m | Turret_008.glb[39m[0m
[  37% ] [90m[1m_update_scan_actions[22m | Turret_008_Color.png[39m[0m
[  37% ] [90m[1m_update_scan_actions[22m | Turret_008_UI.png[39m[0m
[  37% ] [90m[1m_update_scan_actions[22m | Turret_009.glb[39m[0m
[  37% ] [90m[1m_update_scan_actions[22m | Turret_009_Color.png[39m[0m
[  37% ] [90m[1m_update_scan_actions[22m | Turret_010.glb[39m[0m
[  37% ] [90m[1m_update_scan_actions[22m | Turret_010_Color.png[39m[0m
[  37% ] [90m[1m_update_scan_actions[22m | Turret_011.glb[39m[0m
[  37% ] [90m[1m_update_scan_actions[22m | Turret_011_Color.png[39m[0m
[  37% ] [90m[1m_update_scan_actions[22m | Turret_012.glb[39m[0m
[  37% ] [90m[1m_update_scan_actions[22m | Turret_012_Color.png[39m[0m
[  37% ] [90m[1m_update_scan_actions[22m | Turret_013.glb[39m[0m
[  37% ] [90m[1m_update_scan_actions[22m | Turret_013_Color.png[39m[0m
[  37% ] [90m[1m_update_scan_actions[22m | Turret_014.glb[39m[0m
[  37% ] [90m[1m_update_scan_actions[22m | Turret_014_Color.png[39m[0m
[  37% ] [90m[1m_update_scan_actions[22m | Ceiling_type_A_001.glb[39m[0m
[  37% ] [90m[1m_update_scan_actions[22m | Ceiling_type_A_001_Color.png[39m[0m
[  37% ] [90m[1m_update_scan_actions[22m | Ceiling_type_A_002.glb[39m[0m
[  37% ] [90m[1m_update_scan_actions[22m | Ceiling_type_A_002_Color.png[39m[0m
[  37% ] [90m[1m_update_scan_actions[22m | Ceiling_type_A_003.glb[39m[0m
[  37% ] [90m[1m_update_scan_actions[22m | Ceiling_type_A_003_Color.png[39m[0m
[  37% ] [90m[1m_update_scan_actions[22m | Ceiling_type_A_004.glb[39m[0m
[  38% ] [90m[1m_update_scan_actions[22m | Ceiling_type_A_004_Color.png[39m[0m
[  38% ] [90m[1m_update_scan_actions[22m | Ceiling_type_A_005.glb[39m[0m
[  38% ] [90m[1m_update_scan_actions[22m | Ceiling_type_A_005_Color.png[39m[0m
[  38% ] [90m[1m_update_scan_actions[22m | Ceiling_type_A_006.glb[39m[0m
[  38% ] [90m[1m_update_scan_actions[22m | Ceiling_type_A_006_Color.png[39m[0m
[  38% ] [90m[1m_update_scan_actions[22m | Ceiling_type_A_007.glb[39m[0m
[  38% ] [90m[1m_update_scan_actions[22m | Ceiling_type_A_007_Color.png[39m[0m
[  38% ] [90m[1m_update_scan_actions[22m | Ceiling_type_A_008.glb[39m[0m
[  38% ] [90m[1m_update_scan_actions[22m | Ceiling_type_A_008_002.glb[39m[0m
[  38% ] [90m[1m_update_scan_actions[22m | Ceiling_type_A_008_002_Color.png[39m[0m
[  38% ] [90m[1m_update_scan_actions[22m | Ceiling_type_A_008_003.glb[39m[0m
[  38% ] [90m[1m_update_scan_actions[22m | Ceiling_type_A_008_003_Color.png[39m[0m
[  38% ] [90m[1m_update_scan_actions[22m | Ceiling_type_A_008_004.glb[39m[0m
[  38% ] [90m[1m_update_scan_actions[22m | Ceiling_type_A_008_004_Color.png[39m[0m
[  38% ] [90m[1m_update_scan_actions[22m | Ceiling_type_A_008_Color.png[39m[0m
[  38% ] [90m[1m_update_scan_actions[22m | Ceiling_type_A_009.glb[39m[0m
[  38% ] [90m[1m_update_scan_actions[22m | Ceiling_type_A_009_Color.png[39m[0m
[  38% ] [90m[1m_update_scan_actions[22m | Ceiling_type_A_011.glb[39m[0m
[  38% ] [90m[1m_update_scan_actions[22m | Ceiling_type_A_011_002.glb[39m[0m
[  38% ] [90m[1m_update_scan_actions[22m | Ceiling_type_A_011_002_Color.png[39m[0m
[  38% ] [90m[1m_update_scan_actions[22m | Ceiling_type_A_011_003.glb[39m[0m
[  38% ] [90m[1m_update_scan_actions[22m | Ceiling_type_A_011_003_Color.png[39m[0m
[  39% ] [90m[1m_update_scan_actions[22m | Ceiling_type_A_011_004.glb[39m[0m
[  39% ] [90m[1m_update_scan_actions[22m | Ceiling_type_A_011_004_Color.png[39m[0m
[  39% ] [90m[1m_update_scan_actions[22m | Ceiling_type_A_011_Color.png[39m[0m
[  39% ] [90m[1m_update_scan_actions[22m | Ceiling_type_A_012.glb[39m[0m
[  39% ] [90m[1m_update_scan_actions[22m | Ceiling_type_A_012_Color.png[39m[0m
[  39% ] [90m[1m_update_scan_actions[22m | Ceiling_type_A_013.glb[39m[0m
[  39% ] [90m[1m_update_scan_actions[22m | Ceiling_type_A_013_Color.png[39m[0m
[  39% ] [90m[1m_update_scan_actions[22m | Ceiling_type_A_014.glb[39m[0m
[  39% ] [90m[1m_update_scan_actions[22m | Ceiling_type_A_014_Color.png[39m[0m
[  39% ] [90m[1m_update_scan_actions[22m | Ceiling_type_A_015.glb[39m[0m
[  39% ] [90m[1m_update_scan_actions[22m | Ceiling_type_A_015_Color.png[39m[0m
[  39% ] [90m[1m_update_scan_actions[22m | Ceiling_type_A_016.glb[39m[0m
[  39% ] [90m[1m_update_scan_actions[22m | Ceiling_type_A_016_Color.png[39m[0m
[  39% ] [90m[1m_update_scan_actions[22m | Ceiling_type_A_017.glb[39m[0m
[  39% ] [90m[1m_update_scan_actions[22m | Ceiling_type_A_017_Color.png[39m[0m
[  39% ] [90m[1m_update_scan_actions[22m | Ceiling_type_A_019.glb[39m[0m
[  39% ] [90m[1m_update_scan_actions[22m | Ceiling_type_A_019_Color.png[39m[0m
[  39% ] [90m[1m_update_scan_actions[22m | Ceiling_type_A_020.glb[39m[0m
[  39% ] [90m[1m_update_scan_actions[22m | Ceiling_type_A_020_Color.png[39m[0m
[  39% ] [90m[1m_update_scan_actions[22m | Ceiling_type_A_021.glb[39m[0m
[  39% ] [90m[1m_update_scan_actions[22m | Ceiling_type_A_021_Color.png[39m[0m
[  39% ] [90m[1m_update_scan_actions[22m | Ceiling_type_A_022.glb[39m[0m
[  40% ] [90m[1m_update_scan_actions[22m | Ceiling_type_A_022_Color.png[39m[0m
[  40% ] [90m[1m_update_scan_actions[22m | Ceiling_type_A_023.glb[39m[0m
[  40% ] [90m[1m_update_scan_actions[22m | Ceiling_type_A_023_Color.png[39m[0m
[  40% ] [90m[1m_update_scan_actions[22m | Ceiling_type_A_024.glb[39m[0m
[  40% ] [90m[1m_update_scan_actions[22m | Ceiling_type_A_024_Color.png[39m[0m
[  40% ] [90m[1m_update_scan_actions[22m | Ceiling_type_A_025.glb[39m[0m
[  40% ] [90m[1m_update_scan_actions[22m | Ceiling_type_A_025_Color.png[39m[0m
[  40% ] [90m[1m_update_scan_actions[22m | Ceiling_type_A_026.glb[39m[0m
[  40% ] [90m[1m_update_scan_actions[22m | Ceiling_type_A_026_002.glb[39m[0m
[  40% ] [90m[1m_update_scan_actions[22m | Ceiling_type_A_026_002_Color.png[39m[0m
[  40% ] [90m[1m_update_scan_actions[22m | Ceiling_type_A_026_003.glb[39m[0m
[  40% ] [90m[1m_update_scan_actions[22m | Ceiling_type_A_026_003_Color.png[39m[0m
[  40% ] [90m[1m_update_scan_actions[22m | Ceiling_type_A_026_004.glb[39m[0m
[  40% ] [90m[1m_update_scan_actions[22m | Ceiling_type_A_026_004_Color.png[39m[0m
[  40% ] [90m[1m_update_scan_actions[22m | Ceiling_type_A_026_Color.png[39m[0m
[  40% ] [90m[1m_update_scan_actions[22m | Ceiling_type_A_027.glb[39m[0m
[  40% ] [90m[1m_update_scan_actions[22m | Ceiling_type_A_027_Color.png[39m[0m
[  40% ] [90m[1m_update_scan_actions[22m | Ceiling_type_A_028.glb[39m[0m
[  40% ] [90m[1m_update_scan_actions[22m | Ceiling_type_A_028_Color.png[39m[0m
[  40% ] [90m[1m_update_scan_actions[22m | Ceiling_type_A_030.glb[39m[0m
[  40% ] [90m[1m_update_scan_actions[22m | Ceiling_type_A_030_Color.png[39m[0m
[  40% ] [90m[1m_update_scan_actions[22m | Ceiling_type_A_031.glb[39m[0m
[  41% ] [90m[1m_update_scan_actions[22m | Ceiling_type_A_031_Color.png[39m[0m
[  41% ] [90m[1m_update_scan_actions[22m | Ceiling_type_A_032.glb[39m[0m
[  41% ] [90m[1m_update_scan_actions[22m | Ceiling_type_A_032_Color.png[39m[0m
[  41% ] [90m[1m_update_scan_actions[22m | Ceiling_type_A_033.glb[39m[0m
[  41% ] [90m[1m_update_scan_actions[22m | Ceiling_type_A_033_Color.png[39m[0m
[  41% ] [90m[1m_update_scan_actions[22m | Ceiling_type_A_034.glb[39m[0m
[  41% ] [90m[1m_update_scan_actions[22m | Ceiling_type_A_034_010.glb[39m[0m
[  41% ] [90m[1m_update_scan_actions[22m | Ceiling_type_A_034_010_Color.png[39m[0m
[  41% ] [90m[1m_update_scan_actions[22m | Ceiling_type_A_034_011.glb[39m[0m
[  41% ] [90m[1m_update_scan_actions[22m | Ceiling_type_A_034_011_Color.png[39m[0m
[  41% ] [90m[1m_update_scan_actions[22m | Ceiling_type_A_034_012.glb[39m[0m
[  41% ] [90m[1m_update_scan_actions[22m | Ceiling_type_A_034_012_Color.png[39m[0m
[  41% ] [90m[1m_update_scan_actions[22m | Ceiling_type_A_034_Color.png[39m[0m
[  41% ] [90m[1m_update_scan_actions[22m | Ceiling_type_A_035.glb[39m[0m
[  41% ] [90m[1m_update_scan_actions[22m | Ceiling_type_A_035_Color.png[39m[0m
[  41% ] [90m[1m_update_scan_actions[22m | Ceiling_type_A_036.glb[39m[0m
[  41% ] [90m[1m_update_scan_actions[22m | Ceiling_type_A_036_Color.png[39m[0m
[  41% ] [90m[1m_update_scan_actions[22m | Ceiling_type_A_037.glb[39m[0m
[  41% ] [90m[1m_update_scan_actions[22m | Ceiling_type_A_037_Color.png[39m[0m
[  41% ] [90m[1m_update_scan_actions[22m | Ceiling_type_A_038.glb[39m[0m
[  41% ] [90m[1m_update_scan_actions[22m | Ceiling_type_A_038_Color.png[39m[0m
[  41% ] [90m[1m_update_scan_actions[22m | Ceiling_type_A_039.glb[39m[0m
[  42% ] [90m[1m_update_scan_actions[22m | Ceiling_type_A_039_Color.png[39m[0m
[  42% ] [90m[1m_update_scan_actions[22m | Ceiling_type_A_041.glb[39m[0m
[  42% ] [90m[1m_update_scan_actions[22m | Ceiling_type_A_041_Color.png[39m[0m
[  42% ] [90m[1m_update_scan_actions[22m | Ceiling_type_A_042.glb[39m[0m
[  42% ] [90m[1m_update_scan_actions[22m | Ceiling_type_A_042_Color.png[39m[0m
[  42% ] [90m[1m_update_scan_actions[22m | Ceiling_type_A_043.glb[39m[0m
[  42% ] [90m[1m_update_scan_actions[22m | Ceiling_type_A_043_Color.png[39m[0m
[  42% ] [90m[1m_update_scan_actions[22m | Ceiling_type_A_044.glb[39m[0m
[  42% ] [90m[1m_update_scan_actions[22m | Ceiling_type_A_044_Color.png[39m[0m
[  42% ] [90m[1m_update_scan_actions[22m | Ceiling_type_A_045.glb[39m[0m
[  42% ] [90m[1m_update_scan_actions[22m | Ceiling_type_A_045_Color.png[39m[0m
[  42% ] [90m[1m_update_scan_actions[22m | Ceiling_type_A_046.glb[39m[0m
[  42% ] [90m[1m_update_scan_actions[22m | Ceiling_type_A_046_Color.png[39m[0m
[  42% ] [90m[1m_update_scan_actions[22m | Ceiling_type_A_047.glb[39m[0m
[  42% ] [90m[1m_update_scan_actions[22m | Ceiling_type_A_047_Color.png[39m[0m
[  42% ] [90m[1m_update_scan_actions[22m | Ceiling_type_A_048.glb[39m[0m
[  42% ] [90m[1m_update_scan_actions[22m | Ceiling_type_A_048_Color.png[39m[0m
[  42% ] [90m[1m_update_scan_actions[22m | Ceiling_type_A_049.glb[39m[0m
[  42% ] [90m[1m_update_scan_actions[22m | Ceiling_type_A_049_Color.png[39m[0m
[  42% ] [90m[1m_update_scan_actions[22m | Ceiling_type_A_050.glb[39m[0m
[  42% ] [90m[1m_update_scan_actions[22m | Ceiling_type_A_050_Color.png[39m[0m
[  42% ] [90m[1m_update_scan_actions[22m | Ceiling_type_A_051.glb[39m[0m
[  42% ] [90m[1m_update_scan_actions[22m | Ceiling_type_A_051_Color.png[39m[0m
[  43% ] [90m[1m_update_scan_actions[22m | Ceiling_type_A_052.glb[39m[0m
[  43% ] [90m[1m_update_scan_actions[22m | Ceiling_type_A_052_002.glb[39m[0m
[  43% ] [90m[1m_update_scan_actions[22m | Ceiling_type_A_052_002_Color.png[39m[0m
[  43% ] [90m[1m_update_scan_actions[22m | Ceiling_type_A_052_003.glb[39m[0m
[  43% ] [90m[1m_update_scan_actions[22m | Ceiling_type_A_052_003_Color.png[39m[0m
[  43% ] [90m[1m_update_scan_actions[22m | Ceiling_type_A_052_004.glb[39m[0m
[  43% ] [90m[1m_update_scan_actions[22m | Ceiling_type_A_052_004_Color.png[39m[0m
[  43% ] [90m[1m_update_scan_actions[22m | Ceiling_type_A_052_Color.png[39m[0m
[  43% ] [90m[1m_update_scan_actions[22m | Ceiling_type_A_053.glb[39m[0m
[  43% ] [90m[1m_update_scan_actions[22m | Ceiling_type_A_053_Color.png[39m[0m
[  43% ] [90m[1m_update_scan_actions[22m | Ceiling_type_A_055.glb[39m[0m
[  43% ] [90m[1m_update_scan_actions[22m | Ceiling_type_A_055_Color.png[39m[0m
[  43% ] [90m[1m_update_scan_actions[22m | Ceiling_type_B_001.glb[39m[0m
[  43% ] [90m[1m_update_scan_actions[22m | Ceiling_type_B_001_Color.png[39m[0m
[  43% ] [90m[1m_update_scan_actions[22m | Ceiling_type_B_002.glb[39m[0m
[  43% ] [90m[1m_update_scan_actions[22m | Ceiling_type_B_002_Color.png[39m[0m
[  43% ] [90m[1m_update_scan_actions[22m | Ceiling_type_B_003.glb[39m[0m
[  43% ] [90m[1m_update_scan_actions[22m | Ceiling_type_B_003_Color.png[39m[0m
[  43% ] [90m[1m_update_scan_actions[22m | Ceiling_type_B_004.glb[39m[0m
[  43% ] [90m[1m_update_scan_actions[22m | Ceiling_type_B_004_Color.png[39m[0m
[  43% ] [90m[1m_update_scan_actions[22m | Ceiling_type_B_005.glb[39m[0m
[  43% ] [90m[1m_update_scan_actions[22m | Ceiling_type_B_005_Color.png[39m[0m
[  44% ] [90m[1m_update_scan_actions[22m | Ceiling_type_B_006.glb[39m[0m
[  44% ] [90m[1m_update_scan_actions[22m | Ceiling_type_B_006_Color.png[39m[0m
[  44% ] [90m[1m_update_scan_actions[22m | Ceiling_type_B_007.glb[39m[0m
[  44% ] [90m[1m_update_scan_actions[22m | Ceiling_type_B_007_Color.png[39m[0m
[  44% ] [90m[1m_update_scan_actions[22m | Ceiling_type_B_008.glb[39m[0m
[  44% ] [90m[1m_update_scan_actions[22m | Ceiling_type_B_008_002.glb[39m[0m
[  44% ] [90m[1m_update_scan_actions[22m | Ceiling_type_B_008_002_Color.png[39m[0m
[  44% ] [90m[1m_update_scan_actions[22m | Ceiling_type_B_008_011.glb[39m[0m
[  44% ] [90m[1m_update_scan_actions[22m | Ceiling_type_B_008_011_Color.png[39m[0m
[  44% ] [90m[1m_update_scan_actions[22m | Ceiling_type_B_008_012.glb[39m[0m
[  44% ] [90m[1m_update_scan_actions[22m | Ceiling_type_B_008_012_Color.png[39m[0m
[  44% ] [90m[1m_update_scan_actions[22m | Ceiling_type_B_008_Color.png[39m[0m
[  44% ] [90m[1m_update_scan_actions[22m | Ceiling_type_B_009.glb[39m[0m
[  44% ] [90m[1m_update_scan_actions[22m | Ceiling_type_B_009_Color.png[39m[0m
[  44% ] [90m[1m_update_scan_actions[22m | Ceiling_type_B_011.glb[39m[0m
[  44% ] [90m[1m_update_scan_actions[22m | Ceiling_type_B_011_002.glb[39m[0m
[  44% ] [90m[1m_update_scan_actions[22m | Ceiling_type_B_011_002_Color.png[39m[0m
[  44% ] [90m[1m_update_scan_actions[22m | Ceiling_type_B_011_004.glb[39m[0m
[  44% ] [90m[1m_update_scan_actions[22m | Ceiling_type_B_011_004_Color.png[39m[0m
[  44% ] [90m[1m_update_scan_actions[22m | Ceiling_type_B_011_005.glb[39m[0m
[  44% ] [90m[1m_update_scan_actions[22m | Ceiling_type_B_011_005_Color.png[39m[0m
[  44% ] [90m[1m_update_scan_actions[22m | Ceiling_type_B_011_Color.png[39m[0m
[  45% ] [90m[1m_update_scan_actions[22m | Ceiling_type_B_012.glb[39m[0m
[  45% ] [90m[1m_update_scan_actions[22m | Ceiling_type_B_012_Color.png[39m[0m
[  45% ] [90m[1m_update_scan_actions[22m | Ceiling_type_B_013.glb[39m[0m
[  45% ] [90m[1m_update_scan_actions[22m | Ceiling_type_B_013_Color.png[39m[0m
[  45% ] [90m[1m_update_scan_actions[22m | Ceiling_type_B_014.glb[39m[0m
[  45% ] [90m[1m_update_scan_actions[22m | Ceiling_type_B_014_Color.png[39m[0m
[  45% ] [90m[1m_update_scan_actions[22m | Ceiling_type_B_015.glb[39m[0m
[  45% ] [90m[1m_update_scan_actions[22m | Ceiling_type_B_015_Color.png[39m[0m
[  45% ] [90m[1m_update_scan_actions[22m | Ceiling_type_B_016.glb[39m[0m
[  45% ] [90m[1m_update_scan_actions[22m | Ceiling_type_B_016_Color.png[39m[0m
[  45% ] [90m[1m_update_scan_actions[22m | Ceiling_type_B_017.glb[39m[0m
[  45% ] [90m[1m_update_scan_actions[22m | Ceiling_type_B_017_Color.png[39m[0m
[  45% ] [90m[1m_update_scan_actions[22m | Ceiling_type_B_019.glb[39m[0m
[  45% ] [90m[1m_update_scan_actions[22m | Ceiling_type_B_019_Color.png[39m[0m
[  45% ] [90m[1m_update_scan_actions[22m | Ceiling_type_B_020.glb[39m[0m
[  45% ] [90m[1m_update_scan_actions[22m | Ceiling_type_B_020_Color.png[39m[0m
[  45% ] [90m[1m_update_scan_actions[22m | Ceiling_type_B_021.glb[39m[0m
[  45% ] [90m[1m_update_scan_actions[22m | Ceiling_type_B_021_Color.png[39m[0m
[  45% ] [90m[1m_update_scan_actions[22m | Ceiling_type_B_022.glb[39m[0m
[  45% ] [90m[1m_update_scan_actions[22m | Ceiling_type_B_022_Color.png[39m[0m
[  45% ] [90m[1m_update_scan_actions[22m | Ceiling_type_B_023.glb[39m[0m
[  45% ] [90m[1m_update_scan_actions[22m | Ceiling_type_B_023_Color.png[39m[0m
[  46% ] [90m[1m_update_scan_actions[22m | Ceiling_type_B_024.glb[39m[0m
[  46% ] [90m[1m_update_scan_actions[22m | Ceiling_type_B_024_Color.png[39m[0m
[  46% ] [90m[1m_update_scan_actions[22m | Ceiling_type_B_025.glb[39m[0m
[  46% ] [90m[1m_update_scan_actions[22m | Ceiling_type_B_025_Color.png[39m[0m
[  46% ] [90m[1m_update_scan_actions[22m | Ceiling_type_B_026.glb[39m[0m
[  46% ] [90m[1m_update_scan_actions[22m | Ceiling_type_B_026_002.glb[39m[0m
[  46% ] [90m[1m_update_scan_actions[22m | Ceiling_type_B_026_002_Color.png[39m[0m
[  46% ] [90m[1m_update_scan_actions[22m | Ceiling_type_B_026_003.glb[39m[0m
[  46% ] [90m[1m_update_scan_actions[22m | Ceiling_type_B_026_003_Color.png[39m[0m
[  46% ] [90m[1m_update_scan_actions[22m | Ceiling_type_B_026_004.glb[39m[0m
[  46% ] [90m[1m_update_scan_actions[22m | Ceiling_type_B_026_004_Color.png[39m[0m
[  46% ] [90m[1m_update_scan_actions[22m | Ceiling_type_B_026_Color.png[39m[0m
[  46% ] [90m[1m_update_scan_actions[22m | Ceiling_type_B_027.glb[39m[0m
[  46% ] [90m[1m_update_scan_actions[22m | Ceiling_type_B_027_Color.png[39m[0m
[  46% ] [90m[1m_update_scan_actions[22m | Ceiling_type_B_028.glb[39m[0m
[  46% ] [90m[1m_update_scan_actions[22m | Ceiling_type_B_028_Color.png[39m[0m
[  46% ] [90m[1m_update_scan_actions[22m | Ceiling_type_B_030.glb[39m[0m
[  46% ] [90m[1m_update_scan_actions[22m | Ceiling_type_B_030_Color.png[39m[0m
[  46% ] [90m[1m_update_scan_actions[22m | Ceiling_type_B_031.glb[39m[0m
[  46% ] [90m[1m_update_scan_actions[22m | Ceiling_type_B_031_Color.png[39m[0m
[  46% ] [90m[1m_update_scan_actions[22m | Ceiling_type_B_032.glb[39m[0m
[  46% ] [90m[1m_update_scan_actions[22m | Ceiling_type_B_032_Color.png[39m[0m
[  47% ] [90m[1m_update_scan_actions[22m | Ceiling_type_B_033.glb[39m[0m
[  47% ] [90m[1m_update_scan_actions[22m | Ceiling_type_B_033_Color.png[39m[0m
[  47% ] [90m[1m_update_scan_actions[22m | Ceiling_type_B_034.glb[39m[0m
[  47% ] [90m[1m_update_scan_actions[22m | Ceiling_type_B_034_002.glb[39m[0m
[  47% ] [90m[1m_update_scan_actions[22m | Ceiling_type_B_034_002_Color.png[39m[0m
[  47% ] [90m[1m_update_scan_actions[22m | Ceiling_type_B_034_003.glb[39m[0m
[  47% ] [90m[1m_update_scan_actions[22m | Ceiling_type_B_034_003_Color.png[39m[0m
[  47% ] [90m[1m_update_scan_actions[22m | Ceiling_type_B_034_004.glb[39m[0m
[  47% ] [90m[1m_update_scan_actions[22m | Ceiling_type_B_034_004_Color.png[39m[0m
[  47% ] [90m[1m_update_scan_actions[22m | Ceiling_type_B_034_Color.png[39m[0m
[  47% ] [90m[1m_update_scan_actions[22m | Ceiling_type_B_035.glb[39m[0m
[  47% ] [90m[1m_update_scan_actions[22m | Ceiling_type_B_035_Color.png[39m[0m
[  47% ] [90m[1m_update_scan_actions[22m | Ceiling_type_B_036.glb[39m[0m
[  47% ] [90m[1m_update_scan_actions[22m | Ceiling_type_B_036_Color.png[39m[0m
[  47% ] [90m[1m_update_scan_actions[22m | Ceiling_type_B_037.glb[39m[0m
[  47% ] [90m[1m_update_scan_actions[22m | Ceiling_type_B_037_Color.png[39m[0m
[  47% ] [90m[1m_update_scan_actions[22m | Ceiling_type_B_038.glb[39m[0m
[  47% ] [90m[1m_update_scan_actions[22m | Ceiling_type_B_038_Color.png[39m[0m
[  47% ] [90m[1m_update_scan_actions[22m | Ceiling_type_B_039.glb[39m[0m
[  47% ] [90m[1m_update_scan_actions[22m | Ceiling_type_B_039_Color.png[39m[0m
[  47% ] [90m[1m_update_scan_actions[22m | Ceiling_type_B_041.glb[39m[0m
[  47% ] [90m[1m_update_scan_actions[22m | Ceiling_type_B_041_Color.png[39m[0m
[  48% ] [90m[1m_update_scan_actions[22m | Ceiling_type_B_042.glb[39m[0m
[  48% ] [90m[1m_update_scan_actions[22m | Ceiling_type_B_042_Color.png[39m[0m
[  48% ] [90m[1m_update_scan_actions[22m | Ceiling_type_B_043.glb[39m[0m
[  48% ] [90m[1m_update_scan_actions[22m | Ceiling_type_B_043_Color.png[39m[0m
[  48% ] [90m[1m_update_scan_actions[22m | Ceiling_type_B_044.glb[39m[0m
[  48% ] [90m[1m_update_scan_actions[22m | Ceiling_type_B_044_Color.png[39m[0m
[  48% ] [90m[1m_update_scan_actions[22m | Ceiling_type_B_045.glb[39m[0m
[  48% ] [90m[1m_update_scan_actions[22m | Ceiling_type_B_045_Color.png[39m[0m
[  48% ] [90m[1m_update_scan_actions[22m | Ceiling_type_B_046.glb[39m[0m
[  48% ] [90m[1m_update_scan_actions[22m | Ceiling_type_B_046_Color.png[39m[0m
[  48% ] [90m[1m_update_scan_actions[22m | Ceiling_type_B_047.glb[39m[0m
[  48% ] [90m[1m_update_scan_actions[22m | Ceiling_type_B_047_Color.png[39m[0m
[  48% ] [90m[1m_update_scan_actions[22m | Ceiling_type_B_048.glb[39m[0m
[  48% ] [90m[1m_update_scan_actions[22m | Ceiling_type_B_048_Color.png[39m[0m
[  48% ] [90m[1m_update_scan_actions[22m | Ceiling_type_B_049.glb[39m[0m
[  48% ] [90m[1m_update_scan_actions[22m | Ceiling_type_B_049_Color.png[39m[0m
[  48% ] [90m[1m_update_scan_actions[22m | Ceiling_type_B_050.glb[39m[0m
[  48% ] [90m[1m_update_scan_actions[22m | Ceiling_type_B_050_Color.png[39m[0m
[  48% ] [90m[1m_update_scan_actions[22m | Ceiling_type_B_051.glb[39m[0m
[  48% ] [90m[1m_update_scan_actions[22m | Ceiling_type_B_051_Color.png[39m[0m
[  48% ] [90m[1m_update_scan_actions[22m | Ceiling_type_B_052.glb[39m[0m
[  48% ] [90m[1m_update_scan_actions[22m | Ceiling_type_B_052_007.glb[39m[0m
[  49% ] [90m[1m_update_scan_actions[22m | Ceiling_type_B_052_007_Color.png[39m[0m
[  49% ] [90m[1m_update_scan_actions[22m | Ceiling_type_B_052_011.glb[39m[0m
[  49% ] [90m[1m_update_scan_actions[22m | Ceiling_type_B_052_011_Color.png[39m[0m
[  49% ] [90m[1m_update_scan_actions[22m | Ceiling_type_B_052_012.glb[39m[0m
[  49% ] [90m[1m_update_scan_actions[22m | Ceiling_type_B_052_012_Color.png[39m[0m
[  49% ] [90m[1m_update_scan_actions[22m | Ceiling_type_B_052_Color.png[39m[0m
[  49% ] [90m[1m_update_scan_actions[22m | Ceiling_type_B_053.glb[39m[0m
[  49% ] [90m[1m_update_scan_actions[22m | Ceiling_type_B_053_Color.png[39m[0m
[  49% ] [90m[1m_update_scan_actions[22m | Ceiling_type_B_055.glb[39m[0m
[  49% ] [90m[1m_update_scan_actions[22m | Ceiling_type_B_055_Color.png[39m[0m
[  49% ] [90m[1m_update_scan_actions[22m | Ceiling_type_C_001.glb[39m[0m
[  49% ] [90m[1m_update_scan_actions[22m | Ceiling_type_C_001_Color.png[39m[0m
[  49% ] [90m[1m_update_scan_actions[22m | Ceiling_type_C_002.glb[39m[0m
[  49% ] [90m[1m_update_scan_actions[22m | Ceiling_type_C_002_Color.png[39m[0m
[  49% ] [90m[1m_update_scan_actions[22m | Ceiling_type_C_003.glb[39m[0m
[  49% ] [90m[1m_update_scan_actions[22m | Ceiling_type_C_003_Color.png[39m[0m
[  49% ] [90m[1m_update_scan_actions[22m | Ceiling_type_C_004.glb[39m[0m
[  49% ] [90m[1m_update_scan_actions[22m | Ceiling_type_C_004_Color.png[39m[0m
[  49% ] [90m[1m_update_scan_actions[22m | Ceiling_type_C_005.glb[39m[0m
[  49% ] [90m[1m_update_scan_actions[22m | Ceiling_type_C_005_Color.png[39m[0m
[  49% ] [90m[1m_update_scan_actions[22m | Ceiling_type_C_006.glb[39m[0m
[  49% ] [90m[1m_update_scan_actions[22m | Ceiling_type_C_006_Color.png[39m[0m
[  50% ] [90m[1m_update_scan_actions[22m | Ceiling_type_C_007.glb[39m[0m
[  50% ] [90m[1m_update_scan_actions[22m | Ceiling_type_C_007_Color.png[39m[0m
[  50% ] [90m[1m_update_scan_actions[22m | Ceiling_type_C_008.glb[39m[0m
[  50% ] [90m[1m_update_scan_actions[22m | Ceiling_type_C_008_002.glb[39m[0m
[  50% ] [90m[1m_update_scan_actions[22m | Ceiling_type_C_008_002_Color.png[39m[0m
[  50% ] [90m[1m_update_scan_actions[22m | Ceiling_type_C_008_003.glb[39m[0m
[  50% ] [90m[1m_update_scan_actions[22m | Ceiling_type_C_008_003_Color.png[39m[0m
[  50% ] [90m[1m_update_scan_actions[22m | Ceiling_type_C_008_004.glb[39m[0m
[  50% ] [90m[1m_update_scan_actions[22m | Ceiling_type_C_008_004_Color.png[39m[0m
[  50% ] [90m[1m_update_scan_actions[22m | Ceiling_type_C_008_Color.png[39m[0m
[  50% ] [90m[1m_update_scan_actions[22m | Ceiling_type_C_009.glb[39m[0m
[  50% ] [90m[1m_update_scan_actions[22m | Ceiling_type_C_009_Color.png[39m[0m
[  50% ] [90m[1m_update_scan_actions[22m | Ceiling_type_C_011.glb[39m[0m
[  50% ] [90m[1m_update_scan_actions[22m | Ceiling_type_C_011_010.glb[39m[0m
[  50% ] [90m[1m_update_scan_actions[22m | Ceiling_type_C_011_010_Color.png[39m[0m
[  50% ] [90m[1m_update_scan_actions[22m | Ceiling_type_C_011_011.glb[39m[0m
[  50% ] [90m[1m_update_scan_actions[22m | Ceiling_type_C_011_011_Color.png[39m[0m
[  50% ] [90m[1m_update_scan_actions[22m | Ceiling_type_C_011_012.glb[39m[0m
[  50% ] [90m[1m_update_scan_actions[22m | Ceiling_type_C_011_012_Color.png[39m[0m
[  50% ] [90m[1m_update_scan_actions[22m | Ceiling_type_C_011_Color.png[39m[0m
[  50% ] [90m[1m_update_scan_actions[22m | Ceiling_type_C_012.glb[39m[0m
[  50% ] [90m[1m_update_scan_actions[22m | Ceiling_type_C_012_Color.png[39m[0m
[  51% ] [90m[1m_update_scan_actions[22m | Ceiling_type_C_013.glb[39m[0m
[  51% ] [90m[1m_update_scan_actions[22m | Ceiling_type_C_013_Color.png[39m[0m
[  51% ] [90m[1m_update_scan_actions[22m | Ceiling_type_C_014.glb[39m[0m
[  51% ] [90m[1m_update_scan_actions[22m | Ceiling_type_C_014_Color.png[39m[0m
[  51% ] [90m[1m_update_scan_actions[22m | Ceiling_type_C_015.glb[39m[0m
[  51% ] [90m[1m_update_scan_actions[22m | Ceiling_type_C_015_Color.png[39m[0m
[  51% ] [90m[1m_update_scan_actions[22m | Ceiling_type_C_016.glb[39m[0m
[  51% ] [90m[1m_update_scan_actions[22m | Ceiling_type_C_016_Color.png[39m[0m
[  51% ] [90m[1m_update_scan_actions[22m | Ceiling_type_C_017.glb[39m[0m
[  51% ] [90m[1m_update_scan_actions[22m | Ceiling_type_C_017_Color.png[39m[0m
[  51% ] [90m[1m_update_scan_actions[22m | Ceiling_type_C_019.glb[39m[0m
[  51% ] [90m[1m_update_scan_actions[22m | Ceiling_type_C_019_Color.png[39m[0m
[  51% ] [90m[1m_update_scan_actions[22m | Ceiling_type_C_020.glb[39m[0m
[  51% ] [90m[1m_update_scan_actions[22m | Ceiling_type_C_020_Color.png[39m[0m
[  51% ] [90m[1m_update_scan_actions[22m | Ceiling_type_C_021.glb[39m[0m
[  51% ] [90m[1m_update_scan_actions[22m | Ceiling_type_C_021_Color.png[39m[0m
[  51% ] [90m[1m_update_scan_actions[22m | Ceiling_type_C_022.glb[39m[0m
[  51% ] [90m[1m_update_scan_actions[22m | Ceiling_type_C_022_Color.png[39m[0m
[  51% ] [90m[1m_update_scan_actions[22m | Ceiling_type_C_023.glb[39m[0m
[  51% ] [90m[1m_update_scan_actions[22m | Ceiling_type_C_023_Color.png[39m[0m
[  51% ] [90m[1m_update_scan_actions[22m | Ceiling_type_C_024.glb[39m[0m
[  51% ] [90m[1m_update_scan_actions[22m | Ceiling_type_C_024_Color.png[39m[0m
[  52% ] [90m[1m_update_scan_actions[22m | Ceiling_type_C_025.glb[39m[0m
[  52% ] [90m[1m_update_scan_actions[22m | Ceiling_type_C_025_Color.png[39m[0m
[  52% ] [90m[1m_update_scan_actions[22m | Ceiling_type_C_026.glb[39m[0m
[  52% ] [90m[1m_update_scan_actions[22m | Ceiling_type_C_026_002.glb[39m[0m
[  52% ] [90m[1m_update_scan_actions[22m | Ceiling_type_C_026_002_Color.png[39m[0m
[  52% ] [90m[1m_update_scan_actions[22m | Ceiling_type_C_026_003.glb[39m[0m
[  52% ] [90m[1m_update_scan_actions[22m | Ceiling_type_C_026_003_Color.png[39m[0m
[  52% ] [90m[1m_update_scan_actions[22m | Ceiling_type_C_026_004.glb[39m[0m
[  52% ] [90m[1m_update_scan_actions[22m | Ceiling_type_C_026_004_Color.png[39m[0m
[  52% ] [90m[1m_update_scan_actions[22m | Ceiling_type_C_026_Color.png[39m[0m
[  52% ] [90m[1m_update_scan_actions[22m | Ceiling_type_C_027.glb[39m[0m
[  52% ] [90m[1m_update_scan_actions[22m | Ceiling_type_C_027_Color.png[39m[0m
[  52% ] [90m[1m_update_scan_actions[22m | Ceiling_type_C_028.glb[39m[0m
[  52% ] [90m[1m_update_scan_actions[22m | Ceiling_type_C_028_Color.png[39m[0m
[  52% ] [90m[1m_update_scan_actions[22m | Ceiling_type_C_030.glb[39m[0m
[  52% ] [90m[1m_update_scan_actions[22m | Ceiling_type_C_030_Color.png[39m[0m
[  52% ] [90m[1m_update_scan_actions[22m | Ceiling_type_C_031.glb[39m[0m
[  52% ] [90m[1m_update_scan_actions[22m | Ceiling_type_C_031_Color.png[39m[0m
[  52% ] [90m[1m_update_scan_actions[22m | Ceiling_type_C_032.glb[39m[0m
[  52% ] [90m[1m_update_scan_actions[22m | Ceiling_type_C_032_Color.png[39m[0m
[  52% ] [90m[1m_update_scan_actions[22m | Ceiling_type_C_033.glb[39m[0m
[  52% ] [90m[1m_update_scan_actions[22m | Ceiling_type_C_033_Color.png[39m[0m
[  53% ] [90m[1m_update_scan_actions[22m | Ceiling_type_C_034.glb[39m[0m
[  53% ] [90m[1m_update_scan_actions[22m | Ceiling_type_C_034_002.glb[39m[0m
[  53% ] [90m[1m_update_scan_actions[22m | Ceiling_type_C_034_002_Color.png[39m[0m
[  53% ] [90m[1m_update_scan_actions[22m | Ceiling_type_C_034_003.glb[39m[0m
[  53% ] [90m[1m_update_scan_actions[22m | Ceiling_type_C_034_003_Color.png[39m[0m
[  53% ] [90m[1m_update_scan_actions[22m | Ceiling_type_C_034_004.glb[39m[0m
[  53% ] [90m[1m_update_scan_actions[22m | Ceiling_type_C_034_004_Color.png[39m[0m
[  53% ] [90m[1m_update_scan_actions[22m | Ceiling_type_C_034_Color.png[39m[0m
[  53% ] [90m[1m_update_scan_actions[22m | Ceiling_type_C_035.glb[39m[0m
[  53% ] [90m[1m_update_scan_actions[22m | Ceiling_type_C_035_Color.png[39m[0m
[  53% ] [90m[1m_update_scan_actions[22m | Ceiling_type_C_036.glb[39m[0m
[  53% ] [90m[1m_update_scan_actions[22m | Ceiling_type_C_036_Color.png[39m[0m
[  53% ] [90m[1m_update_scan_actions[22m | Ceiling_type_C_037.glb[39m[0m
[  53% ] [90m[1m_update_scan_actions[22m | Ceiling_type_C_037_Color.png[39m[0m
[  53% ] [90m[1m_update_scan_actions[22m | Ceiling_type_C_038.glb[39m[0m
[  53% ] [90m[1m_update_scan_actions[22m | Ceiling_type_C_038_Color.png[39m[0m
[  53% ] [90m[1m_update_scan_actions[22m | Ceiling_type_C_039.glb[39m[0m
[  53% ] [90m[1m_update_scan_actions[22m | Ceiling_type_C_039_Color.png[39m[0m
[  53% ] [90m[1m_update_scan_actions[22m | Ceiling_type_C_041.glb[39m[0m
[  53% ] [90m[1m_update_scan_actions[22m | Ceiling_type_C_041_Color.png[39m[0m
[  53% ] [90m[1m_update_scan_actions[22m | Ceiling_type_C_042.glb[39m[0m
[  53% ] [90m[1m_update_scan_actions[22m | Ceiling_type_C_042_Color.png[39m[0m
[  54% ] [90m[1m_update_scan_actions[22m | Ceiling_type_C_043.glb[39m[0m
[  54% ] [90m[1m_update_scan_actions[22m | Ceiling_type_C_043_Color.png[39m[0m
[  54% ] [90m[1m_update_scan_actions[22m | Ceiling_type_C_044.glb[39m[0m
[  54% ] [90m[1m_update_scan_actions[22m | Ceiling_type_C_044_Color.png[39m[0m
[  54% ] [90m[1m_update_scan_actions[22m | Ceiling_type_C_045.glb[39m[0m
[  54% ] [90m[1m_update_scan_actions[22m | Ceiling_type_C_045_Color.png[39m[0m
[  54% ] [90m[1m_update_scan_actions[22m | Ceiling_type_C_046.glb[39m[0m
[  54% ] [90m[1m_update_scan_actions[22m | Ceiling_type_C_046_Color.png[39m[0m
[  54% ] [90m[1m_update_scan_actions[22m | Ceiling_type_C_047.glb[39m[0m
[  54% ] [90m[1m_update_scan_actions[22m | Ceiling_type_C_047_Color.png[39m[0m
[  54% ] [90m[1m_update_scan_actions[22m | Ceiling_type_C_048.glb[39m[0m
[  54% ] [90m[1m_update_scan_actions[22m | Ceiling_type_C_048_Color.png[39m[0m
[  54% ] [90m[1m_update_scan_actions[22m | Ceiling_type_C_049.glb[39m[0m
[  54% ] [90m[1m_update_scan_actions[22m | Ceiling_type_C_049_Color.png[39m[0m
[  54% ] [90m[1m_update_scan_actions[22m | Ceiling_type_C_050.glb[39m[0m
[  54% ] [90m[1m_update_scan_actions[22m | Ceiling_type_C_050_Color.png[39m[0m
[  54% ] [90m[1m_update_scan_actions[22m | Ceiling_type_C_051.glb[39m[0m
[  54% ] [90m[1m_update_scan_actions[22m | Ceiling_type_C_051_Color.png[39m[0m
[  54% ] [90m[1m_update_scan_actions[22m | Ceiling_type_C_052.glb[39m[0m
[  54% ] [90m[1m_update_scan_actions[22m | Ceiling_type_C_052_002.glb[39m[0m
[  54% ] [90m[1m_update_scan_actions[22m | Ceiling_type_C_052_002_Color.png[39m[0m
[  54% ] [90m[1m_update_scan_actions[22m | Ceiling_type_C_052_003.glb[39m[0m
[  55% ] [90m[1m_update_scan_actions[22m | Ceiling_type_C_052_003_Color.png[39m[0m
[  55% ] [90m[1m_update_scan_actions[22m | Ceiling_type_C_052_004.glb[39m[0m
[  55% ] [90m[1m_update_scan_actions[22m | Ceiling_type_C_052_004_Color.png[39m[0m
[  55% ] [90m[1m_update_scan_actions[22m | Ceiling_type_C_052_Color.png[39m[0m
[  55% ] [90m[1m_update_scan_actions[22m | Ceiling_type_C_053.glb[39m[0m
[  55% ] [90m[1m_update_scan_actions[22m | Ceiling_type_C_053_Color.png[39m[0m
[  55% ] [90m[1m_update_scan_actions[22m | Ceiling_type_C_055.glb[39m[0m
[  55% ] [90m[1m_update_scan_actions[22m | Ceiling_type_C_055_Color.png[39m[0m
[  55% ] [90m[1m_update_scan_actions[22m | Floor_type_A_001.glb[39m[0m
[  55% ] [90m[1m_update_scan_actions[22m | Floor_type_A_001_Color.png[39m[0m
[  55% ] [90m[1m_update_scan_actions[22m | Floor_type_A_002.glb[39m[0m
[  55% ] [90m[1m_update_scan_actions[22m | Floor_type_A_002_Color.png[39m[0m
[  55% ] [90m[1m_update_scan_actions[22m | Floor_type_A_003.glb[39m[0m
[  55% ] [90m[1m_update_scan_actions[22m | Floor_type_A_003_Color.png[39m[0m
[  55% ] [90m[1m_update_scan_actions[22m | Floor_type_A_004.glb[39m[0m
[  55% ] [90m[1m_update_scan_actions[22m | Floor_type_A_004_Color.png[39m[0m
[  55% ] [90m[1m_update_scan_actions[22m | Floor_type_A_005.glb[39m[0m
[  55% ] [90m[1m_update_scan_actions[22m | Floor_type_A_005_Color.png[39m[0m
[  55% ] [90m[1m_update_scan_actions[22m | Floor_type_A_006.glb[39m[0m
[  55% ] [90m[1m_update_scan_actions[22m | Floor_type_A_006_Color.png[39m[0m
[  55% ] [90m[1m_update_scan_actions[22m | Floor_type_A_007.glb[39m[0m
[  55% ] [90m[1m_update_scan_actions[22m | Floor_type_A_007_001.glb[39m[0m
[  56% ] [90m[1m_update_scan_actions[22m | Floor_type_A_007_001_Color.png[39m[0m
[  56% ] [90m[1m_update_scan_actions[22m | Floor_type_A_007_Color.png[39m[0m
[  56% ] [90m[1m_update_scan_actions[22m | Floor_type_A_008.glb[39m[0m
[  56% ] [90m[1m_update_scan_actions[22m | Floor_type_A_008_Color.png[39m[0m
[  56% ] [90m[1m_update_scan_actions[22m | Floor_type_A_009.glb[39m[0m
[  56% ] [90m[1m_update_scan_actions[22m | Floor_type_A_009_Color.png[39m[0m
[  56% ] [90m[1m_update_scan_actions[22m | Floor_type_A_010.glb[39m[0m
[  56% ] [90m[1m_update_scan_actions[22m | Floor_type_A_010_Color.png[39m[0m
[  56% ] [90m[1m_update_scan_actions[22m | Floor_type_A_011.glb[39m[0m
[  56% ] [90m[1m_update_scan_actions[22m | Floor_type_A_011_Color.png[39m[0m
[  56% ] [90m[1m_update_scan_actions[22m | Floor_type_A_012.glb[39m[0m
[  56% ] [90m[1m_update_scan_actions[22m | Floor_type_A_012_Color.png[39m[0m
[  56% ] [90m[1m_update_scan_actions[22m | Floor_type_A_013.glb[39m[0m
[  56% ] [90m[1m_update_scan_actions[22m | Floor_type_A_013_001.glb[39m[0m
[  56% ] [90m[1m_update_scan_actions[22m | Floor_type_A_013_001_Color.png[39m[0m
[  56% ] [90m[1m_update_scan_actions[22m | Floor_type_A_013_Color.png[39m[0m
[  56% ] [90m[1m_update_scan_actions[22m | Floor_type_A_014.glb[39m[0m
[  56% ] [90m[1m_update_scan_actions[22m | Floor_type_A_014_Color.png[39m[0m
[  56% ] [90m[1m_update_scan_actions[22m | Floor_type_A_015.glb[39m[0m
[  56% ] [90m[1m_update_scan_actions[22m | Floor_type_A_015_Color.png[39m[0m
[  56% ] [90m[1m_update_scan_actions[22m | Floor_type_A_016.glb[39m[0m
[  56% ] [90m[1m_update_scan_actions[22m | Floor_type_A_016_Color.png[39m[0m
[  57% ] [90m[1m_update_scan_actions[22m | Floor_type_A_017.glb[39m[0m
[  57% ] [90m[1m_update_scan_actions[22m | Floor_type_A_017_Color.png[39m[0m
[  57% ] [90m[1m_update_scan_actions[22m | Floor_type_A_018.glb[39m[0m
[  57% ] [90m[1m_update_scan_actions[22m | Floor_type_A_018_Color.png[39m[0m
[  57% ] [90m[1m_update_scan_actions[22m | Floor_type_A_019.glb[39m[0m
[  57% ] [90m[1m_update_scan_actions[22m | Floor_type_A_019_Color.png[39m[0m
[  57% ] [90m[1m_update_scan_actions[22m | Floor_type_A_020.glb[39m[0m
[  57% ] [90m[1m_update_scan_actions[22m | Floor_type_A_020_Color.png[39m[0m
[  57% ] [90m[1m_update_scan_actions[22m | Floor_type_A_021.glb[39m[0m
[  57% ] [90m[1m_update_scan_actions[22m | Floor_type_A_021_Color.png[39m[0m
[  57% ] [90m[1m_update_scan_actions[22m | Floor_type_A_022.glb[39m[0m
[  57% ] [90m[1m_update_scan_actions[22m | Floor_type_A_022_Color.png[39m[0m
[  57% ] [90m[1m_update_scan_actions[22m | Floor_type_A_023.glb[39m[0m
[  57% ] [90m[1m_update_scan_actions[22m | Floor_type_A_023_Color.png[39m[0m
[  57% ] [90m[1m_update_scan_actions[22m | Floor_type_A_024.glb[39m[0m
[  57% ] [90m[1m_update_scan_actions[22m | Floor_type_A_024_Color.png[39m[0m
[  57% ] [90m[1m_update_scan_actions[22m | Floor_type_A_025.glb[39m[0m
[  57% ] [90m[1m_update_scan_actions[22m | Floor_type_A_025_Color.png[39m[0m
[  57% ] [90m[1m_update_scan_actions[22m | Floor_type_A_026.glb[39m[0m
[  57% ] [90m[1m_update_scan_actions[22m | Floor_type_A_026_001.glb[39m[0m
[  57% ] [90m[1m_update_scan_actions[22m | Floor_type_A_026_001_Color.png[39m[0m
[  57% ] [90m[1m_update_scan_actions[22m | Floor_type_A_026_Color.png[39m[0m
[  57% ] [90m[1m_update_scan_actions[22m | Floor_type_A_027.glb[39m[0m
[  58% ] [90m[1m_update_scan_actions[22m | Floor_type_A_027_Color.png[39m[0m
[  58% ] [90m[1m_update_scan_actions[22m | Floor_type_A_028.glb[39m[0m
[  58% ] [90m[1m_update_scan_actions[22m | Floor_type_A_028_Color.png[39m[0m
[  58% ] [90m[1m_update_scan_actions[22m | Floor_type_A_029.glb[39m[0m
[  58% ] [90m[1m_update_scan_actions[22m | Floor_type_A_029_Color.png[39m[0m
[  58% ] [90m[1m_update_scan_actions[22m | Floor_type_A_030.glb[39m[0m
[  58% ] [90m[1m_update_scan_actions[22m | Floor_type_A_030_Color.png[39m[0m
[  58% ] [90m[1m_update_scan_actions[22m | Floor_type_A_031.glb[39m[0m
[  58% ] [90m[1m_update_scan_actions[22m | Floor_type_A_031_Color.png[39m[0m
[  58% ] [90m[1m_update_scan_actions[22m | Floor_type_A_032.glb[39m[0m
[  58% ] [90m[1m_update_scan_actions[22m | Floor_type_A_032_Color.png[39m[0m
[  58% ] [90m[1m_update_scan_actions[22m | Floor_type_A_033.glb[39m[0m
[  58% ] [90m[1m_update_scan_actions[22m | Floor_type_A_033_Color.png[39m[0m
[  58% ] [90m[1m_update_scan_actions[22m | Floor_type_A_034.glb[39m[0m
[  58% ] [90m[1m_update_scan_actions[22m | Floor_type_A_034_Color.png[39m[0m
[  58% ] [90m[1m_update_scan_actions[22m | Floor_type_A_035.glb[39m[0m
[  58% ] [90m[1m_update_scan_actions[22m | Floor_type_A_035_Color.png[39m[0m
[  58% ] [90m[1m_update_scan_actions[22m | Floor_type_A_036.glb[39m[0m
[  58% ] [90m[1m_update_scan_actions[22m | Floor_type_A_036_Color.png[39m[0m
[  58% ] [90m[1m_update_scan_actions[22m | Floor_type_A_037.glb[39m[0m
[  58% ] [90m[1m_update_scan_actions[22m | Floor_type_A_037_Color.png[39m[0m
[  58% ] [90m[1m_update_scan_actions[22m | Floor_type_B_001.glb[39m[0m
[  59% ] [90m[1m_update_scan_actions[22m | Floor_type_B_001_Color.png[39m[0m
[  59% ] [90m[1m_update_scan_actions[22m | Floor_type_B_002.glb[39m[0m
[  59% ] [90m[1m_update_scan_actions[22m | Floor_type_B_002_Color.png[39m[0m
[  59% ] [90m[1m_update_scan_actions[22m | Floor_type_B_003.glb[39m[0m
[  59% ] [90m[1m_update_scan_actions[22m | Floor_type_B_003_Color.png[39m[0m
[  59% ] [90m[1m_update_scan_actions[22m | Floor_type_B_004.glb[39m[0m
[  59% ] [90m[1m_update_scan_actions[22m | Floor_type_B_004_Color.png[39m[0m
[  59% ] [90m[1m_update_scan_actions[22m | Floor_type_B_005.glb[39m[0m
[  59% ] [90m[1m_update_scan_actions[22m | Floor_type_B_005_Color.png[39m[0m
[  59% ] [90m[1m_update_scan_actions[22m | Floor_type_B_006.glb[39m[0m
[  59% ] [90m[1m_update_scan_actions[22m | Floor_type_B_006_Color.png[39m[0m
[  59% ] [90m[1m_update_scan_actions[22m | Floor_type_B_007.glb[39m[0m
[  59% ] [90m[1m_update_scan_actions[22m | Floor_type_B_007_002.glb[39m[0m
[  59% ] [90m[1m_update_scan_actions[22m | Floor_type_B_007_002_Color.png[39m[0m
[  59% ] [90m[1m_update_scan_actions[22m | Floor_type_B_007_Color.png[39m[0m
[  59% ] [90m[1m_update_scan_actions[22m | Floor_type_B_008.glb[39m[0m
[  59% ] [90m[1m_update_scan_actions[22m | Floor_type_B_008_Color.png[39m[0m
[  59% ] [90m[1m_update_scan_actions[22m | Floor_type_B_009.glb[39m[0m
[  59% ] [90m[1m_update_scan_actions[22m | Floor_type_B_009_Color.png[39m[0m
[  59% ] [90m[1m_update_scan_actions[22m | Floor_type_B_010.glb[39m[0m
[  59% ] [90m[1m_update_scan_actions[22m | Floor_type_B_010_Color.png[39m[0m
[  59% ] [90m[1m_update_scan_actions[22m | Floor_type_B_011.glb[39m[0m
[  60% ] [90m[1m_update_scan_actions[22m | Floor_type_B_011_Color.png[39m[0m
[  60% ] [90m[1m_update_scan_actions[22m | Floor_type_B_012.glb[39m[0m
[  60% ] [90m[1m_update_scan_actions[22m | Floor_type_B_012_Color.png[39m[0m
[  60% ] [90m[1m_update_scan_actions[22m | Floor_type_B_013.glb[39m[0m
[  60% ] [90m[1m_update_scan_actions[22m | Floor_type_B_013_Color.png[39m[0m
[  60% ] [90m[1m_update_scan_actions[22m | Floor_type_B_014.glb[39m[0m
[  60% ] [90m[1m_update_scan_actions[22m | Floor_type_B_014_Color.png[39m[0m
[  60% ] [90m[1m_update_scan_actions[22m | Floor_type_B_015.glb[39m[0m
[  60% ] [90m[1m_update_scan_actions[22m | Floor_type_B_015_Color.png[39m[0m
[  60% ] [90m[1m_update_scan_actions[22m | Floor_type_B_016.glb[39m[0m
[  60% ] [90m[1m_update_scan_actions[22m | Floor_type_B_016_Color.png[39m[0m
[  60% ] [90m[1m_update_scan_actions[22m | Floor_type_B_017.glb[39m[0m
[  60% ] [90m[1m_update_scan_actions[22m | Floor_type_B_017_Color.png[39m[0m
[  60% ] [90m[1m_update_scan_actions[22m | Floor_type_B_018.glb[39m[0m
[  60% ] [90m[1m_update_scan_actions[22m | Floor_type_B_018_Color.png[39m[0m
[  60% ] [90m[1m_update_scan_actions[22m | Floor_type_B_019.glb[39m[0m
[  60% ] [90m[1m_update_scan_actions[22m | Floor_type_B_019_013.glb[39m[0m
[  60% ] [90m[1m_update_scan_actions[22m | Floor_type_B_019_013_Color.png[39m[0m
[  60% ] [90m[1m_update_scan_actions[22m | Floor_type_B_019_Color.png[39m[0m
[  60% ] [90m[1m_update_scan_actions[22m | Floor_type_B_020.glb[39m[0m
[  60% ] [90m[1m_update_scan_actions[22m | Floor_type_B_020_Color.png[39m[0m
[  60% ] [90m[1m_update_scan_actions[22m | Floor_type_B_021.glb[39m[0m
[  61% ] [90m[1m_update_scan_actions[22m | Floor_type_B_021_Color.png[39m[0m
[  61% ] [90m[1m_update_scan_actions[22m | Floor_type_B_022.glb[39m[0m
[  61% ] [90m[1m_update_scan_actions[22m | Floor_type_B_022_Color.png[39m[0m
[  61% ] [90m[1m_update_scan_actions[22m | Floor_type_B_023.glb[39m[0m
[  61% ] [90m[1m_update_scan_actions[22m | Floor_type_B_023_Color.png[39m[0m
[  61% ] [90m[1m_update_scan_actions[22m | Floor_type_B_024.glb[39m[0m
[  61% ] [90m[1m_update_scan_actions[22m | Floor_type_B_024_Color.png[39m[0m
[  61% ] [90m[1m_update_scan_actions[22m | Floor_type_B_025.glb[39m[0m
[  61% ] [90m[1m_update_scan_actions[22m | Floor_type_B_025_Color.png[39m[0m
[  61% ] [90m[1m_update_scan_actions[22m | Floor_type_B_026.glb[39m[0m
[  61% ] [90m[1m_update_scan_actions[22m | Floor_type_B_026_Color.png[39m[0m
[  61% ] [90m[1m_update_scan_actions[22m | Floor_type_B_027.glb[39m[0m
[  61% ] [90m[1m_update_scan_actions[22m | Floor_type_B_027_Color.png[39m[0m
[  61% ] [90m[1m_update_scan_actions[22m | Floor_type_B_028.glb[39m[0m
[  61% ] [90m[1m_update_scan_actions[22m | Floor_type_B_028_Color.png[39m[0m
[  61% ] [90m[1m_update_scan_actions[22m | Floor_type_B_029.glb[39m[0m
[  61% ] [90m[1m_update_scan_actions[22m | Floor_type_B_029_Color.png[39m[0m
[  61% ] [90m[1m_update_scan_actions[22m | Floor_type_B_030.glb[39m[0m
[  61% ] [90m[1m_update_scan_actions[22m | Floor_type_B_030_Color.png[39m[0m
[  61% ] [90m[1m_update_scan_actions[22m | Floor_type_B_031.glb[39m[0m
[  61% ] [90m[1m_update_scan_actions[22m | Floor_type_B_031_Color.png[39m[0m
[  61% ] [90m[1m_update_scan_actions[22m | Floor_type_B_032.glb[39m[0m
[  62% ] [90m[1m_update_scan_actions[22m | Floor_type_B_032_002.glb[39m[0m
[  62% ] [90m[1m_update_scan_actions[22m | Floor_type_B_032_002_Color.png[39m[0m
[  62% ] [90m[1m_update_scan_actions[22m | Floor_type_B_032_Color.png[39m[0m
[  62% ] [90m[1m_update_scan_actions[22m | Floor_type_B_033.glb[39m[0m
[  62% ] [90m[1m_update_scan_actions[22m | Floor_type_B_033_Color.png[39m[0m
[  62% ] [90m[1m_update_scan_actions[22m | Floor_type_B_034.glb[39m[0m
[  62% ] [90m[1m_update_scan_actions[22m | Floor_type_B_034_Color.png[39m[0m
[  62% ] [90m[1m_update_scan_actions[22m | Floor_type_B_035.glb[39m[0m
[  62% ] [90m[1m_update_scan_actions[22m | Floor_type_B_035_Color.png[39m[0m
[  62% ] [90m[1m_update_scan_actions[22m | Floor_type_B_036.glb[39m[0m
[  62% ] [90m[1m_update_scan_actions[22m | Floor_type_B_036_Color.png[39m[0m
[  62% ] [90m[1m_update_scan_actions[22m | Floor_type_B_037.glb[39m[0m
[  62% ] [90m[1m_update_scan_actions[22m | Floor_type_B_037_Color.png[39m[0m
[  62% ] [90m[1m_update_scan_actions[22m | Floor_type_C_001.glb[39m[0m
[  62% ] [90m[1m_update_scan_actions[22m | Floor_type_C_001_Color.png[39m[0m
[  62% ] [90m[1m_update_scan_actions[22m | Floor_type_C_002.glb[39m[0m
[  62% ] [90m[1m_update_scan_actions[22m | Floor_type_C_002_Color.png[39m[0m
[  62% ] [90m[1m_update_scan_actions[22m | Floor_type_C_003.glb[39m[0m
[  62% ] [90m[1m_update_scan_actions[22m | Floor_type_C_003_Color.png[39m[0m
[  62% ] [90m[1m_update_scan_actions[22m | Floor_type_C_004.glb[39m[0m
[  62% ] [90m[1m_update_scan_actions[22m | Floor_type_C_004_Color.png[39m[0m
[  62% ] [90m[1m_update_scan_actions[22m | Floor_type_C_005.glb[39m[0m
[  63% ] [90m[1m_update_scan_actions[22m | Floor_type_C_005_Color.png[39m[0m
[  63% ] [90m[1m_update_scan_actions[22m | Floor_type_C_006.glb[39m[0m
[  63% ] [90m[1m_update_scan_actions[22m | Floor_type_C_006_Color.png[39m[0m
[  63% ] [90m[1m_update_scan_actions[22m | Floor_type_C_007.glb[39m[0m
[  63% ] [90m[1m_update_scan_actions[22m | Floor_type_C_007_002.glb[39m[0m
[  63% ] [90m[1m_update_scan_actions[22m | Floor_type_C_007_002_Color.png[39m[0m
[  63% ] [90m[1m_update_scan_actions[22m | Floor_type_C_007_Color.png[39m[0m
[  63% ] [90m[1m_update_scan_actions[22m | Floor_type_C_008.glb[39m[0m
[  63% ] [90m[1m_update_scan_actions[22m | Floor_type_C_008_Color.png[39m[0m
[  63% ] [90m[1m_update_scan_actions[22m | Floor_type_C_009.glb[39m[0m
[  63% ] [90m[1m_update_scan_actions[22m | Floor_type_C_009_Color.png[39m[0m
[  63% ] [90m[1m_update_scan_actions[22m | Floor_type_C_010.glb[39m[0m
[  63% ] [90m[1m_update_scan_actions[22m | Floor_type_C_010_Color.png[39m[0m
[  63% ] [90m[1m_update_scan_actions[22m | Floor_type_C_011.glb[39m[0m
[  63% ] [90m[1m_update_scan_actions[22m | Floor_type_C_011_Color.png[39m[0m
[  63% ] [90m[1m_update_scan_actions[22m | Floor_type_C_012.glb[39m[0m
[  63% ] [90m[1m_update_scan_actions[22m | Floor_type_C_012_Color.png[39m[0m
[  63% ] [90m[1m_update_scan_actions[22m | Floor_type_C_013.glb[39m[0m
[  63% ] [90m[1m_update_scan_actions[22m | Floor_type_C_013_Color.png[39m[0m
[  63% ] [90m[1m_update_scan_actions[22m | Floor_type_C_014.glb[39m[0m
[  63% ] [90m[1m_update_scan_actions[22m | Floor_type_C_014_Color.png[39m[0m
[  63% ] [90m[1m_update_scan_actions[22m | Floor_type_C_015.glb[39m[0m
[  64% ] [90m[1m_update_scan_actions[22m | Floor_type_C_015_Color.png[39m[0m
[  64% ] [90m[1m_update_scan_actions[22m | Floor_type_C_016.glb[39m[0m
[  64% ] [90m[1m_update_scan_actions[22m | Floor_type_C_016_Color.png[39m[0m
[  64% ] [90m[1m_update_scan_actions[22m | Floor_type_C_017.glb[39m[0m
[  64% ] [90m[1m_update_scan_actions[22m | Floor_type_C_017_Color.png[39m[0m
[  64% ] [90m[1m_update_scan_actions[22m | Floor_type_C_018.glb[39m[0m
[  64% ] [90m[1m_update_scan_actions[22m | Floor_type_C_018_Color.png[39m[0m
[  64% ] [90m[1m_update_scan_actions[22m | Floor_type_C_019.glb[39m[0m
[  64% ] [90m[1m_update_scan_actions[22m | Floor_type_C_019_002.glb[39m[0m
[  64% ] [90m[1m_update_scan_actions[22m | Floor_type_C_019_002_Color.png[39m[0m
[  64% ] [90m[1m_update_scan_actions[22m | Floor_type_C_019_Color.png[39m[0m
[  64% ] [90m[1m_update_scan_actions[22m | Floor_type_C_020.glb[39m[0m
[  64% ] [90m[1m_update_scan_actions[22m | Floor_type_C_020_Color.png[39m[0m
[  64% ] [90m[1m_update_scan_actions[22m | Floor_type_C_021.glb[39m[0m
[  64% ] [90m[1m_update_scan_actions[22m | Floor_type_C_021_Color.png[39m[0m
[  64% ] [90m[1m_update_scan_actions[22m | Floor_type_C_022.glb[39m[0m
[  64% ] [90m[1m_update_scan_actions[22m | Floor_type_C_022_Color.png[39m[0m
[  64% ] [90m[1m_update_scan_actions[22m | Floor_type_C_023.glb[39m[0m
[  64% ] [90m[1m_update_scan_actions[22m | Floor_type_C_023_Color.png[39m[0m
[  64% ] [90m[1m_update_scan_actions[22m | Floor_type_C_024.glb[39m[0m
[  64% ] [90m[1m_update_scan_actions[22m | Floor_type_C_024_Color.png[39m[0m
[  64% ] [90m[1m_update_scan_actions[22m | Floor_type_C_025.glb[39m[0m
[  65% ] [90m[1m_update_scan_actions[22m | Floor_type_C_025_Color.png[39m[0m
[  65% ] [90m[1m_update_scan_actions[22m | Floor_type_C_026.glb[39m[0m
[  65% ] [90m[1m_update_scan_actions[22m | Floor_type_C_026_Color.png[39m[0m
[  65% ] [90m[1m_update_scan_actions[22m | Floor_type_C_027.glb[39m[0m
[  65% ] [90m[1m_update_scan_actions[22m | Floor_type_C_027_Color.png[39m[0m
[  65% ] [90m[1m_update_scan_actions[22m | Floor_type_C_028.glb[39m[0m
[  65% ] [90m[1m_update_scan_actions[22m | Floor_type_C_028_Color.png[39m[0m
[  65% ] [90m[1m_update_scan_actions[22m | Floor_type_C_029.glb[39m[0m
[  65% ] [90m[1m_update_scan_actions[22m | Floor_type_C_029_Color.png[39m[0m
[  65% ] [90m[1m_update_scan_actions[22m | Floor_type_C_030.glb[39m[0m
[  65% ] [90m[1m_update_scan_actions[22m | Floor_type_C_030_Color.png[39m[0m
[  65% ] [90m[1m_update_scan_actions[22m | Floor_type_C_031.glb[39m[0m
[  65% ] [90m[1m_update_scan_actions[22m | Floor_type_C_031_Color.png[39m[0m
[  65% ] [90m[1m_update_scan_actions[22m | Floor_type_C_032.glb[39m[0m
[  65% ] [90m[1m_update_scan_actions[22m | Floor_type_C_032_002.glb[39m[0m
[  65% ] [90m[1m_update_scan_actions[22m | Floor_type_C_032_002_Color.png[39m[0m
[  65% ] [90m[1m_update_scan_actions[22m | Floor_type_C_032_Color.png[39m[0m
[  65% ] [90m[1m_update_scan_actions[22m | Floor_type_C_033.glb[39m[0m
[  65% ] [90m[1m_update_scan_actions[22m | Floor_type_C_033_Color.png[39m[0m
[  65% ] [90m[1m_update_scan_actions[22m | Floor_type_C_034.glb[39m[0m
[  65% ] [90m[1m_update_scan_actions[22m | Floor_type_C_034_Color.png[39m[0m
[  65% ] [90m[1m_update_scan_actions[22m | Floor_type_C_035.glb[39m[0m
[  66% ] [90m[1m_update_scan_actions[22m | Floor_type_C_035_Color.png[39m[0m
[  66% ] [90m[1m_update_scan_actions[22m | Floor_type_C_036.glb[39m[0m
[  66% ] [90m[1m_update_scan_actions[22m | Floor_type_C_036_Color.png[39m[0m
[  66% ] [90m[1m_update_scan_actions[22m | Floor_type_C_037.glb[39m[0m
[  66% ] [90m[1m_update_scan_actions[22m | Floor_type_C_037_Color.png[39m[0m
[  66% ] [90m[1m_update_scan_actions[22m | Wall_type_A_001.glb[39m[0m
[  66% ] [90m[1m_update_scan_actions[22m | Wall_type_A_001_Color.png[39m[0m
[  66% ] [90m[1m_update_scan_actions[22m | Wall_type_A_002.glb[39m[0m
[  66% ] [90m[1m_update_scan_actions[22m | Wall_type_A_002_Color.png[39m[0m
[  66% ] [90m[1m_update_scan_actions[22m | Wall_type_A_003.glb[39m[0m
[  66% ] [90m[1m_update_scan_actions[22m | Wall_type_A_003_Color.png[39m[0m
[  66% ] [90m[1m_update_scan_actions[22m | Wall_type_A_004.glb[39m[0m
[  66% ] [90m[1m_update_scan_actions[22m | Wall_type_A_004_Color.png[39m[0m
[  66% ] [90m[1m_update_scan_actions[22m | Wall_type_A_005.glb[39m[0m
[  66% ] [90m[1m_update_scan_actions[22m | Wall_type_A_005_Color.png[39m[0m
[  66% ] [90m[1m_update_scan_actions[22m | Wall_type_A_006.glb[39m[0m
[  66% ] [90m[1m_update_scan_actions[22m | Wall_type_A_006_Color.png[39m[0m
[  66% ] [90m[1m_update_scan_actions[22m | Wall_type_A_007.glb[39m[0m
[  66% ] [90m[1m_update_scan_actions[22m | Wall_type_A_007_Color.png[39m[0m
[  66% ] [90m[1m_update_scan_actions[22m | Wall_type_A_008.glb[39m[0m
[  66% ] [90m[1m_update_scan_actions[22m | Wall_type_A_008_Color.png[39m[0m
[  66% ] [90m[1m_update_scan_actions[22m | Wall_type_A_009.glb[39m[0m
[  67% ] [90m[1m_update_scan_actions[22m | Wall_type_A_009_Color.png[39m[0m
[  67% ] [90m[1m_update_scan_actions[22m | Wall_type_A_010.glb[39m[0m
[  67% ] [90m[1m_update_scan_actions[22m | Wall_type_A_010_Color.png[39m[0m
[  67% ] [90m[1m_update_scan_actions[22m | Wall_type_A_011.glb[39m[0m
[  67% ] [90m[1m_update_scan_actions[22m | Wall_type_A_011_Color.png[39m[0m
[  67% ] [90m[1m_update_scan_actions[22m | Wall_type_A_012.glb[39m[0m
[  67% ] [90m[1m_update_scan_actions[22m | Wall_type_A_012_Color.png[39m[0m
[  67% ] [90m[1m_update_scan_actions[22m | Wall_type_A_013.glb[39m[0m
[  67% ] [90m[1m_update_scan_actions[22m | Wall_type_A_013_Color.png[39m[0m
[  67% ] [90m[1m_update_scan_actions[22m | Wall_type_A_014.glb[39m[0m
[  67% ] [90m[1m_update_scan_actions[22m | Wall_type_A_014_Color.png[39m[0m
[  67% ] [90m[1m_update_scan_actions[22m | Wall_type_A_015.glb[39m[0m
[  67% ] [90m[1m_update_scan_actions[22m | Wall_type_A_015_Color.png[39m[0m
[  67% ] [90m[1m_update_scan_actions[22m | Wall_type_A_016.glb[39m[0m
[  67% ] [90m[1m_update_scan_actions[22m | Wall_type_A_016_Color.png[39m[0m
[  67% ] [90m[1m_update_scan_actions[22m | Wall_type_A_017.glb[39m[0m
[  67% ] [90m[1m_update_scan_actions[22m | Wall_type_A_017_Color.png[39m[0m
[  67% ] [90m[1m_update_scan_actions[22m | Wall_type_A_018.glb[39m[0m
[  67% ] [90m[1m_update_scan_actions[22m | Wall_type_A_018_Color.png[39m[0m
[  67% ] [90m[1m_update_scan_actions[22m | Wall_type_A_019.glb[39m[0m
[  67% ] [90m[1m_update_scan_actions[22m | Wall_type_A_019_Color.png[39m[0m
[  67% ] [90m[1m_update_scan_actions[22m | Wall_type_A_020.glb[39m[0m
[  68% ] [90m[1m_update_scan_actions[22m | Wall_type_A_020_Color.png[39m[0m
[  68% ] [90m[1m_update_scan_actions[22m | Wall_type_A_021.glb[39m[0m
[  68% ] [90m[1m_update_scan_actions[22m | Wall_type_A_021_Color.png[39m[0m
[  68% ] [90m[1m_update_scan_actions[22m | Wall_type_A_022.glb[39m[0m
[  68% ] [90m[1m_update_scan_actions[22m | Wall_type_A_022_Color.png[39m[0m
[  68% ] [90m[1m_update_scan_actions[22m | Wall_type_A_023.glb[39m[0m
[  68% ] [90m[1m_update_scan_actions[22m | Wall_type_A_023_Color.png[39m[0m
[  68% ] [90m[1m_update_scan_actions[22m | Wall_type_A_024.glb[39m[0m
[  68% ] [90m[1m_update_scan_actions[22m | Wall_type_A_024_Color.png[39m[0m
[  68% ] [90m[1m_update_scan_actions[22m | Wall_type_A_025.glb[39m[0m
[  68% ] [90m[1m_update_scan_actions[22m | Wall_type_A_025_Color.png[39m[0m
[  68% ] [90m[1m_update_scan_actions[22m | Wall_type_A_026.glb[39m[0m
[  68% ] [90m[1m_update_scan_actions[22m | Wall_type_A_026_Color.png[39m[0m
[  68% ] [90m[1m_update_scan_actions[22m | Wall_type_A_027.glb[39m[0m
[  68% ] [90m[1m_update_scan_actions[22m | Wall_type_A_027_Color.png[39m[0m
[  68% ] [90m[1m_update_scan_actions[22m | Wall_type_A_028.glb[39m[0m
[  68% ] [90m[1m_update_scan_actions[22m | Wall_type_A_028_Color.png[39m[0m
[  68% ] [90m[1m_update_scan_actions[22m | Wall_type_A_029.glb[39m[0m
[  68% ] [90m[1m_update_scan_actions[22m | Wall_type_A_029_Color.png[39m[0m
[  68% ] [90m[1m_update_scan_actions[22m | Wall_type_A_030.glb[39m[0m
[  68% ] [90m[1m_update_scan_actions[22m | Wall_type_A_030_Color.png[39m[0m
[  68% ] [90m[1m_update_scan_actions[22m | Wall_type_A_031.glb[39m[0m
[  69% ] [90m[1m_update_scan_actions[22m | Wall_type_A_031_Color.png[39m[0m
[  69% ] [90m[1m_update_scan_actions[22m | Wall_type_A_032.glb[39m[0m
[  69% ] [90m[1m_update_scan_actions[22m | Wall_type_A_032_Color.png[39m[0m
[  69% ] [90m[1m_update_scan_actions[22m | Wall_type_A_033.glb[39m[0m
[  69% ] [90m[1m_update_scan_actions[22m | Wall_type_A_033_Color.png[39m[0m
[  69% ] [90m[1m_update_scan_actions[22m | Wall_type_A_034.glb[39m[0m
[  69% ] [90m[1m_update_scan_actions[22m | Wall_type_A_034_Color.png[39m[0m
[  69% ] [90m[1m_update_scan_actions[22m | Wall_type_A_035.glb[39m[0m
[  69% ] [90m[1m_update_scan_actions[22m | Wall_type_A_035_Color.png[39m[0m
[  69% ] [90m[1m_update_scan_actions[22m | Wall_type_A_036.glb[39m[0m
[  69% ] [90m[1m_update_scan_actions[22m | Wall_type_A_036_Color.png[39m[0m
[  69% ] [90m[1m_update_scan_actions[22m | Wall_type_A_037.glb[39m[0m
[  69% ] [90m[1m_update_scan_actions[22m | Wall_type_A_037_Color.png[39m[0m
[  69% ] [90m[1m_update_scan_actions[22m | Wall_type_A_038.glb[39m[0m
[  69% ] [90m[1m_update_scan_actions[22m | Wall_type_A_038_Color.png[39m[0m
[  69% ] [90m[1m_update_scan_actions[22m | Wall_type_A_039.glb[39m[0m
[  69% ] [90m[1m_update_scan_actions[22m | Wall_type_A_039_Color.png[39m[0m
[  69% ] [90m[1m_update_scan_actions[22m | Wall_type_A_040.glb[39m[0m
[  69% ] [90m[1m_update_scan_actions[22m | Wall_type_A_040_Color.png[39m[0m
[  69% ] [90m[1m_update_scan_actions[22m | Wall_type_A_041.glb[39m[0m
[  69% ] [90m[1m_update_scan_actions[22m | Wall_type_A_041_Color.png[39m[0m
[  69% ] [90m[1m_update_scan_actions[22m | Wall_type_A_042.glb[39m[0m
[  70% ] [90m[1m_update_scan_actions[22m | Wall_type_A_042_Color.png[39m[0m
[  70% ] [90m[1m_update_scan_actions[22m | Wall_type_A_043.glb[39m[0m
[  70% ] [90m[1m_update_scan_actions[22m | Wall_type_A_043_Color.png[39m[0m
[  70% ] [90m[1m_update_scan_actions[22m | Wall_type_A_044.glb[39m[0m
[  70% ] [90m[1m_update_scan_actions[22m | Wall_type_A_044_Color.png[39m[0m
[  70% ] [90m[1m_update_scan_actions[22m | Wall_type_A_045.glb[39m[0m
[  70% ] [90m[1m_update_scan_actions[22m | Wall_type_A_045_Color.png[39m[0m
[  70% ] [90m[1m_update_scan_actions[22m | Wall_type_A_046.glb[39m[0m
[  70% ] [90m[1m_update_scan_actions[22m | Wall_type_A_046_Color.png[39m[0m
[  70% ] [90m[1m_update_scan_actions[22m | Wall_type_A_047.glb[39m[0m
[  70% ] [90m[1m_update_scan_actions[22m | Wall_type_A_047_Color.png[39m[0m
[  70% ] [90m[1m_update_scan_actions[22m | Wall_type_A_048.glb[39m[0m
[  70% ] [90m[1m_update_scan_actions[22m | Wall_type_A_048_Color.png[39m[0m
[  70% ] [90m[1m_update_scan_actions[22m | Wall_type_A_049.glb[39m[0m
[  70% ] [90m[1m_update_scan_actions[22m | Wall_type_A_049_Color.png[39m[0m
[  70% ] [90m[1m_update_scan_actions[22m | Wall_type_A_050.glb[39m[0m
[  70% ] [90m[1m_update_scan_actions[22m | Wall_type_A_050_Color.png[39m[0m
[  70% ] [90m[1m_update_scan_actions[22m | Wall_type_A_051.glb[39m[0m
[  70% ] [90m[1m_update_scan_actions[22m | Wall_type_A_051_Color.png[39m[0m
[  70% ] [90m[1m_update_scan_actions[22m | Wall_type_A_052.glb[39m[0m
[  70% ] [90m[1m_update_scan_actions[22m | Wall_type_A_052_Color.png[39m[0m
[  70% ] [90m[1m_update_scan_actions[22m | Wall_type_A_053.glb[39m[0m
[  71% ] [90m[1m_update_scan_actions[22m | Wall_type_A_053_Color.png[39m[0m
[  71% ] [90m[1m_update_scan_actions[22m | Wall_type_A_054.glb[39m[0m
[  71% ] [90m[1m_update_scan_actions[22m | Wall_type_A_054_Color.png[39m[0m
[  71% ] [90m[1m_update_scan_actions[22m | Wall_type_A_055.glb[39m[0m
[  71% ] [90m[1m_update_scan_actions[22m | Wall_type_A_055_Color.png[39m[0m
[  71% ] [90m[1m_update_scan_actions[22m | Wall_type_A_056.glb[39m[0m
[  71% ] [90m[1m_update_scan_actions[22m | Wall_type_A_056_Color.png[39m[0m
[  71% ] [90m[1m_update_scan_actions[22m | Wall_type_A_057.glb[39m[0m
[  71% ] [90m[1m_update_scan_actions[22m | Wall_type_A_057_Color.png[39m[0m
[  71% ] [90m[1m_update_scan_actions[22m | Wall_type_A_058.glb[39m[0m
[  71% ] [90m[1m_update_scan_actions[22m | Wall_type_A_058_Color.png[39m[0m
[  71% ] [90m[1m_update_scan_actions[22m | Wall_type_A_059.glb[39m[0m
[  71% ] [90m[1m_update_scan_actions[22m | Wall_type_A_059_Color.png[39m[0m
[  71% ] [90m[1m_update_scan_actions[22m | Wall_type_A_060.glb[39m[0m
[  71% ] [90m[1m_update_scan_actions[22m | Wall_type_A_060_Color.png[39m[0m
[  71% ] [90m[1m_update_scan_actions[22m | Wall_type_A_061.glb[39m[0m
[  71% ] [90m[1m_update_scan_actions[22m | Wall_type_A_061_Color.png[39m[0m
[  71% ] [90m[1m_update_scan_actions[22m | Wall_type_A_062.glb[39m[0m
[  71% ] [90m[1m_update_scan_actions[22m | Wall_type_A_062_Color.png[39m[0m
[  71% ] [90m[1m_update_scan_actions[22m | Wall_type_A_063.glb[39m[0m
[  71% ] [90m[1m_update_scan_actions[22m | Wall_type_A_063_Color.png[39m[0m
[  71% ] [90m[1m_update_scan_actions[22m | Wall_type_A_064.glb[39m[0m
[  71% ] [90m[1m_update_scan_actions[22m | Wall_type_A_064_Color.png[39m[0m
[  72% ] [90m[1m_update_scan_actions[22m | Wall_type_A_065.glb[39m[0m
[  72% ] [90m[1m_update_scan_actions[22m | Wall_type_A_065_Color.png[39m[0m
[  72% ] [90m[1m_update_scan_actions[22m | Wall_type_A_066.glb[39m[0m
[  72% ] [90m[1m_update_scan_actions[22m | Wall_type_A_066_Color.png[39m[0m
[  72% ] [90m[1m_update_scan_actions[22m | Wall_type_A_067.glb[39m[0m
[  72% ] [90m[1m_update_scan_actions[22m | Wall_type_A_067_Color.png[39m[0m
[  72% ] [90m[1m_update_scan_actions[22m | Wall_type_A_068.glb[39m[0m
[  72% ] [90m[1m_update_scan_actions[22m | Wall_type_A_068_Color.png[39m[0m
[  72% ] [90m[1m_update_scan_actions[22m | Wall_type_A_069.glb[39m[0m
[  72% ] [90m[1m_update_scan_actions[22m | Wall_type_A_069_Color.png[39m[0m
[  72% ] [90m[1m_update_scan_actions[22m | Wall_type_A_070.glb[39m[0m
[  72% ] [90m[1m_update_scan_actions[22m | Wall_type_A_070_Color.png[39m[0m
[  72% ] [90m[1m_update_scan_actions[22m | Wall_type_A_071.glb[39m[0m
[  72% ] [90m[1m_update_scan_actions[22m | Wall_type_A_071_Color.png[39m[0m
[  72% ] [90m[1m_update_scan_actions[22m | Wall_type_A_072.glb[39m[0m
[  72% ] [90m[1m_update_scan_actions[22m | Wall_type_A_072_Color.png[39m[0m
[  72% ] [90m[1m_update_scan_actions[22m | Wall_type_A_073.glb[39m[0m
[  72% ] [90m[1m_update_scan_actions[22m | Wall_type_A_073_Color.png[39m[0m
[  72% ] [90m[1m_update_scan_actions[22m | Wall_type_B_001.glb[39m[0m
[  72% ] [90m[1m_update_scan_actions[22m | Wall_type_B_001_Color.png[39m[0m
[  72% ] [90m[1m_update_scan_actions[22m | Wall_type_B_002.glb[39m[0m
[  72% ] [90m[1m_update_scan_actions[22m | Wall_type_B_002_Color.png[39m[0m
[  73% ] [90m[1m_update_scan_actions[22m | Wall_type_B_003.glb[39m[0m
[  73% ] [90m[1m_update_scan_actions[22m | Wall_type_B_003_Color.png[39m[0m
[  73% ] [90m[1m_update_scan_actions[22m | Wall_type_B_004.glb[39m[0m
[  73% ] [90m[1m_update_scan_actions[22m | Wall_type_B_004_Color.png[39m[0m
[  73% ] [90m[1m_update_scan_actions[22m | Wall_type_B_005.glb[39m[0m
[  73% ] [90m[1m_update_scan_actions[22m | Wall_type_B_005_Color.png[39m[0m
[  73% ] [90m[1m_update_scan_actions[22m | Wall_type_B_006.glb[39m[0m
[  73% ] [90m[1m_update_scan_actions[22m | Wall_type_B_006_Color.png[39m[0m
[  73% ] [90m[1m_update_scan_actions[22m | Wall_type_B_007.glb[39m[0m
[  73% ] [90m[1m_update_scan_actions[22m | Wall_type_B_007_Color.png[39m[0m
[  73% ] [90m[1m_update_scan_actions[22m | Wall_type_B_008.glb[39m[0m
[  73% ] [90m[1m_update_scan_actions[22m | Wall_type_B_008_Color.png[39m[0m
[  73% ] [90m[1m_update_scan_actions[22m | Wall_type_B_009.glb[39m[0m
[  73% ] [90m[1m_update_scan_actions[22m | Wall_type_B_009_Color.png[39m[0m
[  73% ] [90m[1m_update_scan_actions[22m | Wall_type_B_010.glb[39m[0m
[  73% ] [90m[1m_update_scan_actions[22m | Wall_type_B_010_Color.png[39m[0m
[  73% ] [90m[1m_update_scan_actions[22m | Wall_type_B_011.glb[39m[0m
[  73% ] [90m[1m_update_scan_actions[22m | Wall_type_B_011_Color.png[39m[0m
[  73% ] [90m[1m_update_scan_actions[22m | Wall_type_B_012.glb[39m[0m
[  73% ] [90m[1m_update_scan_actions[22m | Wall_type_B_012_Color.png[39m[0m
[  73% ] [90m[1m_update_scan_actions[22m | Wall_type_B_013.glb[39m[0m
[  73% ] [90m[1m_update_scan_actions[22m | Wall_type_B_013_Color.png[39m[0m
[  74% ] [90m[1m_update_scan_actions[22m | Wall_type_B_014.glb[39m[0m
[  74% ] [90m[1m_update_scan_actions[22m | Wall_type_B_014_Color.png[39m[0m
[  74% ] [90m[1m_update_scan_actions[22m | Wall_type_B_015.glb[39m[0m
[  74% ] [90m[1m_update_scan_actions[22m | Wall_type_B_015_Color.png[39m[0m
[  74% ] [90m[1m_update_scan_actions[22m | Wall_type_B_016.glb[39m[0m
[  74% ] [90m[1m_update_scan_actions[22m | Wall_type_B_016_Color.png[39m[0m
[  74% ] [90m[1m_update_scan_actions[22m | Wall_type_B_017.glb[39m[0m
[  74% ] [90m[1m_update_scan_actions[22m | Wall_type_B_017_Color.png[39m[0m
[  74% ] [90m[1m_update_scan_actions[22m | Wall_type_B_018.glb[39m[0m
[  74% ] [90m[1m_update_scan_actions[22m | Wall_type_B_018_Color.png[39m[0m
[  74% ] [90m[1m_update_scan_actions[22m | Wall_type_B_019.glb[39m[0m
[  74% ] [90m[1m_update_scan_actions[22m | Wall_type_B_019_Color.png[39m[0m
[  74% ] [90m[1m_update_scan_actions[22m | Wall_type_B_020.glb[39m[0m
[  74% ] [90m[1m_update_scan_actions[22m | Wall_type_B_020_Color.png[39m[0m
[  74% ] [90m[1m_update_scan_actions[22m | Wall_type_B_022.glb[39m[0m
[  74% ] [90m[1m_update_scan_actions[22m | Wall_type_B_022_Color.png[39m[0m
[  74% ] [90m[1m_update_scan_actions[22m | Wall_type_B_023.glb[39m[0m
[  74% ] [90m[1m_update_scan_actions[22m | Wall_type_B_023_Color.png[39m[0m
[  74% ] [90m[1m_update_scan_actions[22m | Wall_type_B_024.glb[39m[0m
[  74% ] [90m[1m_update_scan_actions[22m | Wall_type_B_024_Color.png[39m[0m
[  74% ] [90m[1m_update_scan_actions[22m | Wall_type_B_025.glb[39m[0m
[  74% ] [90m[1m_update_scan_actions[22m | Wall_type_B_025_Color.png[39m[0m
[  75% ] [90m[1m_update_scan_actions[22m | Wall_type_B_026.glb[39m[0m
[  75% ] [90m[1m_update_scan_actions[22m | Wall_type_B_026_Color.png[39m[0m
[  75% ] [90m[1m_update_scan_actions[22m | Wall_type_B_027.glb[39m[0m
[  75% ] [90m[1m_update_scan_actions[22m | Wall_type_B_027_Color.png[39m[0m
[  75% ] [90m[1m_update_scan_actions[22m | Wall_type_B_028.glb[39m[0m
[  75% ] [90m[1m_update_scan_actions[22m | Wall_type_B_028_Color.png[39m[0m
[  75% ] [90m[1m_update_scan_actions[22m | Wall_type_B_029.glb[39m[0m
[  75% ] [90m[1m_update_scan_actions[22m | Wall_type_B_029_Color.png[39m[0m
[  75% ] [90m[1m_update_scan_actions[22m | Wall_type_B_030.glb[39m[0m
[  75% ] [90m[1m_update_scan_actions[22m | Wall_type_B_030_Color.png[39m[0m
[  75% ] [90m[1m_update_scan_actions[22m | Wall_type_B_031.glb[39m[0m
[  75% ] [90m[1m_update_scan_actions[22m | Wall_type_B_031_Color.png[39m[0m
[  75% ] [90m[1m_update_scan_actions[22m | Wall_type_B_032.glb[39m[0m
[  75% ] [90m[1m_update_scan_actions[22m | Wall_type_B_032_Color.png[39m[0m
[  75% ] [90m[1m_update_scan_actions[22m | Wall_type_B_033.glb[39m[0m
[  75% ] [90m[1m_update_scan_actions[22m | Wall_type_B_033_Color.png[39m[0m
[  75% ] [90m[1m_update_scan_actions[22m | Wall_type_B_034.glb[39m[0m
[  75% ] [90m[1m_update_scan_actions[22m | Wall_type_B_034_Color.png[39m[0m
[  75% ] [90m[1m_update_scan_actions[22m | Wall_type_B_035.glb[39m[0m
[  75% ] [90m[1m_update_scan_actions[22m | Wall_type_B_035_Color.png[39m[0m
[  75% ] [90m[1m_update_scan_actions[22m | Wall_type_B_036.glb[39m[0m
[  75% ] [90m[1m_update_scan_actions[22m | Wall_type_B_036_Color.png[39m[0m
[  76% ] [90m[1m_update_scan_actions[22m | Wall_type_B_037.glb[39m[0m
[  76% ] [90m[1m_update_scan_actions[22m | Wall_type_B_037_Color.png[39m[0m
[  76% ] [90m[1m_update_scan_actions[22m | Wall_type_B_038.glb[39m[0m
[  76% ] [90m[1m_update_scan_actions[22m | Wall_type_B_038_Color.png[39m[0m
[  76% ] [90m[1m_update_scan_actions[22m | Wall_type_B_039.glb[39m[0m
[  76% ] [90m[1m_update_scan_actions[22m | Wall_type_B_039_Color.png[39m[0m
[  76% ] [90m[1m_update_scan_actions[22m | Wall_type_B_040.glb[39m[0m
[  76% ] [90m[1m_update_scan_actions[22m | Wall_type_B_040_Color.png[39m[0m
[  76% ] [90m[1m_update_scan_actions[22m | Wall_type_B_041.glb[39m[0m
[  76% ] [90m[1m_update_scan_actions[22m | Wall_type_B_041_Color.png[39m[0m
[  76% ] [90m[1m_update_scan_actions[22m | Wall_type_B_042.glb[39m[0m
[  76% ] [90m[1m_update_scan_actions[22m | Wall_type_B_042_Color.png[39m[0m
[  76% ] [90m[1m_update_scan_actions[22m | Wall_type_B_043.glb[39m[0m
[  76% ] [90m[1m_update_scan_actions[22m | Wall_type_B_043_Color.png[39m[0m
[  76% ] [90m[1m_update_scan_actions[22m | Wall_type_B_044.glb[39m[0m
[  76% ] [90m[1m_update_scan_actions[22m | Wall_type_B_044_Color.png[39m[0m
[  76% ] [90m[1m_update_scan_actions[22m | Wall_type_B_045.glb[39m[0m
[  76% ] [90m[1m_update_scan_actions[22m | Wall_type_B_045_Color.png[39m[0m
[  76% ] [90m[1m_update_scan_actions[22m | Wall_type_B_046.glb[39m[0m
[  76% ] [90m[1m_update_scan_actions[22m | Wall_type_B_046_Color.png[39m[0m
[  76% ] [90m[1m_update_scan_actions[22m | Wall_type_B_047.glb[39m[0m
[  76% ] [90m[1m_update_scan_actions[22m | Wall_type_B_047_Color.png[39m[0m
[  77% ] [90m[1m_update_scan_actions[22m | Wall_type_B_048.glb[39m[0m
[  77% ] [90m[1m_update_scan_actions[22m | Wall_type_B_048_Color.png[39m[0m
[  77% ] [90m[1m_update_scan_actions[22m | Wall_type_B_049.glb[39m[0m
[  77% ] [90m[1m_update_scan_actions[22m | Wall_type_B_049_Color.png[39m[0m
[  77% ] [90m[1m_update_scan_actions[22m | Wall_type_B_050.glb[39m[0m
[  77% ] [90m[1m_update_scan_actions[22m | Wall_type_B_050_Color.png[39m[0m
[  77% ] [90m[1m_update_scan_actions[22m | Wall_type_B_051.glb[39m[0m
[  77% ] [90m[1m_update_scan_actions[22m | Wall_type_B_051_Color.png[39m[0m
[  77% ] [90m[1m_update_scan_actions[22m | Wall_type_B_052.glb[39m[0m
[  77% ] [90m[1m_update_scan_actions[22m | Wall_type_B_052_Color.png[39m[0m
[  77% ] [90m[1m_update_scan_actions[22m | Wall_type_B_053.glb[39m[0m
[  77% ] [90m[1m_update_scan_actions[22m | Wall_type_B_053_Color.png[39m[0m
[  77% ] [90m[1m_update_scan_actions[22m | Wall_type_B_054.glb[39m[0m
[  77% ] [90m[1m_update_scan_actions[22m | Wall_type_B_054_Color.png[39m[0m
[  77% ] [90m[1m_update_scan_actions[22m | Wall_type_B_055.glb[39m[0m
[  77% ] [90m[1m_update_scan_actions[22m | Wall_type_B_055_Color.png[39m[0m
[  77% ] [90m[1m_update_scan_actions[22m | Wall_type_B_056.glb[39m[0m
[  77% ] [90m[1m_update_scan_actions[22m | Wall_type_B_056_Color.png[39m[0m
[  77% ] [90m[1m_update_scan_actions[22m | Wall_type_B_057.glb[39m[0m
[  77% ] [90m[1m_update_scan_actions[22m | Wall_type_B_057_Color.png[39m[0m
[  77% ] [90m[1m_update_scan_actions[22m | Wall_type_B_058.glb[39m[0m
[  77% ] [90m[1m_update_scan_actions[22m | Wall_type_B_058_Color.png[39m[0m
[  78% ] [90m[1m_update_scan_actions[22m | Wall_type_B_059.glb[39m[0m
[  78% ] [90m[1m_update_scan_actions[22m | Wall_type_B_059_Color.png[39m[0m
[  78% ] [90m[1m_update_scan_actions[22m | Wall_type_B_060.glb[39m[0m
[  78% ] [90m[1m_update_scan_actions[22m | Wall_type_B_060_Color.png[39m[0m
[  78% ] [90m[1m_update_scan_actions[22m | Wall_type_B_061.glb[39m[0m
[  78% ] [90m[1m_update_scan_actions[22m | Wall_type_B_061_Color.png[39m[0m
[  78% ] [90m[1m_update_scan_actions[22m | Wall_type_B_062.glb[39m[0m
[  78% ] [90m[1m_update_scan_actions[22m | Wall_type_B_062_Color.png[39m[0m
[  78% ] [90m[1m_update_scan_actions[22m | Wall_type_B_063.glb[39m[0m
[  78% ] [90m[1m_update_scan_actions[22m | Wall_type_B_063_Color.png[39m[0m
[  78% ] [90m[1m_update_scan_actions[22m | Wall_type_B_064.glb[39m[0m
[  78% ] [90m[1m_update_scan_actions[22m | Wall_type_B_064_Color.png[39m[0m
[  78% ] [90m[1m_update_scan_actions[22m | Wall_type_B_065.glb[39m[0m
[  78% ] [90m[1m_update_scan_actions[22m | Wall_type_B_065_Color.png[39m[0m
[  78% ] [90m[1m_update_scan_actions[22m | Wall_type_B_066.glb[39m[0m
[  78% ] [90m[1m_update_scan_actions[22m | Wall_type_B_066_Color.png[39m[0m
[  78% ] [90m[1m_update_scan_actions[22m | Wall_type_B_067.glb[39m[0m
[  78% ] [90m[1m_update_scan_actions[22m | Wall_type_B_067_Color.png[39m[0m
[  78% ] [90m[1m_update_scan_actions[22m | Wall_type_B_068.glb[39m[0m
[  78% ] [90m[1m_update_scan_actions[22m | Wall_type_B_068_Color.png[39m[0m
[  78% ] [90m[1m_update_scan_actions[22m | Wall_type_B_069.glb[39m[0m
[  78% ] [90m[1m_update_scan_actions[22m | Wall_type_B_069_Color.png[39m[0m
[  79% ] [90m[1m_update_scan_actions[22m | Wall_type_B_070.glb[39m[0m
[  79% ] [90m[1m_update_scan_actions[22m | Wall_type_B_070_Color.png[39m[0m
[  79% ] [90m[1m_update_scan_actions[22m | Wall_type_B_071.glb[39m[0m
[  79% ] [90m[1m_update_scan_actions[22m | Wall_type_B_071_Color.png[39m[0m
[  79% ] [90m[1m_update_scan_actions[22m | Wall_type_B_072.glb[39m[0m
[  79% ] [90m[1m_update_scan_actions[22m | Wall_type_B_072_Color.png[39m[0m
[  79% ] [90m[1m_update_scan_actions[22m | Wall_type_B_073.glb[39m[0m
[  79% ] [90m[1m_update_scan_actions[22m | Wall_type_B_073_Color.png[39m[0m
[  79% ] [90m[1m_update_scan_actions[22m | Wall_type_B_074.glb[39m[0m
[  79% ] [90m[1m_update_scan_actions[22m | Wall_type_B_074_Color.png[39m[0m
[  79% ] [90m[1m_update_scan_actions[22m | Wall_type_C_001.glb[39m[0m
[  79% ] [90m[1m_update_scan_actions[22m | Wall_type_C_001_Color.png[39m[0m
[  79% ] [90m[1m_update_scan_actions[22m | Wall_type_C_002.glb[39m[0m
[  79% ] [90m[1m_update_scan_actions[22m | Wall_type_C_002_Color.png[39m[0m
[  79% ] [90m[1m_update_scan_actions[22m | Wall_type_C_003.glb[39m[0m
[  79% ] [90m[1m_update_scan_actions[22m | Wall_type_C_003_Color.png[39m[0m
[  79% ] [90m[1m_update_scan_actions[22m | Wall_type_C_004.glb[39m[0m
[  79% ] [90m[1m_update_scan_actions[22m | Wall_type_C_004_Color.png[39m[0m
[  79% ] [90m[1m_update_scan_actions[22m | Wall_type_C_005.glb[39m[0m
[  79% ] [90m[1m_update_scan_actions[22m | Wall_type_C_005_Color.png[39m[0m
[  79% ] [90m[1m_update_scan_actions[22m | Wall_type_C_006.glb[39m[0m
[  79% ] [90m[1m_update_scan_actions[22m | Wall_type_C_006_Color.png[39m[0m
[  80% ] [90m[1m_update_scan_actions[22m | Wall_type_C_007.glb[39m[0m
[  80% ] [90m[1m_update_scan_actions[22m | Wall_type_C_007_Color.png[39m[0m
[  80% ] [90m[1m_update_scan_actions[22m | Wall_type_C_008.glb[39m[0m
[  80% ] [90m[1m_update_scan_actions[22m | Wall_type_C_008_Color.png[39m[0m
[  80% ] [90m[1m_update_scan_actions[22m | Wall_type_C_009.glb[39m[0m
[  80% ] [90m[1m_update_scan_actions[22m | Wall_type_C_009_Color.png[39m[0m
[  80% ] [90m[1m_update_scan_actions[22m | Wall_type_C_010.glb[39m[0m
[  80% ] [90m[1m_update_scan_actions[22m | Wall_type_C_010_Color.png[39m[0m
[  80% ] [90m[1m_update_scan_actions[22m | Wall_type_C_011.glb[39m[0m
[  80% ] [90m[1m_update_scan_actions[22m | Wall_type_C_011_Color.png[39m[0m
[  80% ] [90m[1m_update_scan_actions[22m | Wall_type_C_012.glb[39m[0m
[  80% ] [90m[1m_update_scan_actions[22m | Wall_type_C_012_Color.png[39m[0m
[  80% ] [90m[1m_update_scan_actions[22m | Wall_type_C_013.glb[39m[0m
[  80% ] [90m[1m_update_scan_actions[22m | Wall_type_C_013_Color.png[39m[0m
[  80% ] [90m[1m_update_scan_actions[22m | Wall_type_C_014.glb[39m[0m
[  80% ] [90m[1m_update_scan_actions[22m | Wall_type_C_014_Color.png[39m[0m
[  80% ] [90m[1m_update_scan_actions[22m | Wall_type_C_015.glb[39m[0m
[  80% ] [90m[1m_update_scan_actions[22m | Wall_type_C_015_Color.png[39m[0m
[  80% ] [90m[1m_update_scan_actions[22m | Wall_type_C_016.glb[39m[0m
[  80% ] [90m[1m_update_scan_actions[22m | Wall_type_C_016_Color.png[39m[0m
[  80% ] [90m[1m_update_scan_actions[22m | Wall_type_C_017.glb[39m[0m
[  80% ] [90m[1m_update_scan_actions[22m | Wall_type_C_017_Color.png[39m[0m
[  81% ] [90m[1m_update_scan_actions[22m | Wall_type_C_018.glb[39m[0m
[  81% ] [90m[1m_update_scan_actions[22m | Wall_type_C_018_Color.png[39m[0m
[  81% ] [90m[1m_update_scan_actions[22m | Wall_type_C_019.glb[39m[0m
[  81% ] [90m[1m_update_scan_actions[22m | Wall_type_C_019_Color.png[39m[0m
[  81% ] [90m[1m_update_scan_actions[22m | Wall_type_C_020.glb[39m[0m
[  81% ] [90m[1m_update_scan_actions[22m | Wall_type_C_020_Color.png[39m[0m
[  81% ] [90m[1m_update_scan_actions[22m | Wall_type_C_021.glb[39m[0m
[  81% ] [90m[1m_update_scan_actions[22m | Wall_type_C_021_Color.png[39m[0m
[  81% ] [90m[1m_update_scan_actions[22m | Wall_type_C_022.glb[39m[0m
[  81% ] [90m[1m_update_scan_actions[22m | Wall_type_C_022_Color.png[39m[0m
[  81% ] [90m[1m_update_scan_actions[22m | Wall_type_C_023.glb[39m[0m
[  81% ] [90m[1m_update_scan_actions[22m | Wall_type_C_023_Color.png[39m[0m
[  81% ] [90m[1m_update_scan_actions[22m | Wall_type_C_024.glb[39m[0m
[  81% ] [90m[1m_update_scan_actions[22m | Wall_type_C_024_Color.png[39m[0m
[  81% ] [90m[1m_update_scan_actions[22m | Wall_type_C_025.glb[39m[0m
[  81% ] [90m[1m_update_scan_actions[22m | Wall_type_C_025_Color.png[39m[0m
[  81% ] [90m[1m_update_scan_actions[22m | Wall_type_C_026.glb[39m[0m
[  81% ] [90m[1m_update_scan_actions[22m | Wall_type_C_026_Color.png[39m[0m
[  81% ] [90m[1m_update_scan_actions[22m | Wall_type_C_027.glb[39m[0m
[  81% ] [90m[1m_update_scan_actions[22m | Wall_type_C_027_Color.png[39m[0m
[  81% ] [90m[1m_update_scan_actions[22m | Wall_type_C_028.glb[39m[0m
[  81% ] [90m[1m_update_scan_actions[22m | Wall_type_C_028_Color.png[39m[0m
[  82% ] [90m[1m_update_scan_actions[22m | Wall_type_C_029.glb[39m[0m
[  82% ] [90m[1m_update_scan_actions[22m | Wall_type_C_029_Color.png[39m[0m
[  82% ] [90m[1m_update_scan_actions[22m | Wall_type_C_030.glb[39m[0m
[  82% ] [90m[1m_update_scan_actions[22m | Wall_type_C_030_Color.png[39m[0m
[  82% ] [90m[1m_update_scan_actions[22m | Wall_type_C_031.glb[39m[0m
[  82% ] [90m[1m_update_scan_actions[22m | Wall_type_C_031_Color.png[39m[0m
[  82% ] [90m[1m_update_scan_actions[22m | Wall_type_C_032.glb[39m[0m
[  82% ] [90m[1m_update_scan_actions[22m | Wall_type_C_032_Color.png[39m[0m
[  82% ] [90m[1m_update_scan_actions[22m | Wall_type_C_033.glb[39m[0m
[  82% ] [90m[1m_update_scan_actions[22m | Wall_type_C_033_Color.png[39m[0m
[  82% ] [90m[1m_update_scan_actions[22m | Wall_type_C_034.glb[39m[0m
[  82% ] [90m[1m_update_scan_actions[22m | Wall_type_C_034_Color.png[39m[0m
[  82% ] [90m[1m_update_scan_actions[22m | Wall_type_C_035.glb[39m[0m
[  82% ] [90m[1m_update_scan_actions[22m | Wall_type_C_035_Color.png[39m[0m
[  82% ] [90m[1m_update_scan_actions[22m | Wall_type_C_036.glb[39m[0m
[  82% ] [90m[1m_update_scan_actions[22m | Wall_type_C_036_Color.png[39m[0m
[  82% ] [90m[1m_update_scan_actions[22m | Wall_type_C_037.glb[39m[0m
[  82% ] [90m[1m_update_scan_actions[22m | Wall_type_C_037_Color.png[39m[0m
[  82% ] [90m[1m_update_scan_actions[22m | Wall_type_C_038.glb[39m[0m
[  82% ] [90m[1m_update_scan_actions[22m | Wall_type_C_038_Color.png[39m[0m
[  82% ] [90m[1m_update_scan_actions[22m | Wall_type_C_039.glb[39m[0m
[  82% ] [90m[1m_update_scan_actions[22m | Wall_type_C_039_Color.png[39m[0m
[  83% ] [90m[1m_update_scan_actions[22m | Wall_type_C_040.glb[39m[0m
[  83% ] [90m[1m_update_scan_actions[22m | Wall_type_C_040_Color.png[39m[0m
[  83% ] [90m[1m_update_scan_actions[22m | Wall_type_C_041.glb[39m[0m
[  83% ] [90m[1m_update_scan_actions[22m | Wall_type_C_041_Color.png[39m[0m
[  83% ] [90m[1m_update_scan_actions[22m | Wall_type_C_042.glb[39m[0m
[  83% ] [90m[1m_update_scan_actions[22m | Wall_type_C_042_Color.png[39m[0m
[  83% ] [90m[1m_update_scan_actions[22m | Wall_type_C_043.glb[39m[0m
[  83% ] [90m[1m_update_scan_actions[22m | Wall_type_C_043_Color.png[39m[0m
[  83% ] [90m[1m_update_scan_actions[22m | Wall_type_C_044.glb[39m[0m
[  83% ] [90m[1m_update_scan_actions[22m | Wall_type_C_044_Color.png[39m[0m
[  83% ] [90m[1m_update_scan_actions[22m | Wall_type_C_045.glb[39m[0m
[  83% ] [90m[1m_update_scan_actions[22m | Wall_type_C_045_Color.png[39m[0m
[  83% ] [90m[1m_update_scan_actions[22m | Wall_type_C_046.glb[39m[0m
[  83% ] [90m[1m_update_scan_actions[22m | Wall_type_C_046_Color.png[39m[0m
[  83% ] [90m[1m_update_scan_actions[22m | Wall_type_C_047.glb[39m[0m
[  83% ] [90m[1m_update_scan_actions[22m | Wall_type_C_047_Color.png[39m[0m
[  83% ] [90m[1m_update_scan_actions[22m | Wall_type_C_048.glb[39m[0m
[  83% ] [90m[1m_update_scan_actions[22m | Wall_type_C_048_Color.png[39m[0m
[  83% ] [90m[1m_update_scan_actions[22m | Wall_type_C_049.glb[39m[0m
[  83% ] [90m[1m_update_scan_actions[22m | Wall_type_C_049_Color.png[39m[0m
[  83% ] [90m[1m_update_scan_actions[22m | Wall_type_C_050.glb[39m[0m
[  83% ] [90m[1m_update_scan_actions[22m | Wall_type_C_050_Color.png[39m[0m
[  84% ] [90m[1m_update_scan_actions[22m | Wall_type_C_051.glb[39m[0m
[  84% ] [90m[1m_update_scan_actions[22m | Wall_type_C_051_Color.png[39m[0m
[  84% ] [90m[1m_update_scan_actions[22m | Wall_type_C_052.glb[39m[0m
[  84% ] [90m[1m_update_scan_actions[22m | Wall_type_C_052_Color.png[39m[0m
[  84% ] [90m[1m_update_scan_actions[22m | Wall_type_C_053.glb[39m[0m
[  84% ] [90m[1m_update_scan_actions[22m | Wall_type_C_053_Color.png[39m[0m
[  84% ] [90m[1m_update_scan_actions[22m | Wall_type_C_054.glb[39m[0m
[  84% ] [90m[1m_update_scan_actions[22m | Wall_type_C_054_Color.png[39m[0m
[  84% ] [90m[1m_update_scan_actions[22m | Wall_type_C_055.glb[39m[0m
[  84% ] [90m[1m_update_scan_actions[22m | Wall_type_C_055_001.glb[39m[0m
[  84% ] [90m[1m_update_scan_actions[22m | Wall_type_C_055_001_Color.png[39m[0m
[  84% ] [90m[1m_update_scan_actions[22m | Wall_type_C_055_Color.png[39m[0m
[  84% ] [90m[1m_update_scan_actions[22m | Wall_type_C_056.glb[39m[0m
[  84% ] [90m[1m_update_scan_actions[22m | Wall_type_C_056_Color.png[39m[0m
[  84% ] [90m[1m_update_scan_actions[22m | Wall_type_C_057.glb[39m[0m
[  84% ] [90m[1m_update_scan_actions[22m | Wall_type_C_057_Color.png[39m[0m
[  84% ] [90m[1m_update_scan_actions[22m | Wall_type_C_058.glb[39m[0m
[  84% ] [90m[1m_update_scan_actions[22m | Wall_type_C_059.glb[39m[0m
[  84% ] [90m[1m_update_scan_actions[22m | Wall_type_C_060.glb[39m[0m
[  84% ] [90m[1m_update_scan_actions[22m | Wall_type_C_061.glb[39m[0m
[  84% ] [90m[1m_update_scan_actions[22m | Wall_type_C_062.glb[39m[0m
[  84% ] [90m[1m_update_scan_actions[22m | Wall_type_C_063.glb[39m[0m
[  85% ] [90m[1m_update_scan_actions[22m | Wall_type_C_064.glb[39m[0m
[  85% ] [90m[1m_update_scan_actions[22m | Wall_type_C_065.glb[39m[0m
[  85% ] [90m[1m_update_scan_actions[22m | Wall_type_C_066.glb[39m[0m
[  85% ] [90m[1m_update_scan_actions[22m | Wall_type_C_067.glb[39m[0m
[  85% ] [90m[1m_update_scan_actions[22m | Wall_type_C_068.glb[39m[0m
[  85% ] [90m[1m_update_scan_actions[22m | Wall_type_C_069.glb[39m[0m
[  85% ] [90m[1m_update_scan_actions[22m | Wall_type_C_070.glb[39m[0m
[  85% ] [90m[1m_update_scan_actions[22m | Wall_type_C_071.glb[39m[0m
[  85% ] [90m[1m_update_scan_actions[22m | Wall_type_C_072.glb[39m[0m
[  85% ] [90m[1m_update_scan_actions[22m | Wall_type_C_073.glb[39m[0m
[  85% ] [90m[1m_update_scan_actions[22m | Bullet.glb[39m[0m
[  85% ] [90m[1m_update_scan_actions[22m | Gauss_ammo.glb[39m[0m
[  85% ] [90m[1m_update_scan_actions[22m | Hive_ammo.glb[39m[0m
[  85% ] [90m[1m_update_scan_actions[22m | Laser_beam_001.glb[39m[0m
[  85% ] [90m[1m_update_scan_actions[22m | Laser_beam_002.glb[39m[0m
[  85% ] [90m[1m_update_scan_actions[22m | Laser_beam_003.glb[39m[0m
[  85% ] [90m[1m_update_scan_actions[22m | Missile_001.glb[39m[0m
[  85% ] [90m[1m_update_scan_actions[22m | Missile_002.glb[39m[0m
[  85% ] [90m[1m_update_scan_actions[22m | Missile_box_001.glb[39m[0m
[  85% ] [90m[1m_update_scan_actions[22m | Missile_box_002.glb[39m[0m
[  85% ] [90m[1m_update_scan_actions[22m | Sound_ammo.glb[39m[0m
[  85% ] [90m[1m_update_scan_actions[22m | medbay_terminal.glb[39m[0m
[  85% ] [90m[1m_update_scan_actions[22m | reactor_control_panel.glb[39m[0m
[  86% ] [90m[1m_update_scan_actions[22m | repair_junction.glb[39m[0m
[  86% ] [90m[1m_update_scan_actions[22m | supply_cache.glb[39m[0m
[  86% ] [90m[1m_update_scan_actions[22m | bulkhead_portal_2x1.glb[39m[0m
[  86% ] [90m[1m_update_scan_actions[22m | bulkhead_portal_2x1_breached.glb[39m[0m
[  86% ] [90m[1m_update_scan_actions[22m | bulkhead_portal_2x1_damaged.glb[39m[0m
[  86% ] [90m[1m_update_scan_actions[22m | ceiling_cap_1x1.glb[39m[0m
[  86% ] [90m[1m_update_scan_actions[22m | ceiling_cap_1x1_breached.glb[39m[0m
[  86% ] [90m[1m_update_scan_actions[22m | ceiling_cap_1x1_damaged.glb[39m[0m
[  86% ] [90m[1m_update_scan_actions[22m | corridor_floor_1x1.glb[39m[0m
[  86% ] [90m[1m_update_scan_actions[22m | corridor_floor_1x1_breached.glb[39m[0m
[  86% ] [90m[1m_update_scan_actions[22m | corridor_floor_1x1_damaged.glb[39m[0m
[  86% ] [90m[1m_update_scan_actions[22m | corridor_floor_1x2.glb[39m[0m
[  86% ] [90m[1m_update_scan_actions[22m | corridor_floor_1x2_breached.glb[39m[0m
[  86% ] [90m[1m_update_scan_actions[22m | corridor_floor_1x2_damaged.glb[39m[0m
[  86% ] [90m[1m_update_scan_actions[22m | doorway_frame_blocked_1x1.glb[39m[0m
[  86% ] [90m[1m_update_scan_actions[22m | doorway_frame_blocked_1x1_breached.glb[39m[0m
[  86% ] [90m[1m_update_scan_actions[22m | doorway_frame_blocked_1x1_damaged.glb[39m[0m
[  86% ] [90m[1m_update_scan_actions[22m | doorway_frame_open_1x1.glb[39m[0m
[  86% ] [90m[1m_update_scan_actions[22m | doorway_frame_open_1x1_breached.glb[39m[0m
[  86% ] [90m[1m_update_scan_actions[22m | doorway_frame_open_1x1_breached_Color.png[39m[0m
[  86% ] [90m[1m_update_scan_actions[22m | doorway_frame_open_1x1_Color.png[39m[0m
[  86% ] [90m[1m_update_scan_actions[22m | doorway_frame_open_1x1_damaged.glb[39m[0m
[  87% ] [90m[1m_update_scan_actions[22m | doorway_frame_open_1x1_damaged_Color.png[39m[0m
[  87% ] [90m[1m_update_scan_actions[22m | floor_1x1.glb[39m[0m
[  87% ] [90m[1m_update_scan_actions[22m | floor_1x1_breached.glb[39m[0m
[  87% ] [90m[1m_update_scan_actions[22m | floor_1x1_breached_Color.png[39m[0m
[  87% ] [90m[1m_update_scan_actions[22m | floor_1x1_Color.png[39m[0m
[  87% ] [90m[1m_update_scan_actions[22m | floor_1x1_damaged.glb[39m[0m
[  87% ] [90m[1m_update_scan_actions[22m | floor_1x1_damaged_Color.png[39m[0m
[  87% ] [90m[1m_update_scan_actions[22m | floor_2x1.glb[39m[0m
[  87% ] [90m[1m_update_scan_actions[22m | floor_2x1_breached.glb[39m[0m
[  87% ] [90m[1m_update_scan_actions[22m | floor_2x1_damaged.glb[39m[0m
[  87% ] [90m[1m_update_scan_actions[22m | pillar_support_1x1.glb[39m[0m
[  87% ] [90m[1m_update_scan_actions[22m | pillar_support_1x1_breached.glb[39m[0m
[  87% ] [90m[1m_update_scan_actions[22m | pillar_support_1x1_damaged.glb[39m[0m
[  87% ] [90m[1m_update_scan_actions[22m | ramp_up_1x2.glb[39m[0m
[  87% ] [90m[1m_update_scan_actions[22m | ramp_up_1x2_breached.glb[39m[0m
[  87% ] [90m[1m_update_scan_actions[22m | ramp_up_1x2_damaged.glb[39m[0m
[  87% ] [90m[1m_update_scan_actions[22m | wall_end_cap.glb[39m[0m
[  87% ] [90m[1m_update_scan_actions[22m | wall_end_cap_breached.glb[39m[0m
[  87% ] [90m[1m_update_scan_actions[22m | wall_end_cap_damaged.glb[39m[0m
[  87% ] [90m[1m_update_scan_actions[22m | wall_inner_corner.glb[39m[0m
[  87% ] [90m[1m_update_scan_actions[22m | wall_inner_corner_breached.glb[39m[0m
[  87% ] [90m[1m_update_scan_actions[22m | wall_inner_corner_damaged.glb[39m[0m
[  88% ] [90m[1m_update_scan_actions[22m | wall_outer_corner.glb[39m[0m
[  88% ] [90m[1m_update_scan_actions[22m | wall_outer_corner_breached.glb[39m[0m
[  88% ] [90m[1m_update_scan_actions[22m | wall_outer_corner_damaged.glb[39m[0m
[  88% ] [90m[1m_update_scan_actions[22m | wall_straight_1x1.glb[39m[0m
[  88% ] [90m[1m_update_scan_actions[22m | wall_straight_1x1_breached.glb[39m[0m
[  88% ] [90m[1m_update_scan_actions[22m | wall_straight_1x1_breached_Color.png[39m[0m
[  88% ] [90m[1m_update_scan_actions[22m | wall_straight_1x1_Color.png[39m[0m
[  88% ] [90m[1m_update_scan_actions[22m | wall_straight_1x1_damaged.glb[39m[0m
[  88% ] [90m[1m_update_scan_actions[22m | wall_straight_1x1_damaged_Color.png[39m[0m
[  88% ] [90m[1m_update_scan_actions[22m | wall_t_junction.glb[39m[0m
[  88% ] [90m[1m_update_scan_actions[22m | wall_t_junction_breached.glb[39m[0m
[  88% ] [90m[1m_update_scan_actions[22m | wall_t_junction_damaged.glb[39m[0m
[  88% ] [90m[1m_update_scan_actions[22m | bulkhead_portal_2x1.glb[39m[0m
[  88% ] [90m[1m_update_scan_actions[22m | bulkhead_portal_2x1_textured.glb[39m[0m
[  88% ] [90m[1m_update_scan_actions[22m | ceiling_cap_1x1.glb[39m[0m
[  88% ] [90m[1m_update_scan_actions[22m | ceiling_cap_1x1_textured.glb[39m[0m
[  88% ] [90m[1m_update_scan_actions[22m | corridor_floor_1x1.glb[39m[0m
[  88% ] [90m[1m_update_scan_actions[22m | corridor_floor_1x1_breached.glb[39m[0m
[  88% ] [90m[1m_update_scan_actions[22m | corridor_floor_1x1_damaged.glb[39m[0m
[  88% ] [90m[1m_update_scan_actions[22m | corridor_floor_1x1_textured.glb[39m[0m
[  88% ] [90m[1m_update_scan_actions[22m | corridor_floor_1x2.glb[39m[0m
[  88% ] [90m[1m_update_scan_actions[22m | corridor_floor_1x2_breached.glb[39m[0m
[  89% ] [90m[1m_update_scan_actions[22m | corridor_floor_1x2_damaged.glb[39m[0m
[  89% ] [90m[1m_update_scan_actions[22m | corridor_floor_1x2_textured.glb[39m[0m
[  89% ] [90m[1m_update_scan_actions[22m | doorway_frame_blocked_1x1.glb[39m[0m
[  89% ] [90m[1m_update_scan_actions[22m | doorway_frame_blocked_1x1_textured.glb[39m[0m
[  89% ] [90m[1m_update_scan_actions[22m | doorway_frame_open_1x1.glb[39m[0m
[  89% ] [90m[1m_update_scan_actions[22m | doorway_frame_open_1x1_breached.glb[39m[0m
[  89% ] [90m[1m_update_scan_actions[22m | doorway_frame_open_1x1_damaged.glb[39m[0m
[  89% ] [90m[1m_update_scan_actions[22m | doorway_frame_open_1x1_textured.glb[39m[0m
[  89% ] [90m[1m_update_scan_actions[22m | floor_1x1.glb[39m[0m
[  89% ] [90m[1m_update_scan_actions[22m | floor_1x1_breached.glb[39m[0m
[  89% ] [90m[1m_update_scan_actions[22m | floor_1x1_damaged.glb[39m[0m
[  89% ] [90m[1m_update_scan_actions[22m | floor_1x1_textured.glb[39m[0m
[  89% ] [90m[1m_update_scan_actions[22m | floor_2x1.glb[39m[0m
[  89% ] [90m[1m_update_scan_actions[22m | floor_2x1_breached.glb[39m[0m
[  89% ] [90m[1m_update_scan_actions[22m | floor_2x1_damaged.glb[39m[0m
[  89% ] [90m[1m_update_scan_actions[22m | floor_2x1_textured.glb[39m[0m
[  89% ] [90m[1m_update_scan_actions[22m | pillar_support_1x1.glb[39m[0m
[  89% ] [90m[1m_update_scan_actions[22m | pillar_support_1x1_breached.glb[39m[0m
[  89% ] [90m[1m_update_scan_actions[22m | pillar_support_1x1_damaged.glb[39m[0m
[  89% ] [90m[1m_update_scan_actions[22m | pillar_support_1x1_textured.glb[39m[0m
[  89% ] [90m[1m_update_scan_actions[22m | ramp_up_1x2.glb[39m[0m
[  89% ] [90m[1m_update_scan_actions[22m | ramp_up_1x2_breached.glb[39m[0m
[  90% ] [90m[1m_update_scan_actions[22m | ramp_up_1x2_damaged.glb[39m[0m
[  90% ] [90m[1m_update_scan_actions[22m | ramp_up_1x2_textured.glb[39m[0m
[  90% ] [90m[1m_update_scan_actions[22m | wall_end_cap.glb[39m[0m
[  90% ] [90m[1m_update_scan_actions[22m | wall_end_cap_textured.glb[39m[0m
[  90% ] [90m[1m_update_scan_actions[22m | wall_inner_corner.glb[39m[0m
[  90% ] [90m[1m_update_scan_actions[22m | wall_inner_corner_textured.glb[39m[0m
[  90% ] [90m[1m_update_scan_actions[22m | wall_outer_corner.glb[39m[0m
[  90% ] [90m[1m_update_scan_actions[22m | wall_outer_corner_textured.glb[39m[0m
[  90% ] [90m[1m_update_scan_actions[22m | wall_straight_1x1.glb[39m[0m
[  90% ] [90m[1m_update_scan_actions[22m | wall_straight_1x1_breached.glb[39m[0m
[  90% ] [90m[1m_update_scan_actions[22m | wall_straight_1x1_damaged.glb[39m[0m
[  90% ] [90m[1m_update_scan_actions[22m | wall_straight_1x1_textured.glb[39m[0m
[  90% ] [90m[1m_update_scan_actions[22m | wall_t_junction.glb[39m[0m
[  90% ] [90m[1m_update_scan_actions[22m | wall_t_junction_textured.glb[39m[0m
[  90% ] [90m[1m_update_scan_actions[22m | status_stim_focus.png[39m[0m
[  90% ] [90m[1m_update_scan_actions[22m | status_stim_haste.png[39m[0m
[  90% ] [90m[1m_update_scan_actions[22m | status_stim_steady.png[39m[0m
[  90% ] [90m[1m_update_scan_actions[22m | status_utility_flare.png[39m[0m
[  90% ] [90m[1m_update_scan_actions[22m | status_utility_hack_chip.png[39m[0m
[  90% ] [90m[1m_update_scan_actions[22m | status_utility_lockpick.png[39m[0m
[  90% ] [90m[1m_update_scan_actions[22m | status_withdrawal_fatigue.png[39m[0m
[  90% ] [90m[1m_update_scan_actions[22m | status_withdrawal_shakes.png[39m[0m
[  91% ] [90m[1m_update_scan_actions[22m | synaptic_tile_bulkhead_portal_2x1_00001_.png[39m[0m
[  91% ] [90m[1m_update_scan_actions[22m | synaptic_tile_bulkhead_portal_2x1_00001__edge_mask.png[39m[0m
[  91% ] [90m[1m_update_scan_actions[22m | synaptic_tile_bulkhead_portal_2x1_00001__seamless.png[39m[0m
[  91% ] [90m[1m_update_scan_actions[22m | synaptic_tile_ceiling_cap_1x1_00001_.png[39m[0m
[  91% ] [90m[1m_update_scan_actions[22m | synaptic_tile_ceiling_cap_1x1_00001__edge_mask.png[39m[0m
[  91% ] [90m[1m_update_scan_actions[22m | synaptic_tile_ceiling_cap_1x1_00001__seamless.png[39m[0m
[  91% ] [90m[1m_update_scan_actions[22m | synaptic_tile_corridor_floor_1x1_00002_.png[39m[0m
[  91% ] [90m[1m_update_scan_actions[22m | synaptic_tile_corridor_floor_1x1_00002__edge_mask.png[39m[0m
[  91% ] [90m[1m_update_scan_actions[22m | synaptic_tile_corridor_floor_1x1_00002__seamless.png[39m[0m
[  91% ] [90m[1m_update_scan_actions[22m | synaptic_tile_corridor_floor_1x2_00001_.png[39m[0m
[  91% ] [90m[1m_update_scan_actions[22m | synaptic_tile_corridor_floor_1x2_00001__edge_mask.png[39m[0m
[  91% ] [90m[1m_update_scan_actions[22m | synaptic_tile_corridor_floor_1x2_00001__seamless.png[39m[0m
[  91% ] [90m[1m_update_scan_actions[22m | synaptic_tile_doorway_frame_blocked_1x1_00001_.png[39m[0m
[  91% ] [90m[1m_update_scan_actions[22m | synaptic_tile_doorway_frame_blocked_1x1_00001__edge_mask.png[39m[0m
[  91% ] [90m[1m_update_scan_actions[22m | synaptic_tile_doorway_frame_blocked_1x1_00001__seamless.png[39m[0m
[  91% ] [90m[1m_update_scan_actions[22m | synaptic_tile_doorway_frame_open_1x1_00001_.png[39m[0m
[  91% ] [90m[1m_update_scan_actions[22m | synaptic_tile_doorway_frame_open_1x1_00001__edge_mask.png[39m[0m
[  91% ] [90m[1m_update_scan_actions[22m | synaptic_tile_doorway_frame_open_1x1_00001__seamless.png[39m[0m
[  91% ] [90m[1m_update_scan_actions[22m | synaptic_tile_floor_1x1_00002_.png[39m[0m
[  91% ] [90m[1m_update_scan_actions[22m | synaptic_tile_floor_1x1_00002__edge_mask.png[39m[0m
[  91% ] [90m[1m_update_scan_actions[22m | synaptic_tile_floor_1x1_00002__seamless.png[39m[0m
[  91% ] [90m[1m_update_scan_actions[22m | synaptic_tile_floor_1x1_00002__test_grid.png[39m[0m
[  92% ] [90m[1m_update_scan_actions[22m | synaptic_tile_floor_2x1_00002_.png[39m[0m
[  92% ] [90m[1m_update_scan_actions[22m | synaptic_tile_floor_2x1_00002__edge_mask.png[39m[0m
[  92% ] [90m[1m_update_scan_actions[22m | synaptic_tile_floor_2x1_00002__seamless.png[39m[0m
[  92% ] [90m[1m_update_scan_actions[22m | synaptic_tile_pillar_support_1x1_00001_.png[39m[0m
[  92% ] [90m[1m_update_scan_actions[22m | synaptic_tile_pillar_support_1x1_00001__edge_mask.png[39m[0m
[  92% ] [90m[1m_update_scan_actions[22m | synaptic_tile_pillar_support_1x1_00001__seamless.png[39m[0m
[  92% ] [90m[1m_update_scan_actions[22m | synaptic_tile_ramp_up_1x2_00001_.png[39m[0m
[  92% ] [90m[1m_update_scan_actions[22m | synaptic_tile_ramp_up_1x2_00001__edge_mask.png[39m[0m
[  92% ] [90m[1m_update_scan_actions[22m | synaptic_tile_ramp_up_1x2_00001__seamless.png[39m[0m
[  92% ] [90m[1m_update_scan_actions[22m | synaptic_tile_wall_end_cap_00001_.png[39m[0m
[  92% ] [90m[1m_update_scan_actions[22m | synaptic_tile_wall_end_cap_00001__edge_mask.png[39m[0m
[  92% ] [90m[1m_update_scan_actions[22m | synaptic_tile_wall_end_cap_00001__seamless.png[39m[0m
[  92% ] [90m[1m_update_scan_actions[22m | synaptic_tile_wall_inner_corner_00001_.png[39m[0m
[  92% ] [90m[1m_update_scan_actions[22m | synaptic_tile_wall_inner_corner_00001__edge_mask.png[39m[0m
[  92% ] [90m[1m_update_scan_actions[22m | synaptic_tile_wall_inner_corner_00001__seamless.png[39m[0m
[  92% ] [90m[1m_update_scan_actions[22m | synaptic_tile_wall_outer_corner_00001_.png[39m[0m
[  92% ] [90m[1m_update_scan_actions[22m | synaptic_tile_wall_outer_corner_00001__edge_mask.png[39m[0m
[  92% ] [90m[1m_update_scan_actions[22m | synaptic_tile_wall_outer_corner_00001__seamless.png[39m[0m
[  92% ] [90m[1m_update_scan_actions[22m | synaptic_tile_wall_straight_1x1_00001_.png[39m[0m
[  92% ] [90m[1m_update_scan_actions[22m | synaptic_tile_wall_straight_1x1_00001__edge_mask.png[39m[0m
[  92% ] [90m[1m_update_scan_actions[22m | synaptic_tile_wall_straight_1x1_00001__seamless.png[39m[0m
[  92% ] [90m[1m_update_scan_actions[22m | synaptic_tile_wall_t_junction_00001_.png[39m[0m
[  93% ] [90m[1m_update_scan_actions[22m | synaptic_tile_wall_t_junction_00001__edge_mask.png[39m[0m
[  93% ] [90m[1m_update_scan_actions[22m | synaptic_tile_wall_t_junction_00001__seamless.png[39m[0m
[  93% ] [90m[1m_update_scan_actions[22m | free_scifi_tileset_48x48.png[39m[0m
[  93% ] [90m[1m_update_scan_actions[22m | !$Consoles_diagonal.png[39m[0m
[  93% ] [90m[1m_update_scan_actions[22m | !$Consoles_main2.png[39m[0m
[  93% ] [90m[1m_update_scan_actions[22m | !$Consoles_main3.png[39m[0m
[  93% ] [90m[1m_update_scan_actions[22m | !$Consoles_main.png[39m[0m
[  93% ] [90m[1m_update_scan_actions[22m | !$Light_1.png[39m[0m
[  93% ] [90m[1m_update_scan_actions[22m | !$Light_2.png[39m[0m
[  93% ] [90m[1m_update_scan_actions[22m | !$Light_Sidewall.png[39m[0m
[  93% ] [90m[1m_update_scan_actions[22m | !$Spaceship_elevator_big.png[39m[0m
[  93% ] [90m[1m_update_scan_actions[22m | !$Spaceship_gate1.png[39m[0m
[  93% ] [90m[1m_update_scan_actions[22m | !$Spaceship_gate2.png[39m[0m
[  93% ] [90m[1m_update_scan_actions[22m | !$Spaceship_Glowing_Light.png[39m[0m
[  93% ] [90m[1m_update_scan_actions[22m | !$Spaceship_Medbay.png[39m[0m
[  93% ] [90m[1m_update_scan_actions[22m | !$Spaceship_Navigator.png[39m[0m
[  93% ] [90m[1m_update_scan_actions[22m | !$Spaceship_reactor2.png[39m[0m
[  93% ] [90m[1m_update_scan_actions[22m | !$Spaceship_reactor.png[39m[0m
[  93% ] [90m[1m_update_scan_actions[22m | !$Spaceship_reactor_critical.png[39m[0m
[  93% ] [90m[1m_update_scan_actions[22m | !$Spaceship_reactor_offline.png[39m[0m
[  93% ] [90m[1m_update_scan_actions[22m | !Consoles.png[39m[0m
[  93% ] [90m[1m_update_scan_actions[22m | !Spaceship_chest2.png[39m[0m
[  94% ] [90m[1m_update_scan_actions[22m | !Spaceship_chest3.png[39m[0m
[  94% ] [90m[1m_update_scan_actions[22m | !Spaceship_chest.png[39m[0m
[  94% ] [90m[1m_update_scan_actions[22m | !Spaceship_computer.png[39m[0m
[  94% ] [90m[1m_update_scan_actions[22m | !Spaceship_cpu_server.png[39m[0m
[  94% ] [90m[1m_update_scan_actions[22m | !Spaceship_decoration2.png[39m[0m
[  94% ] [90m[1m_update_scan_actions[22m | !Spaceship_decoration.png[39m[0m
[  94% ] [90m[1m_update_scan_actions[22m | !Spaceship_decoration_signs.png[39m[0m
[  94% ] [90m[1m_update_scan_actions[22m | !Spaceship_Decoration_static.png[39m[0m
[  94% ] [90m[1m_update_scan_actions[22m | !Spaceship_door2.png[39m[0m
[  94% ] [90m[1m_update_scan_actions[22m | !Spaceship_door.png[39m[0m
[  94% ] [90m[1m_update_scan_actions[22m | !Spaceship_door_diagonal.png[39m[0m
[  94% ] [90m[1m_update_scan_actions[22m | !Spaceship_Ladder.png[39m[0m
[  94% ] [90m[1m_update_scan_actions[22m | !Spaceship_switches.png[39m[0m
[  94% ] [90m[1m_update_scan_actions[22m | Universe2.png[39m[0m
[  94% ] [90m[1m_update_scan_actions[22m | Universe.png[39m[0m
[  94% ] [90m[1m_update_scan_actions[22m | Spacestation_Inside_A1.png[39m[0m
[  94% ] [90m[1m_update_scan_actions[22m | Spacestation_Inside_A2.png[39m[0m
[  94% ] [90m[1m_update_scan_actions[22m | Spacestation_Inside_A4.png[39m[0m
[  94% ] [90m[1m_update_scan_actions[22m | Spacestation_Inside_A5.png[39m[0m
[  94% ] [90m[1m_update_scan_actions[22m | Spacestation_Inside_B.png[39m[0m
[  94% ] [90m[1m_update_scan_actions[22m | Spacestation_Inside_C.png[39m[0m
[  94% ] [90m[1m_update_scan_actions[22m | Spacestation_Inside_D.png[39m[0m
[  95% ] [90m[1m_update_scan_actions[22m | Spacestation_Inside_E.png[39m[0m
[  95% ] [90m[1m_update_scan_actions[22m | all_systems.png[39m[0m
[  95% ] [90m[1m_update_scan_actions[22m | calibrator.png[39m[0m
[  95% ] [90m[1m_update_scan_actions[22m | extracted.png[39m[0m
[  95% ] [90m[1m_update_scan_actions[22m | first_breath.png[39m[0m
[  95% ] [90m[1m_update_scan_actions[22m | first_loot.png[39m[0m
[  95% ] [90m[1m_update_scan_actions[22m | first_repair.png[39m[0m
[  95% ] [90m[1m_update_scan_actions[22m | objective_complete.png[39m[0m
[  95% ] [90m[1m_update_scan_actions[22m | reactor_stabilized.png[39m[0m
[  95% ] [90m[1m_update_scan_actions[22m | stim_focus.png[39m[0m
[  95% ] [90m[1m_update_scan_actions[22m | stim_haste.png[39m[0m
[  95% ] [90m[1m_update_scan_actions[22m | stim_steady.png[39m[0m
[  95% ] [90m[1m_update_scan_actions[22m | utility_flare.png[39m[0m
[  95% ] [90m[1m_update_scan_actions[22m | utility_hack_chip_ready.png[39m[0m
[  95% ] [90m[1m_update_scan_actions[22m | utility_lockpick_ready.png[39m[0m
[  95% ] [90m[1m_update_scan_actions[22m | withdrawal_fatigue.png[39m[0m
[  95% ] [90m[1m_update_scan_actions[22m | withdrawal_shakes.png[39m[0m
[  95% ] [90m[1m_update_scan_actions[22m | critical_pad.wav[39m[0m
[  95% ] [90m[1m_update_scan_actions[22m | exploration_base.wav[39m[0m
[  95% ] [90m[1m_update_scan_actions[22m | tension_drone.wav[39m[0m
[  95% ] [90m[1m_update_scan_actions[22m | breach_alarm.wav[39m[0m
[  95% ] [90m[1m_update_scan_actions[22m | combat_hit.wav[39m[0m
[  96% ] [90m[1m_update_scan_actions[22m | dock_land.wav[39m[0m
[  96% ] [90m[1m_update_scan_actions[22m | door_close.wav[39m[0m
[  96% ] [90m[1m_update_scan_actions[22m | door_open.wav[39m[0m
[  96% ] [90m[1m_update_scan_actions[22m | fire_crackle.wav[39m[0m
[  96% ] [90m[1m_update_scan_actions[22m | footstep.wav[39m[0m
[  96% ] [90m[1m_update_scan_actions[22m | threat_alert.wav[39m[0m
[  96% ] [90m[1m_update_scan_actions[22m | tool_pickup.wav[39m[0m
[  96% ] [90m[1m_update_scan_actions[22m | vitals_low.wav[39m[0m
[  96% ] [90m[1m_update_scan_actions[22m | panel_close.wav[39m[0m
[  96% ] [90m[1m_update_scan_actions[22m | panel_open.wav[39m[0m
[  96% ] [90m[1m_update_scan_actions[22m | synaptic_floor_canny_00001_.png[39m[0m
[  96% ] [90m[1m_update_scan_actions[22m | synaptic_sea_controlnet_depth_00001_.png[39m[0m
[  96% ] [90m[1m_update_scan_actions[22m | synaptic_sea_derelict_00001_.png[39m[0m
[  96% ] [90m[1m_update_scan_actions[22m | synaptic_tile_bulkhead_portal_2x1_00001_.png[39m[0m
[  96% ] [90m[1m_update_scan_actions[22m | synaptic_tile_ceiling_cap_1x1_00001_.png[39m[0m
[  96% ] [90m[1m_update_scan_actions[22m | synaptic_tile_corridor_floor_1x1_00002_.png[39m[0m
[  96% ] [90m[1m_update_scan_actions[22m | synaptic_tile_corridor_floor_1x2_00001_.png[39m[0m
[  96% ] [90m[1m_update_scan_actions[22m | synaptic_tile_doorway_frame_blocked_1x1_00001_.png[39m[0m
[  96% ] [90m[1m_update_scan_actions[22m | synaptic_tile_doorway_frame_open_1x1_00001_.png[39m[0m
[  96% ] [90m[1m_update_scan_actions[22m | synaptic_tile_floor_1x1_00002_.png[39m[0m
[  96% ] [90m[1m_update_scan_actions[22m | synaptic_tile_floor_2x1_00002_.png[39m[0m
[  96% ] [90m[1m_update_scan_actions[22m | synaptic_tile_pillar_support_1x1_00001_.png[39m[0m
[  97% ] [90m[1m_update_scan_actions[22m | synaptic_tile_ramp_up_1x2_00001_.png[39m[0m
[  97% ] [90m[1m_update_scan_actions[22m | synaptic_tile_wall_end_cap_00001_.png[39m[0m
[  97% ] [90m[1m_update_scan_actions[22m | synaptic_tile_wall_inner_corner_00001_.png[39m[0m
[  97% ] [90m[1m_update_scan_actions[22m | synaptic_tile_wall_outer_corner_00001_.png[39m[0m
[  97% ] [90m[1m_update_scan_actions[22m | synaptic_tile_wall_straight_1x1_00001_.png[39m[0m
[  97% ] [90m[1m_update_scan_actions[22m | synaptic_tile_wall_t_junction_00001_.png[39m[0m
[  97% ] [90m[1m_update_scan_actions[22m | synaptic_wall_canny_00001_.png[39m[0m
[  97% ] [90m[1m_update_scan_actions[22m | bulkhead_portal_2x1_beauty.png[39m[0m
[  97% ] [90m[1m_update_scan_actions[22m | ceiling_cap_1x1_beauty.png[39m[0m
[  97% ] [90m[1m_update_scan_actions[22m | corridor_floor_1x1_beauty.png[39m[0m
[  97% ] [90m[1m_update_scan_actions[22m | corridor_floor_1x2_beauty.png[39m[0m
[  97% ] [90m[1m_update_scan_actions[22m | doorway_frame_blocked_1x1_beauty.png[39m[0m
[  97% ] [90m[1m_update_scan_actions[22m | doorway_frame_open_1x1_beauty.png[39m[0m
[  97% ] [90m[1m_update_scan_actions[22m | floor_1x1_beauty.png[39m[0m
[  97% ] [90m[1m_update_scan_actions[22m | floor_2x1_beauty.png[39m[0m
[  97% ] [90m[1m_update_scan_actions[22m | pillar_support_1x1_beauty.png[39m[0m
[  97% ] [90m[1m_update_scan_actions[22m | ramp_up_1x2_beauty.png[39m[0m
[  97% ] [90m[1m_update_scan_actions[22m | synaptic_floor_canny_00001_.png[39m[0m
[  97% ] [90m[1m_update_scan_actions[22m | synaptic_sea_controlnet_depth_00001_.png[39m[0m
[  97% ] [90m[1m_update_scan_actions[22m | synaptic_sea_derelict_00001_.png[39m[0m
[  97% ] [90m[1m_update_scan_actions[22m | synaptic_tile_bulkhead_portal_2x1_00001_.png[39m[0m
[  97% ] [90m[1m_update_scan_actions[22m | synaptic_tile_bulkhead_portal_2x1_00001__seamless.png[39m[0m
[  98% ] [90m[1m_update_scan_actions[22m | synaptic_tile_ceiling_cap_1x1_00001_.png[39m[0m
[  98% ] [90m[1m_update_scan_actions[22m | synaptic_tile_ceiling_cap_1x1_00001__seamless.png[39m[0m
[  98% ] [90m[1m_update_scan_actions[22m | synaptic_tile_corridor_floor_1x1_00002_.png[39m[0m
[  98% ] [90m[1m_update_scan_actions[22m | synaptic_tile_corridor_floor_1x1_00002__seamless.png[39m[0m
[  98% ] [90m[1m_update_scan_actions[22m | synaptic_tile_corridor_floor_1x2_00001_.png[39m[0m
[  98% ] [90m[1m_update_scan_actions[22m | synaptic_tile_corridor_floor_1x2_00001__seamless.png[39m[0m
[  98% ] [90m[1m_update_scan_actions[22m | synaptic_tile_doorway_frame_blocked_1x1_00001_.png[39m[0m
[  98% ] [90m[1m_update_scan_actions[22m | synaptic_tile_doorway_frame_blocked_1x1_00001__seamless.png[39m[0m
[  98% ] [90m[1m_update_scan_actions[22m | synaptic_tile_doorway_frame_open_1x1_00001_.png[39m[0m
[  98% ] [90m[1m_update_scan_actions[22m | synaptic_tile_doorway_frame_open_1x1_00001__seamless.png[39m[0m
[  98% ] [90m[1m_update_scan_actions[22m | synaptic_tile_floor_1x1_00002_.png[39m[0m
[  98% ] [90m[1m_update_scan_actions[22m | synaptic_tile_floor_1x1_00002__seamless.png[39m[0m
[  98% ] [90m[1m_update_scan_actions[22m | synaptic_tile_floor_2x1_00002_.png[39m[0m
[  98% ] [90m[1m_update_scan_actions[22m | synaptic_tile_floor_2x1_00002__seamless.png[39m[0m
[  98% ] [90m[1m_update_scan_actions[22m | synaptic_tile_pillar_support_1x1_00001_.png[39m[0m
[  98% ] [90m[1m_update_scan_actions[22m | synaptic_tile_pillar_support_1x1_00001__seamless.png[39m[0m
[  98% ] [90m[1m_update_scan_actions[22m | synaptic_tile_ramp_up_1x2_00001_.png[39m[0m
[  98% ] [90m[1m_update_scan_actions[22m | synaptic_tile_ramp_up_1x2_00001__seamless.png[39m[0m
[  98% ] [90m[1m_update_scan_actions[22m | synaptic_tile_wall_end_cap_00001_.png[39m[0m
[  98% ] [90m[1m_update_scan_actions[22m | synaptic_tile_wall_end_cap_00001__seamless.png[39m[0m
[  98% ] [90m[1m_update_scan_actions[22m | synaptic_tile_wall_inner_corner_00001_.png[39m[0m
[  98% ] [90m[1m_update_scan_actions[22m | synaptic_tile_wall_inner_corner_00001__seamless.png[39m[0m
[  99% ] [90m[1m_update_scan_actions[22m | synaptic_tile_wall_outer_corner_00001_.png[39m[0m
[  99% ] [90m[1m_update_scan_actions[22m | synaptic_tile_wall_outer_corner_00001__seamless.png[39m[0m
[  99% ] [90m[1m_update_scan_actions[22m | synaptic_tile_wall_straight_1x1_00001_.png[39m[0m
[  99% ] [90m[1m_update_scan_actions[22m | synaptic_tile_wall_straight_1x1_00001__seamless.png[39m[0m
[  99% ] [90m[1m_update_scan_actions[22m | synaptic_tile_wall_t_junction_00001_.png[39m[0m
[  99% ] [90m[1m_update_scan_actions[22m | synaptic_tile_wall_t_junction_00001__seamless.png[39m[0m
[  99% ] [90m[1m_update_scan_actions[22m | synaptic_wall_canny_00001_.png[39m[0m
[  99% ] [90m[1m_update_scan_actions[22m | wall_end_cap_beauty.png[39m[0m
[  99% ] [90m[1m_update_scan_actions[22m | wall_inner_corner_beauty.png[39m[0m
[  99% ] [90m[1m_update_scan_actions[22m | wall_outer_corner_beauty.png[39m[0m
[  99% ] [90m[1m_update_scan_actions[22m | wall_straight_1x1_beauty.png[39m[0m
[  99% ] [90m[1m_update_scan_actions[22m | wall_t_junction_beauty.png[39m[0m
[  99% ] [90m[1m_update_scan_actions[22m | 01-c4-system-context.svg[39m[0m
[  99% ] [90m[1m_update_scan_actions[22m | 02-c4-containers.svg[39m[0m
[  99% ] [90m[1m_update_scan_actions[22m | 03-gameplay-interaction-sequence.svg[39m[0m
[  99% ] [90m[1m_update_scan_actions[22m | 04-threat-ai-state-machine.svg[39m[0m
[  99% ] [90m[1m_update_scan_actions[22m | 05-runtime-component-dependencies.svg[39m[0m
[  99% ] [90m[1m_update_scan_actions[22m | ship_layouts.svg[39m[0m
[  99% ] [90m[1m_update_scan_actions[22m | ship_layouts_screenshot.png[39m[0m
[  99% ] [90m[1m_update_scan_actions[22m | fixture_triangle.glb[39m[0m
[  99% ] [90m[1m_update_scan_actions[22m | icon.svg[39m[0m
[92m[ DONE ][39m [1m_update_scan_actions[22m
[0m
[   0% ] [90m[1mreimport[22m | Started (Re)Importing Assets (1002 steps)[39m[0m
[   0% ] [90m[1mreimport[22m | Preparing files to reimport...[39m[0m
[   0% ] [90m[1mreimport[22m | Preparing files to reimport...[39m[0m
[   0% ] [90m[1mreimport[22m | Preparing files to reimport...[39m[0m
[   0% ] [90m[1mreimport[22m | Preparing files to reimport...[39m[0m
[   0% ] [90m[1mreimport[22m | Preparing files to reimport...[39m[0m
[   0% ] [90m[1mreimport[22m | Preparing files to reimport...[39m[0m
[   0% ] [90m[1mreimport[22m | Preparing files to reimport...[39m[0m
[   0% ] [90m[1mreimport[22m | Preparing files to reimport...[39m[0m
[   0% ] [90m[1mreimport[22m | Preparing files to reimport...[39m[0m
[   0% ] [90m[1mreimport[22m | Preparing files to reimport...[39m[0m
[   0% ] [90m[1mreimport[22m | Preparing files to reimport...[39m[0m
[   1% ] [90m[1mreimport[22m | Preparing files to reimport...[39m[0m
[   1% ] [90m[1mreimport[22m | Preparing files to reimport...[39m[0m
[   1% ] [90m[1mreimport[22m | Preparing files to reimport...[39m[0m
[   1% ] [90m[1mreimport[22m | Preparing files to reimport...[39m[0m
[   1% ] [90m[1mreimport[22m | Preparing files to reimport...[39m[0m
[   1% ] [90m[1mreimport[22m | Preparing files to reimport...[39m[0m
[   1% ] [90m[1mreimport[22m | Preparing files to reimport...[39m[0m
[   1% ] [90m[1mreimport[22m | Preparing files to reimport...[39m[0m
[   1% ] [90m[1mreimport[22m | Preparing files to reimport...[39m[0m
[   1% ] [90m[1mreimport[22m | Preparing files to reimport...[39m[0m
[   2% ] [90m[1mreimport[22m | Preparing files to reimport...[39m[0m
[   2% ] [90m[1mreimport[22m | Preparing files to reimport...[39m[0m
[   2% ] [90m[1mreimport[22m | Preparing files to reimport...[39m[0m
[   2% ] [90m[1mreimport[22m | Preparing files to reimport...[39m[0m
[   2% ] [90m[1mreimport[22m | Preparing files to reimport...[39m[0m
[   2% ] [90m[1mreimport[22m | Preparing files to reimport...[39m[0m
[   2% ] [90m[1mreimport[22m | Preparing files to reimport...[39m[0m
[   2% ] [90m[1mreimport[22m | Preparing files to reimport...[39m[0m
[   2% ] [90m[1mreimport[22m | Preparing files to reimport...[39m[0m
[   2% ] [90m[1mreimport[22m | Preparing files to reimport...[39m[0m
[   3% ] [90m[1mreimport[22m | Preparing files to reimport...[39m[0m
[   3% ] [90m[1mreimport[22m | Preparing files to reimport...[39m[0m
[   3% ] [90m[1mreimport[22m | Preparing files to reimport...[39m[0m
[   3% ] [90m[1mreimport[22m | Preparing files to reimport...[39m[0m
[   3% ] [90m[1mreimport[22m | Preparing files to reimport...[39m[0m
[   3% ] [90m[1mreimport[22m | Preparing files to reimport...[39m[0m
[   3% ] [90m[1mreimport[22m | Preparing files to reimport...[39m[0m
[   3% ] [90m[1mreimport[22m | Preparing files to reimport...[39m[0m
[   3% ] [90m[1mreimport[22m | Preparing files to reimport...[39m[0m
[   3% ] [90m[1mreimport[22m | Preparing files to reimport...[39m[0m
[   4% ] [90m[1mreimport[22m | Preparing files to reimport...[39m[0m
[   4% ] [90m[1mreimport[22m | Preparing files to reimport...[39m[0m
[   4% ] [90m[1mreimport[22m | Preparing files to reimport...[39m[0m
[   4% ] [90m[1mreimport[22m | Preparing files to reimport...[39m[0m
[   4% ] [90m[1mreimport[22m | Preparing files to reimport...[39m[0m
[   4% ] [90m[1mreimport[22m | Preparing files to reimport...[39m[0m
[   4% ] [90m[1mreimport[22m | Preparing files to reimport...[39m[0m
[   4% ] [90m[1mreimport[22m | Preparing files to reimport...[39m[0m
[   4% ] [90m[1mreimport[22m | Preparing files to reimport...[39m[0m
[   4% ] [90m[1mreimport[22m | Preparing files to reimport...[39m[0m
[   5% ] [90m[1mreimport[22m | Preparing files to reimport...[39m[0m
[   5% ] [90m[1mreimport[22m | Preparing files to reimport...[39m[0m
[   5% ] [90m[1mreimport[22m | Preparing files to reimport...[39m[0m
[   5% ] [90m[1mreimport[22m | Preparing files to reimport...[39m[0m
[   5% ] [90m[1mreimport[22m | Preparing files to reimport...[39m[0m
[   5% ] [90m[1mreimport[22m | Preparing files to reimport...[39m[0m
[   5% ] [90m[1mreimport[22m | Preparing files to reimport...[39m[0m
[   5% ] [90m[1mreimport[22m | Preparing files to reimport...[39m[0m
[   5% ] [90m[1mreimport[22m | Preparing files to reimport...[39m[0m
[   5% ] [90m[1mreimport[22m | Preparing files to reimport...[39m[0m
[   6% ] [90m[1mreimport[22m | Preparing files to reimport...[39m[0m
[   6% ] [90m[1mreimport[22m | Preparing files to reimport...[39m[0m
[   6% ] [90m[1mreimport[22m | Preparing files to reimport...[39m[0m
[   6% ] [90m[1mreimport[22m | Preparing files to reimport...[39m[0m
[   6% ] [90m[1mreimport[22m | Preparing files to reimport...[39m[0m
[   6% ] [90m[1mreimport[22m | Preparing files to reimport...[39m[0m
[   6% ] [90m[1mreimport[22m | Preparing files to reimport...[39m[0m
[   6% ] [90m[1mreimport[22m | Preparing files to reimport...[39m[0m
[   6% ] [90m[1mreimport[22m | Preparing files to reimport...[39m[0m
[   6% ] [90m[1mreimport[22m | Preparing files to reimport...[39m[0m
[   7% ] [90m[1mreimport[22m | Preparing files to reimport...[39m[0m
[   7% ] [90m[1mreimport[22m | Preparing files to reimport...[39m[0m
[   7% ] [90m[1mreimport[22m | Preparing files to reimport...[39m[0m
[   7% ] [90m[1mreimport[22m | Preparing files to reimport...[39m[0m
[   7% ] [90m[1mreimport[22m | Preparing files to reimport...[39m[0m
[   7% ] [90m[1mreimport[22m | Preparing files to reimport...[39m[0m
[   7% ] [90m[1mreimport[22m | Preparing files to reimport...[39m[0m
[   7% ] [90m[1mreimport[22m | Preparing files to reimport...[39m[0m
[   7% ] [90m[1mreimport[22m | Preparing files to reimport...[39m[0m
[   7% ] [90m[1mreimport[22m | Preparing files to reimport...[39m[0m
[   8% ] [90m[1mreimport[22m | Preparing files to reimport...[39m[0m
[   8% ] [90m[1mreimport[22m | Preparing files to reimport...[39m[0m
[   8% ] [90m[1mreimport[22m | Preparing files to reimport...[39m[0m
[   8% ] [90m[1mreimport[22m | Preparing files to reimport...[39m[0m
[   8% ] [90m[1mreimport[22m | Preparing files to reimport...[39m[0m
[   8% ] [90m[1mreimport[22m | Preparing files to reimport...[39m[0m
[   8% ] [90m[1mreimport[22m | Preparing files to reimport...[39m[0m
[   8% ] [90m[1mreimport[22m | Preparing files to reimport...[39m[0m
[   8% ] [90m[1mreimport[22m | Preparing files to reimport...[39m[0m
[   8% ] [90m[1mreimport[22m | Preparing files to reimport...[39m[0m
[   9% ] [90m[1mreimport[22m | Preparing files to reimport...[39m[0m
[   9% ] [90m[1mreimport[22m | Preparing files to reimport...[39m[0m
[   9% ] [90m[1mreimport[22m | Preparing files to reimport...[39m[0m
[   9% ] [90m[1mreimport[22m | Preparing files to reimport...[39m[0m
[   9% ] [90m[1mreimport[22m | Preparing files to reimport...[39m[0m
[   9% ] [90m[1mreimport[22m | Preparing files to reimport...[39m[0m
[   9% ] [90m[1mreimport[22m | Preparing files to reimport...[39m[0m
[   9% ] [90m[1mreimport[22m | Preparing files to reimport...[39m[0m
[   9% ] [90m[1mreimport[22m | Preparing files to reimport...[39m[0m
[   9% ] [90m[1mreimport[22m | Preparing files to reimport...[39m[0m
[  10% ] [90m[1mreimport[22m | Preparing files to reimport...[39m[0m
[  10% ] [90m[1mreimport[22m | Preparing files to reimport...[39m[0m
[  10% ] [90m[1mreimport[22m | Preparing files to reimport...[39m[0m
[  10% ] [90m[1mreimport[22m | Preparing files to reimport...[39m[0m
[  10% ] [90m[1mreimport[22m | Preparing files to reimport...[39m[0m
[  10% ] [90m[1mreimport[22m | Preparing files to reimport...[39m[0m
[  10% ] [90m[1mreimport[22m | Preparing files to reimport...[39m[0m
[  10% ] [90m[1mreimport[22m | Preparing files to reimport...[39m[0m
[  10% ] [90m[1mreimport[22m | Preparing files to reimport...[39m[0m
[  10% ] [90m[1mreimport[22m | Preparing files to reimport...[39m[0m
[  11% ] [90m[1mreimport[22m | Preparing files to reimport...[39m[0m
[  11% ] [90m[1mreimport[22m | Preparing files to reimport...[39m[0m
[  11% ] [90m[1mreimport[22m | Preparing files to reimport...[39m[0m
[  11% ] [90m[1mreimport[22m | Preparing files to reimport...[39m[0m
[  11% ] [90m[1mreimport[22m | Preparing files to reimport...[39m[0m
[  11% ] [90m[1mreimport[22m | Preparing files to reimport...[39m[0m
[  11% ] [90m[1mreimport[22m | Preparing files to reimport...[39m[0m
[  11% ] [90m[1mreimport[22m | Preparing files to reimport...[39m[0m
[  11% ] [90m[1mreimport[22m | Preparing files to reimport...[39m[0m
[  11% ] [90m[1mreimport[22m | Preparing files to reimport...[39m[0m
[  12% ] [90m[1mreimport[22m | Preparing files to reimport...[39m[0m
[  12% ] [90m[1mreimport[22m | Preparing files to reimport...[39m[0m
[  12% ] [90m[1mreimport[22m | Preparing files to reimport...[39m[0m
[  12% ] [90m[1mreimport[22m | Preparing files to reimport...[39m[0m
[  12% ] [90m[1mreimport[22m | Preparing files to reimport...[39m[0m
[  12% ] [90m[1mreimport[22m | Preparing files to reimport...[39m[0m
[  12% ] [90m[1mreimport[22m | Preparing files to reimport...[39m[0m
[  12% ] [90m[1mreimport[22m | Preparing files to reimport...[39m[0m
[  12% ] [90m[1mreimport[22m | Preparing files to reimport...[39m[0m
[  12% ] [90m[1mreimport[22m | Preparing files to reimport...[39m[0m
[  13% ] [90m[1mreimport[22m | Preparing files to reimport...[39m[0m
[  13% ] [90m[1mreimport[22m | Preparing files to reimport...[39m[0m
[  13% ] [90m[1mreimport[22m | Preparing files to reimport...[39m[0m
[  13% ] [90m[1mreimport[22m | Preparing files to reimport...[39m[0m
[  13% ] [90m[1mreimport[22m | Preparing files to reimport...[39m[0m
[  13% ] [90m[1mreimport[22m | Preparing files to reimport...[39m[0m
[  13% ] [90m[1mreimport[22m | Preparing files to reimport...[39m[0m
[  13% ] [90m[1mreimport[22m | Preparing files to reimport...[39m[0m
[  13% ] [90m[1mreimport[22m | Preparing files to reimport...[39m[0m
[  13% ] [90m[1mreimport[22m | Preparing files to reimport...[39m[0m
[  14% ] [90m[1mreimport[22m | Preparing files to reimport...[39m[0m
[  14% ] [90m[1mreimport[22m | Preparing files to reimport...[39m[0m
[  14% ] [90m[1mreimport[22m | Preparing files to reimport...[39m[0m
[  14% ] [90m[1mreimport[22m | Preparing files to reimport...[39m[0m
[  14% ] [90m[1mreimport[22m | Preparing files to reimport...[39m[0m
[  14% ] [90m[1mreimport[22m | Preparing files to reimport...[39m[0m
[  14% ] [90m[1mreimport[22m | Preparing files to reimport...[39m[0m
[  14% ] [90m[1mreimport[22m | Preparing files to reimport...[39m[0m
[  14% ] [90m[1mreimport[22m | Preparing files to reimport...[39m[0m
[  14% ] [90m[1mreimport[22m | Preparing files to reimport...[39m[0m
[  15% ] [90m[1mreimport[22m | Preparing files to reimport...[39m[0m
[  15% ] [90m[1mreimport[22m | Preparing files to reimport...[39m[0m
[  15% ] [90m[1mreimport[22m | Preparing files to reimport...[39m[0m
[  15% ] [90m[1mreimport[22m | Preparing files to reimport...[39m[0m
[  15% ] [90m[1mreimport[22m | Preparing files to reimport...[39m[0m
[  15% ] [90m[1mreimport[22m | Preparing files to reimport...[39m[0m
[  15% ] [90m[1mreimport[22m | Preparing files to reimport...[39m[0m
[  15% ] [90m[1mreimport[22m | Preparing files to reimport...[39m[0m
[  15% ] [90m[1mreimport[22m | Preparing files to reimport...[39m[0m
[  15% ] [90m[1mreimport[22m | Preparing files to reimport...[39m[0m
[  16% ] [90m[1mreimport[22m | Preparing files to reimport...[39m[0m
[  16% ] [90m[1mreimport[22m | Preparing files to reimport...[39m[0m
[  16% ] [90m[1mreimport[22m | Preparing files to reimport...[39m[0m
[  16% ] [90m[1mreimport[22m | Preparing files to reimport...[39m[0m
[  16% ] [90m[1mreimport[22m | Preparing files to reimport...[39m[0m
[  16% ] [90m[1mreimport[22m | Preparing files to reimport...[39m[0m
[  16% ] [90m[1mreimport[22m | Preparing files to reimport...[39m[0m
[  16% ] [90m[1mreimport[22m | Preparing files to reimport...[39m[0m
[  16% ] [90m[1mreimport[22m | Preparing files to reimport...[39m[0m
[  16% ] [90m[1mreimport[22m | Preparing files to reimport...[39m[0m
[  17% ] [90m[1mreimport[22m | Preparing files to reimport...[39m[0m
[  17% ] [90m[1mreimport[22m | Preparing files to reimport...[39m[0m
[  17% ] [90m[1mreimport[22m | Preparing files to reimport...[39m[0m
[  17% ] [90m[1mreimport[22m | Preparing files to reimport...[39m[0m
[  17% ] [90m[1mreimport[22m | Preparing files to reimport...[39m[0m
[  17% ] [90m[1mreimport[22m | Preparing files to reimport...[39m[0m
[  17% ] [90m[1mreimport[22m | Preparing files to reimport...[39m[0m
[  17% ] [90m[1mreimport[22m | Preparing files to reimport...[39m[0m
[  17% ] [90m[1mreimport[22m | Preparing files to reimport...[39m[0m
[  17% ] [90m[1mreimport[22m | Preparing files to reimport...[39m[0m
[  18% ] [90m[1mreimport[22m | Preparing files to reimport...[39m[0m
[  18% ] [90m[1mreimport[22m | Preparing files to reimport...[39m[0m
[  18% ] [90m[1mreimport[22m | Preparing files to reimport...[39m[0m
[  18% ] [90m[1mreimport[22m | Preparing files to reimport...[39m[0m
[  18% ] [90m[1mreimport[22m | Preparing files to reimport...[39m[0m
[  18% ] [90m[1mreimport[22m | Preparing files to reimport...[39m[0m
[  18% ] [90m[1mreimport[22m | Preparing files to reimport...[39m[0m
[  18% ] [90m[1mreimport[22m | Preparing files to reimport...[39m[0m
[  18% ] [90m[1mreimport[22m | Preparing files to reimport...[39m[0m
[  18% ] [90m[1mreimport[22m | Preparing files to reimport...[39m[0m
[  19% ] [90m[1mreimport[22m | Preparing files to reimport...[39m[0m
[  19% ] [90m[1mreimport[22m | Preparing files to reimport...[39m[0m
[  19% ] [90m[1mreimport[22m | Preparing files to reimport...[39m[0m
[  19% ] [90m[1mreimport[22m | Preparing files to reimport...[39m[0m
[  19% ] [90m[1mreimport[22m | Preparing files to reimport...[39m[0m
[  19% ] [90m[1mreimport[22m | Preparing files to reimport...[39m[0m
[  19% ] [90m[1mreimport[22m | Preparing files to reimport...[39m[0m
[  19% ] [90m[1mreimport[22m | Preparing files to reimport...[39m[0m
[  19% ] [90m[1mreimport[22m | Preparing files to reimport...[39m[0m
[  19% ] [90m[1mreimport[22m | Preparing files to reimport...[39m[0m
[  20% ] [90m[1mreimport[22m | Preparing files to reimport...[39m[0m
[  20% ] [90m[1mreimport[22m | Preparing files to reimport...[39m[0m
[  20% ] [90m[1mreimport[22m | Preparing files to reimport...[39m[0m
[  20% ] [90m[1mreimport[22m | Preparing files to reimport...[39m[0m
[  20% ] [90m[1mreimport[22m | Preparing files to reimport...[39m[0m
[  20% ] [90m[1mreimport[22m | Preparing files to reimport...[39m[0m
[  20% ] [90m[1mreimport[22m | Preparing files to reimport...[39m[0m
[  20% ] [90m[1mreimport[22m | Preparing files to reimport...[39m[0m
[  20% ] [90m[1mreimport[22m | Preparing files to reimport...[39m[0m
[  20% ] [90m[1mreimport[22m | Preparing files to reimport...[39m[0m
[  21% ] [90m[1mreimport[22m | Preparing files to reimport...[39m[0m
[  21% ] [90m[1mreimport[22m | Preparing files to reimport...[39m[0m
[  21% ] [90m[1mreimport[22m | Preparing files to reimport...[39m[0m
[  21% ] [90m[1mreimport[22m | Preparing files to reimport...[39m[0m
[  21% ] [90m[1mreimport[22m | Preparing files to reimport...[39m[0m
[  21% ] [90m[1mreimport[22m | Preparing files to reimport...[39m[0m
[  21% ] [90m[1mreimport[22m | Preparing files to reimport...[39m[0m
[  21% ] [90m[1mreimport[22m | Preparing files to reimport...[39m[0m
[  21% ] [90m[1mreimport[22m | Preparing files to reimport...[39m[0m
[  21% ] [90m[1mreimport[22m | Preparing files to reimport...[39m[0m
[  22% ] [90m[1mreimport[22m | Preparing files to reimport...[39m[0m
[  22% ] [90m[1mreimport[22m | Preparing files to reimport...[39m[0m
[  22% ] [90m[1mreimport[22m | Preparing files to reimport...[39m[0m
[  22% ] [90m[1mreimport[22m | Preparing files to reimport...[39m[0m
[  22% ] [90m[1mreimport[22m | Preparing files to reimport...[39m[0m
[  22% ] [90m[1mreimport[22m | Preparing files to reimport...[39m[0m
[  22% ] [90m[1mreimport[22m | Preparing files to reimport...[39m[0m
[  22% ] [90m[1mreimport[22m | Preparing files to reimport...[39m[0m
[  22% ] [90m[1mreimport[22m | Preparing files to reimport...[39m[0m
[  22% ] [90m[1mreimport[22m | Preparing files to reimport...[39m[0m
[  23% ] [90m[1mreimport[22m | Preparing files to reimport...[39m[0m
[  23% ] [90m[1mreimport[22m | Preparing files to reimport...[39m[0m
[  23% ] [90m[1mreimport[22m | Preparing files to reimport...[39m[0m
[  23% ] [90m[1mreimport[22m | Preparing files to reimport...[39m[0m
[  23% ] [90m[1mreimport[22m | Preparing files to reimport...[39m[0m
[  23% ] [90m[1mreimport[22m | Preparing files to reimport...[39m[0m
[  23% ] [90m[1mreimport[22m | Preparing files to reimport...[39m[0m
[  23% ] [90m[1mreimport[22m | Preparing files to reimport...[39m[0m
[  23% ] [90m[1mreimport[22m | Preparing files to reimport...[39m[0m
[  23% ] [90m[1mreimport[22m | Preparing files to reimport...[39m[0m
[  24% ] [90m[1mreimport[22m | Preparing files to reimport...[39m[0m
[  24% ] [90m[1mreimport[22m | Preparing files to reimport...[39m[0m
[  24% ] [90m[1mreimport[22m | Preparing files to reimport...[39m[0m
[  24% ] [90m[1mreimport[22m | Preparing files to reimport...[39m[0m
[  24% ] [90m[1mreimport[22m | Preparing files to reimport...[39m[0m
[  24% ] [90m[1mreimport[22m | Preparing files to reimport...[39m[0m
[  24% ] [90m[1mreimport[22m | Preparing files to reimport...[39m[0m
[  24% ] [90m[1mreimport[22m | Preparing files to reimport...[39m[0m
[  24% ] [90m[1mreimport[22m | Preparing files to reimport...[39m[0m
[  24% ] [90m[1mreimport[22m | Preparing files to reimport...[39m[0m
[  25% ] [90m[1mreimport[22m | Preparing files to reimport...[39m[0m
[  25% ] [90m[1mreimport[22m | Preparing files to reimport...[39m[0m
[  25% ] [90m[1mreimport[22m | Preparing files to reimport...[39m[0m
[  25% ] [90m[1mreimport[22m | Preparing files to reimport...[39m[0m
[  25% ] [90m[1mreimport[22m | Preparing files to reimport...[39m[0m
[  25% ] [90m[1mreimport[22m | Preparing files to reimport...[39m[0m
[  25% ] [90m[1mreimport[22m | Preparing files to reimport...[39m[0m
[  25% ] [90m[1mreimport[22m | Preparing files to reimport...[39m[0m
[  25% ] [90m[1mreimport[22m | Preparing files to reimport...[39m[0m
[  25% ] [90m[1mreimport[22m | Preparing files to reimport...[39m[0m
[  26% ] [90m[1mreimport[22m | Preparing files to reimport...[39m[0m
[  26% ] [90m[1mreimport[22m | Preparing files to reimport...[39m[0m
[  26% ] [90m[1mreimport[22m | Preparing files to reimport...[39m[0m
[  26% ] [90m[1mreimport[22m | Preparing files to reimport...[39m[0m
[  26% ] [90m[1mreimport[22m | Preparing files to reimport...[39m[0m
[  26% ] [90m[1mreimport[22m | Preparing files to reimport...[39m[0m
[  26% ] [90m[1mreimport[22m | Preparing files to reimport...[39m[0m
[  26% ] [90m[1mreimport[22m | Preparing files to reimport...[39m[0m
[  26% ] [90m[1mreimport[22m | Preparing files to reimport...[39m[0m
[  26% ] [90m[1mreimport[22m | Preparing files to reimport...[39m[0m
[  27% ] [90m[1mreimport[22m | Preparing files to reimport...[39m[0m
[  27% ] [90m[1mreimport[22m | Preparing files to reimport...[39m[0m
[  27% ] [90m[1mreimport[22m | Preparing files to reimport...[39m[0m
[  27% ] [90m[1mreimport[22m | Preparing files to reimport...[39m[0m
[  27% ] [90m[1mreimport[22m | Preparing files to reimport...[39m[0m
[  27% ] [90m[1mreimport[22m | Preparing files to reimport...[39m[0m
[  27% ] [90m[1mreimport[22m | Preparing files to reimport...[39m[0m
[  27% ] [90m[1mreimport[22m | Preparing files to reimport...[39m[0m
[  27% ] [90m[1mreimport[22m | Preparing files to reimport...[39m[0m
[  27% ] [90m[1mreimport[22m | Preparing files to reimport...[39m[0m
[  28% ] [90m[1mreimport[22m | Preparing files to reimport...[39m[0m
[  28% ] [90m[1mreimport[22m | Preparing files to reimport...[39m[0m
[  28% ] [90m[1mreimport[22m | Preparing files to reimport...[39m[0m
[  28% ] [90m[1mreimport[22m | Preparing files to reimport...[39m[0m
[  28% ] [90m[1mreimport[22m | Preparing files to reimport...[39m[0m
[  28% ] [90m[1mreimport[22m | Preparing files to reimport...[39m[0m
[  28% ] [90m[1mreimport[22m | Preparing files to reimport...[39m[0m
[  28% ] [90m[1mreimport[22m | Preparing files to reimport...[39m[0m
[  28% ] [90m[1mreimport[22m | Preparing files to reimport...[39m[0m
[  28% ] [90m[1mreimport[22m | Preparing files to reimport...[39m[0m
[  29% ] [90m[1mreimport[22m | Preparing files to reimport...[39m[0m
[  29% ] [90m[1mreimport[22m | Preparing files to reimport...[39m[0m
[  29% ] [90m[1mreimport[22m | Preparing files to reimport...[39m[0m
[  29% ] [90m[1mreimport[22m | Preparing files to reimport...[39m[0m
[  29% ] [90m[1mreimport[22m | Preparing files to reimport...[39m[0m
[  29% ] [90m[1mreimport[22m | Preparing files to reimport...[39m[0m
[  29% ] [90m[1mreimport[22m | Preparing files to reimport...[39m[0m
[  29% ] [90m[1mreimport[22m | Preparing files to reimport...[39m[0m
[  29% ] [90m[1mreimport[22m | Preparing files to reimport...[39m[0m
[  29% ] [90m[1mreimport[22m | Preparing files to reimport...[39m[0m
[  30% ] [90m[1mreimport[22m | Preparing files to reimport...[39m[0m
[  30% ] [90m[1mreimport[22m | Preparing files to reimport...[39m[0m
[  30% ] [90m[1mreimport[22m | Preparing files to reimport...[39m[0m
[  30% ] [90m[1mreimport[22m | Preparing files to reimport...[39m[0m
[  30% ] [90m[1mreimport[22m | Preparing files to reimport...[39m[0m
[  30% ] [90m[1mreimport[22m | Preparing files to reimport...[39m[0m
[  30% ] [90m[1mreimport[22m | Preparing files to reimport...[39m[0m
[  30% ] [90m[1mreimport[22m | Preparing files to reimport...[39m[0m
[  30% ] [90m[1mreimport[22m | Preparing files to reimport...[39m[0m
[  30% ] [90m[1mreimport[22m | Preparing files to reimport...[39m[0m
[  31% ] [90m[1mreimport[22m | Preparing files to reimport...[39m[0m
[  31% ] [90m[1mreimport[22m | Preparing files to reimport...[39m[0m
[  31% ] [90m[1mreimport[22m | Preparing files to reimport...[39m[0m
[  31% ] [90m[1mreimport[22m | Preparing files to reimport...[39m[0m
[  31% ] [90m[1mreimport[22m | Preparing files to reimport...[39m[0m
[  31% ] [90m[1mreimport[22m | Preparing files to reimport...[39m[0m
[  31% ] [90m[1mreimport[22m | Preparing files to reimport...[39m[0m
[  31% ] [90m[1mreimport[22m | Preparing files to reimport...[39m[0m
[  31% ] [90m[1mreimport[22m | Preparing files to reimport...[39m[0m
[  31% ] [90m[1mreimport[22m | Preparing files to reimport...[39m[0m
[  32% ] [90m[1mreimport[22m | Preparing files to reimport...[39m[0m
[  32% ] [90m[1mreimport[22m | Preparing files to reimport...[39m[0m
[  32% ] [90m[1mreimport[22m | Preparing files to reimport...[39m[0m
[  32% ] [90m[1mreimport[22m | Preparing files to reimport...[39m[0m
[  32% ] [90m[1mreimport[22m | Preparing files to reimport...[39m[0m
[  32% ] [90m[1mreimport[22m | Preparing files to reimport...[39m[0m
[  32% ] [90m[1mreimport[22m | Preparing files to reimport...[39m[0m
[  32% ] [90m[1mreimport[22m | Preparing files to reimport...[39m[0m
[  32% ] [90m[1mreimport[22m | Preparing files to reimport...[39m[0m
[  32% ] [90m[1mreimport[22m | Preparing files to reimport...[39m[0m
[  33% ] [90m[1mreimport[22m | Preparing files to reimport...[39m[0m
[  33% ] [90m[1mreimport[22m | Preparing files to reimport...[39m[0m
[  33% ] [90m[1mreimport[22m | Preparing files to reimport...[39m[0m
[  33% ] [90m[1mreimport[22m | Preparing files to reimport...[39m[0m
[  33% ] [90m[1mreimport[22m | Preparing files to reimport...[39m[0m
[  33% ] [90m[1mreimport[22m | Preparing files to reimport...[39m[0m
[  33% ] [90m[1mreimport[22m | Preparing files to reimport...[39m[0m
[  33% ] [90m[1mreimport[22m | Preparing files to reimport...[39m[0m
[  33% ] [90m[1mreimport[22m | Preparing files to reimport...[39m[0m
[  33% ] [90m[1mreimport[22m | Preparing files to reimport...[39m[0m
[  33% ] [90m[1mreimport[22m | Preparing files to reimport...[39m[0m
[  34% ] [90m[1mreimport[22m | Preparing files to reimport...[39m[0m
[  34% ] [90m[1mreimport[22m | Preparing files to reimport...[39m[0m
[  34% ] [90m[1mreimport[22m | Preparing files to reimport...[39m[0m
[  34% ] [90m[1mreimport[22m | Preparing files to reimport...[39m[0m
[  34% ] [90m[1mreimport[22m | Preparing files to reimport...[39m[0m
[  34% ] [90m[1mreimport[22m | Preparing files to reimport...[39m[0m
[  34% ] [90m[1mreimport[22m | Preparing files to reimport...[39m[0m
[  34% ] [90m[1mreimport[22m | Preparing files to reimport...[39m[0m
[  34% ] [90m[1mreimport[22m | Preparing files to reimport...[39m[0m
[  34% ] [90m[1mreimport[22m | Preparing files to reimport...[39m[0m
[  35% ] [90m[1mreimport[22m | Preparing files to reimport...[39m[0m
[  35% ] [90m[1mreimport[22m | Preparing files to reimport...[39m[0m
[  35% ] [90m[1mreimport[22m | Preparing files to reimport...[39m[0m
[  35% ] [90m[1mreimport[22m | Preparing files to reimport...[39m[0m
[  35% ] [90m[1mreimport[22m | Preparing files to reimport...[39m[0m
[  35% ] [90m[1mreimport[22m | Preparing files to reimport...[39m[0m
[  35% ] [90m[1mreimport[22m | Preparing files to reimport...[39m[0m
[  35% ] [90m[1mreimport[22m | Preparing files to reimport...[39m[0m
[  35% ] [90m[1mreimport[22m | Preparing files to reimport...[39m[0m
[  35% ] [90m[1mreimport[22m | Preparing files to reimport...[39m[0m
[  36% ] [90m[1mreimport[22m | Preparing files to reimport...[39m[0m
[  36% ] [90m[1mreimport[22m | Preparing files to reimport...[39m[0m
[  36% ] [90m[1mreimport[22m | Preparing files to reimport...[39m[0m
[  36% ] [90m[1mreimport[22m | Preparing files to reimport...[39m[0m
[  36% ] [90m[1mreimport[22m | Preparing files to reimport...[39m[0m
[  36% ] [90m[1mreimport[22m | Preparing files to reimport...[39m[0m
[  36% ] [90m[1mreimport[22m | Preparing files to reimport...[39m[0m
[  36% ] [90m[1mreimport[22m | Preparing files to reimport...[39m[0m
[  36% ] [90m[1mreimport[22m | Preparing files to reimport...[39m[0m
[  36% ] [90m[1mreimport[22m | Preparing files to reimport...[39m[0m
[  37% ] [90m[1mreimport[22m | Preparing files to reimport...[39m[0m
[  37% ] [90m[1mreimport[22m | Preparing files to reimport...[39m[0m
[  37% ] [90m[1mreimport[22m | Preparing files to reimport...[39m[0m
[  37% ] [90m[1mreimport[22m | Preparing files to reimport...[39m[0m
[  37% ] [90m[1mreimport[22m | Preparing files to reimport...[39m[0m
[  37% ] [90m[1mreimport[22m | Preparing files to reimport...[39m[0m
[  37% ] [90m[1mreimport[22m | Preparing files to reimport...[39m[0m
[  37% ] [90m[1mreimport[22m | Preparing files to reimport...[39m[0m
[  37% ] [90m[1mreimport[22m | Preparing files to reimport...[39m[0m
[  37% ] [90m[1mreimport[22m | Preparing files to reimport...[39m[0m
[  38% ] [90m[1mreimport[22m | Preparing files to reimport...[39m[0m
[  38% ] [90m[1mreimport[22m | Preparing files to reimport...[39m[0m
[  38% ] [90m[1mreimport[22m | Preparing files to reimport...[39m[0m
[  38% ] [90m[1mreimport[22m | Preparing files to reimport...[39m[0m
[  38% ] [90m[1mreimport[22m | Preparing files to reimport...[39m[0m
[  38% ] [90m[1mreimport[22m | Preparing files to reimport...[39m[0m
[  38% ] [90m[1mreimport[22m | Preparing files to reimport...[39m[0m
[  38% ] [90m[1mreimport[22m | Preparing files to reimport...[39m[0m
[  38% ] [90m[1mreimport[22m | Preparing files to reimport...[39m[0m
[  38% ] [90m[1mreimport[22m | Preparing files to reimport...[39m[0m
[  39% ] [90m[1mreimport[22m | Preparing files to reimport...[39m[0m
[  39% ] [90m[1mreimport[22m | Preparing files to reimport...[39m[0m
[  39% ] [90m[1mreimport[22m | Preparing files to reimport...[39m[0m
[  39% ] [90m[1mreimport[22m | Preparing files to reimport...[39m[0m
[  39% ] [90m[1mreimport[22m | Preparing files to reimport...[39m[0m
[  39% ] [90m[1mreimport[22m | Preparing files to reimport...[39m[0m
[  39% ] [90m[1mreimport[22m | Preparing files to reimport...[39m[0m
[  39% ] [90m[1mreimport[22m | Preparing files to reimport...[39m[0m
[  39% ] [90m[1mreimport[22m | Preparing files to reimport...[39m[0m
[  39% ] [90m[1mreimport[22m | Preparing files to reimport...[39m[0m
[  40% ] [90m[1mreimport[22m | Preparing files to reimport...[39m[0m
[  40% ] [90m[1mreimport[22m | Preparing files to reimport...[39m[0m
[  40% ] [90m[1mreimport[22m | Preparing files to reimport...[39m[0m
[  40% ] [90m[1mreimport[22m | Preparing files to reimport...[39m[0m
[  40% ] [90m[1mreimport[22m | Preparing files to reimport...[39m[0m
[  40% ] [90m[1mreimport[22m | Preparing files to reimport...[39m[0m
[  40% ] [90m[1mreimport[22m | Preparing files to reimport...[39m[0m
[  40% ] [90m[1mreimport[22m | Preparing files to reimport...[39m[0m
[  40% ] [90m[1mreimport[22m | Preparing files to reimport...[39m[0m
[  40% ] [90m[1mreimport[22m | Preparing files to reimport...[39m[0m
[  41% ] [90m[1mreimport[22m | Preparing files to reimport...[39m[0m
[  41% ] [90m[1mreimport[22m | Preparing files to reimport...[39m[0m
[  41% ] [90m[1mreimport[22m | Preparing files to reimport...[39m[0m
[  41% ] [90m[1mreimport[22m | Preparing files to reimport...[39m[0m
[  41% ] [90m[1mreimport[22m | Preparing files to reimport...[39m[0m
[  41% ] [90m[1mreimport[22m | Preparing files to reimport...[39m[0m
[  41% ] [90m[1mreimport[22m | Preparing files to reimport...[39m[0m
[  41% ] [90m[1mreimport[22m | Preparing files to reimport...[39m[0m
[  41% ] [90m[1mreimport[22m | Preparing files to reimport...[39m[0m
[  41% ] [90m[1mreimport[22m | Preparing files to reimport...[39m[0m
[  42% ] [90m[1mreimport[22m | Preparing files to reimport...[39m[0m
[  42% ] [90m[1mreimport[22m | Preparing files to reimport...[39m[0m
[  42% ] [90m[1mreimport[22m | Preparing files to reimport...[39m[0m
[  42% ] [90m[1mreimport[22m | Preparing files to reimport...[39m[0m
[  42% ] [90m[1mreimport[22m | Preparing files to reimport...[39m[0m
[  42% ] [90m[1mreimport[22m | Preparing files to reimport...[39m[0m
[  42% ] [90m[1mreimport[22m | Preparing files to reimport...[39m[0m
[  42% ] [90m[1mreimport[22m | Preparing files to reimport...[39m[0m
[  42% ] [90m[1mreimport[22m | Preparing files to reimport...[39m[0m
[  42% ] [90m[1mreimport[22m | Preparing files to reimport...[39m[0m
[  43% ] [90m[1mreimport[22m | Preparing files to reimport...[39m[0m
[  43% ] [90m[1mreimport[22m | Preparing files to reimport...[39m[0m
[  43% ] [90m[1mreimport[22m | Preparing files to reimport...[39m[0m
[  43% ] [90m[1mreimport[22m | Preparing files to reimport...[39m[0m
[  43% ] [90m[1mreimport[22m | Preparing files to reimport...[39m[0m
[  43% ] [90m[1mreimport[22m | Preparing files to reimport...[39m[0m
[  43% ] [90m[1mreimport[22m | Preparing files to reimport...[39m[0m
[  43% ] [90m[1mreimport[22m | Preparing files to reimport...[39m[0m
[  43% ] [90m[1mreimport[22m | Preparing files to reimport...[39m[0m
[  43% ] [90m[1mreimport[22m | Preparing files to reimport...[39m[0m
[  44% ] [90m[1mreimport[22m | Preparing files to reimport...[39m[0m
[  44% ] [90m[1mreimport[22m | Preparing files to reimport...[39m[0m
[  44% ] [90m[1mreimport[22m | Preparing files to reimport...[39m[0m
[  44% ] [90m[1mreimport[22m | Preparing files to reimport...[39m[0m
[  44% ] [90m[1mreimport[22m | Preparing files to reimport...[39m[0m
[  44% ] [90m[1mreimport[22m | Preparing files to reimport...[39m[0m
[  44% ] [90m[1mreimport[22m | Preparing files to reimport...[39m[0m
[  44% ] [90m[1mreimport[22m | Preparing files to reimport...[39m[0m
[  44% ] [90m[1mreimport[22m | Preparing files to reimport...[39m[0m
[  44% ] [90m[1mreimport[22m | Preparing files to reimport...[39m[0m
[  45% ] [90m[1mreimport[22m | Preparing files to reimport...[39m[0m
[  45% ] [90m[1mreimport[22m | Preparing files to reimport...[39m[0m
[  45% ] [90m[1mreimport[22m | Preparing files to reimport...[39m[0m
[  45% ] [90m[1mreimport[22m | Preparing files to reimport...[39m[0m
[  45% ] [90m[1mreimport[22m | Preparing files to reimport...[39m[0m
[  45% ] [90m[1mreimport[22m | Preparing files to reimport...[39m[0m
[  45% ] [90m[1mreimport[22m | Preparing files to reimport...[39m[0m
[  45% ] [90m[1mreimport[22m | Preparing files to reimport...[39m[0m
[  45% ] [90m[1mreimport[22m | Preparing files to reimport...[39m[0m
[  45% ] [90m[1mreimport[22m | Preparing files to reimport...[39m[0m
[  46% ] [90m[1mreimport[22m | Preparing files to reimport...[39m[0m
[  46% ] [90m[1mreimport[22m | Preparing files to reimport...[39m[0m
[  46% ] [90m[1mreimport[22m | Preparing files to reimport...[39m[0m
[  46% ] [90m[1mreimport[22m | Preparing files to reimport...[39m[0m
[  46% ] [90m[1mreimport[22m | Preparing files to reimport...[39m[0m
[  46% ] [90m[1mreimport[22m | Preparing files to reimport...[39m[0m
[  46% ] [90m[1mreimport[22m | Preparing files to reimport...[39m[0m
[  46% ] [90m[1mreimport[22m | Preparing files to reimport...[39m[0m
[  46% ] [90m[1mreimport[22m | Preparing files to reimport...[39m[0m
[  46% ] [90m[1mreimport[22m | Preparing files to reimport...[39m[0m
[  47% ] [90m[1mreimport[22m | Preparing files to reimport...[39m[0m
[  47% ] [90m[1mreimport[22m | Preparing files to reimport...[39m[0m
[  47% ] [90m[1mreimport[22m | Preparing files to reimport...[39m[0m
[  47% ] [90m[1mreimport[22m | Preparing files to reimport...[39m[0m
[  47% ] [90m[1mreimport[22m | Preparing files to reimport...[39m[0m
[  47% ] [90m[1mreimport[22m | Preparing files to reimport...[39m[0m
[  47% ] [90m[1mreimport[22m | Preparing files to reimport...[39m[0m
[  47% ] [90m[1mreimport[22m | Preparing files to reimport...[39m[0m
[  47% ] [90m[1mreimport[22m | Preparing files to reimport...[39m[0m
[  47% ] [90m[1mreimport[22m | Preparing files to reimport...[39m[0m
[  48% ] [90m[1mreimport[22m | Preparing files to reimport...[39m[0m
[  48% ] [90m[1mreimport[22m | Preparing files to reimport...[39m[0m
[  48% ] [90m[1mreimport[22m | Preparing files to reimport...[39m[0m
[  48% ] [90m[1mreimport[22m | Preparing files to reimport...[39m[0m
[  48% ] [90m[1mreimport[22m | Preparing files to reimport...[39m[0m
[  48% ] [90m[1mreimport[22m | Preparing files to reimport...[39m[0m
[  48% ] [90m[1mreimport[22m | Preparing files to reimport...[39m[0m
[  48% ] [90m[1mreimport[22m | Preparing files to reimport...[39m[0m
[  48% ] [90m[1mreimport[22m | Preparing files to reimport...[39m[0m
[  48% ] [90m[1mreimport[22m | Preparing files to reimport...[39m[0m
[  49% ] [90m[1mreimport[22m | Preparing files to reimport...[39m[0m
[  49% ] [90m[1mreimport[22m | Preparing files to reimport...[39m[0m
[  49% ] [90m[1mreimport[22m | Preparing files to reimport...[39m[0m
[  49% ] [90m[1mreimport[22m | Preparing files to reimport...[39m[0m
[  49% ] [90m[1mreimport[22m | Preparing files to reimport...[39m[0m
[  49% ] [90m[1mreimport[22m | Preparing files to reimport...[39m[0m
[  49% ] [90m[1mreimport[22m | Preparing files to reimport...[39m[0m
[  49% ] [90m[1mreimport[22m | Preparing files to reimport...[39m[0m
[  49% ] [90m[1mreimport[22m | Preparing files to reimport...[39m[0m
[  49% ] [90m[1mreimport[22m | Preparing files to reimport...[39m[0m
[  50% ] [90m[1mreimport[22m | Preparing files to reimport...[39m[0m
[  50% ] [90m[1mreimport[22m | Preparing files to reimport...[39m[0m
[  50% ] [90m[1mreimport[22m | Preparing files to reimport...[39m[0m
[  50% ] [90m[1mreimport[22m | Preparing files to reimport...[39m[0m
[  50% ] [90m[1mreimport[22m | Preparing files to reimport...[39m[0m
[  50% ] [90m[1mreimport[22m | Preparing files to reimport...[39m[0m
[  50% ] [90m[1mreimport[22m | Preparing files to reimport...[39m[0m
[  50% ] [90m[1mreimport[22m | Preparing files to reimport...[39m[0m
[  50% ] [90m[1mreimport[22m | Preparing files to reimport...[39m[0m
[  50% ] [90m[1mreimport[22m | Preparing files to reimport...[39m[0m
[  51% ] [90m[1mreimport[22m | Preparing files to reimport...[39m[0m
[  51% ] [90m[1mreimport[22m | Preparing files to reimport...[39m[0m
[  51% ] [90m[1mreimport[22m | Preparing files to reimport...[39m[0m
[  51% ] [90m[1mreimport[22m | Preparing files to reimport...[39m[0m
[  51% ] [90m[1mreimport[22m | Preparing files to reimport...[39m[0m
[  51% ] [90m[1mreimport[22m | Preparing files to reimport...[39m[0m
[  51% ] [90m[1mreimport[22m | Preparing files to reimport...[39m[0m
[  51% ] [90m[1mreimport[22m | Preparing files to reimport...[39m[0m
[  51% ] [90m[1mreimport[22m | Preparing files to reimport...[39m[0m
[  51% ] [90m[1mreimport[22m | Preparing files to reimport...[39m[0m
[  52% ] [90m[1mreimport[22m | Preparing files to reimport...[39m[0m
[  52% ] [90m[1mreimport[22m | Preparing files to reimport...[39m[0m
[  52% ] [90m[1mreimport[22m | Preparing files to reimport...[39m[0m
[  52% ] [90m[1mreimport[22m | Preparing files to reimport...[39m[0m
[  52% ] [90m[1mreimport[22m | Preparing files to reimport...[39m[0m
[  52% ] [90m[1mreimport[22m | Preparing files to reimport...[39m[0m
[  52% ] [90m[1mreimport[22m | Preparing files to reimport...[39m[0m
[  52% ] [90m[1mreimport[22m | Preparing files to reimport...[39m[0m
[  52% ] [90m[1mreimport[22m | Preparing files to reimport...[39m[0m
[  52% ] [90m[1mreimport[22m | Preparing files to reimport...[39m[0m
[  53% ] [90m[1mreimport[22m | Preparing files to reimport...[39m[0m
[  53% ] [90m[1mreimport[22m | Preparing files to reimport...[39m[0m
[  53% ] [90m[1mreimport[22m | Preparing files to reimport...[39m[0m
[  53% ] [90m[1mreimport[22m | Preparing files to reimport...[39m[0m
[  53% ] [90m[1mreimport[22m | Preparing files to reimport...[39m[0m
[  53% ] [90m[1mreimport[22m | Preparing files to reimport...[39m[0m
[  53% ] [90m[1mreimport[22m | Preparing files to reimport...[39m[0m
[  53% ] [90m[1mreimport[22m | Preparing files to reimport...[39m[0m
[  53% ] [90m[1mreimport[22m | Preparing files to reimport...[39m[0m
[  53% ] [90m[1mreimport[22m | Preparing files to reimport...[39m[0m
[  54% ] [90m[1mreimport[22m | Preparing files to reimport...[39m[0m
[  54% ] [90m[1mreimport[22m | Preparing files to reimport...[39m[0m
[  54% ] [90m[1mreimport[22m | Preparing files to reimport...[39m[0m
[  54% ] [90m[1mreimport[22m | Preparing files to reimport...[39m[0m
[  54% ] [90m[1mreimport[22m | Preparing files to reimport...[39m[0m
[  54% ] [90m[1mreimport[22m | Preparing files to reimport...[39m[0m
[  54% ] [90m[1mreimport[22m | Preparing files to reimport...[39m[0m
[  54% ] [90m[1mreimport[22m | Preparing files to reimport...[39m[0m
[  54% ] [90m[1mreimport[22m | Preparing files to reimport...[39m[0m
[  54% ] [90m[1mreimport[22m | Preparing files to reimport...[39m[0m
[  55% ] [90m[1mreimport[22m | Preparing files to reimport...[39m[0m
[  55% ] [90m[1mreimport[22m | Preparing files to reimport...[39m[0m
[  55% ] [90m[1mreimport[22m | Preparing files to reimport...[39m[0m
[  55% ] [90m[1mreimport[22m | Preparing files to reimport...[39m[0m
[  55% ] [90m[1mreimport[22m | Preparing files to reimport...[39m[0m
[  55% ] [90m[1mreimport[22m | Preparing files to reimport...[39m[0m
[  55% ] [90m[1mreimport[22m | Preparing files to reimport...[39m[0m
[  55% ] [90m[1mreimport[22m | Preparing files to reimport...[39m[0m
[  55% ] [90m[1mreimport[22m | Preparing files to reimport...[39m[0m
[  55% ] [90m[1mreimport[22m | Preparing files to reimport...[39m[0m
[  56% ] [90m[1mreimport[22m | Preparing files to reimport...[39m[0m
[  56% ] [90m[1mreimport[22m | Preparing files to reimport...[39m[0m
[  56% ] [90m[1mreimport[22m | Preparing files to reimport...[39m[0m
[  56% ] [90m[1mreimport[22m | Preparing files to reimport...[39m[0m
[  56% ] [90m[1mreimport[22m | Preparing files to reimport...[39m[0m
[  56% ] [90m[1mreimport[22m | Preparing files to reimport...[39m[0m
[  56% ] [90m[1mreimport[22m | Preparing files to reimport...[39m[0m
[  56% ] [90m[1mreimport[22m | Preparing files to reimport...[39m[0m
[  56% ] [90m[1mreimport[22m | Preparing files to reimport...[39m[0m
[  56% ] [90m[1mreimport[22m | Preparing files to reimport...[39m[0m
[  57% ] [90m[1mreimport[22m | Preparing files to reimport...[39m[0m
[  57% ] [90m[1mreimport[22m | Preparing files to reimport...[39m[0m
[  57% ] [90m[1mreimport[22m | Preparing files to reimport...[39m[0m
[  57% ] [90m[1mreimport[22m | Preparing files to reimport...[39m[0m
[  57% ] [90m[1mreimport[22m | Preparing files to reimport...[39m[0m
[  57% ] [90m[1mreimport[22m | Preparing files to reimport...[39m[0m
[  57% ] [90m[1mreimport[22m | Preparing files to reimport...[39m[0m
[  57% ] [90m[1mreimport[22m | Preparing files to reimport...[39m[0m
[  57% ] [90m[1mreimport[22m | Preparing files to reimport...[39m[0m
[  57% ] [90m[1mreimport[22m | Preparing files to reimport...[39m[0m
[  58% ] [90m[1mreimport[22m | Preparing files to reimport...[39m[0m
[  58% ] [90m[1mreimport[22m | Preparing files to reimport...[39m[0m
[  58% ] [90m[1mreimport[22m | Preparing files to reimport...[39m[0m
[  58% ] [90m[1mreimport[22m | Preparing files to reimport...[39m[0m
[  58% ] [90m[1mreimport[22m | Preparing files to reimport...[39m[0m
[  58% ] [90m[1mreimport[22m | Preparing files to reimport...[39m[0m
[  58% ] [90m[1mreimport[22m | Preparing files to reimport...[39m[0m
[  58% ] [90m[1mreimport[22m | Preparing files to reimport...[39m[0m
[  58% ] [90m[1mreimport[22m | Preparing files to reimport...[39m[0m
[  58% ] [90m[1mreimport[22m | Preparing files to reimport...[39m[0m
[  59% ] [90m[1mreimport[22m | Preparing files to reimport...[39m[0m
[  59% ] [90m[1mreimport[22m | Preparing files to reimport...[39m[0m
[  59% ] [90m[1mreimport[22m | Preparing files to reimport...[39m[0m
[  59% ] [90m[1mreimport[22m | Preparing files to reimport...[39m[0m
[  59% ] [90m[1mreimport[22m | Preparing files to reimport...[39m[0m
[  59% ] [90m[1mreimport[22m | Preparing files to reimport...[39m[0m
[  59% ] [90m[1mreimport[22m | Preparing files to reimport...[39m[0m
[  59% ] [90m[1mreimport[22m | Preparing files to reimport...[39m[0m
[  59% ] [90m[1mreimport[22m | Preparing files to reimport...[39m[0m
[  59% ] [90m[1mreimport[22m | Preparing files to reimport...[39m[0m
[  60% ] [90m[1mreimport[22m | Preparing files to reimport...[39m[0m
[  60% ] [90m[1mreimport[22m | Preparing files to reimport...[39m[0m
[  60% ] [90m[1mreimport[22m | Preparing files to reimport...[39m[0m
[  60% ] [90m[1mreimport[22m | Preparing files to reimport...[39m[0m
[  60% ] [90m[1mreimport[22m | Preparing files to reimport...[39m[0m
[  60% ] [90m[1mreimport[22m | Preparing files to reimport...[39m[0m
[  60% ] [90m[1mreimport[22m | Preparing files to reimport...[39m[0m
[  60% ] [90m[1mreimport[22m | Preparing files to reimport...[39m[0m
[  60% ] [90m[1mreimport[22m | Preparing files to reimport...[39m[0m
[  60% ] [90m[1mreimport[22m | Preparing files to reimport...[39m[0m
[  61% ] [90m[1mreimport[22m | Preparing files to reimport...[39m[0m
[  61% ] [90m[1mreimport[22m | Preparing files to reimport...[39m[0m
[  61% ] [90m[1mreimport[22m | Preparing files to reimport...[39m[0m
[  61% ] [90m[1mreimport[22m | Preparing files to reimport...[39m[0m
[  61% ] [90m[1mreimport[22m | Preparing files to reimport...[39m[0m
[  61% ] [90m[1mreimport[22m | Preparing files to reimport...[39m[0m
[  61% ] [90m[1mreimport[22m | Preparing files to reimport...[39m[0m
[  61% ] [90m[1mreimport[22m | Preparing files to reimport...[39m[0m
[  61% ] [90m[1mreimport[22m | Preparing files to reimport...[39m[0m
[  61% ] [90m[1mreimport[22m | Preparing files to reimport...[39m[0m
[  62% ] [90m[1mreimport[22m | Preparing files to reimport...[39m[0m
[  62% ] [90m[1mreimport[22m | Preparing files to reimport...[39m[0m
[  62% ] [90m[1mreimport[22m | Preparing files to reimport...[39m[0m
[  62% ] [90m[1mreimport[22m | Preparing files to reimport...[39m[0m
[  62% ] [90m[1mreimport[22m | Preparing files to reimport...[39m[0m
[  62% ] [90m[1mreimport[22m | Preparing files to reimport...[39m[0m
[  62% ] [90m[1mreimport[22m | Preparing files to reimport...[39m[0m
[  62% ] [90m[1mreimport[22m | Preparing files to reimport...[39m[0m
[  62% ] [90m[1mreimport[22m | Preparing files to reimport...[39m[0m
[  62% ] [90m[1mreimport[22m | Preparing files to reimport...[39m[0m
[  63% ] [90m[1mreimport[22m | Preparing files to reimport...[39m[0m
[  63% ] [90m[1mreimport[22m | Preparing files to reimport...[39m[0m
[  63% ] [90m[1mreimport[22m | Preparing files to reimport...[39m[0m
[  63% ] [90m[1mreimport[22m | Preparing files to reimport...[39m[0m
[  63% ] [90m[1mreimport[22m | Preparing files to reimport...[39m[0m
[  63% ] [90m[1mreimport[22m | Preparing files to reimport...[39m[0m
[  63% ] [90m[1mreimport[22m | Preparing files to reimport...[39m[0m
[  63% ] [90m[1mreimport[22m | Preparing files to reimport...[39m[0m
[  63% ] [90m[1mreimport[22m | Preparing files to reimport...[39m[0m
[  63% ] [90m[1mreimport[22m | Preparing files to reimport...[39m[0m
[  64% ] [90m[1mreimport[22m | Preparing files to reimport...[39m[0m
[  64% ] [90m[1mreimport[22m | Preparing files to reimport...[39m[0m
[  64% ] [90m[1mreimport[22m | Preparing files to reimport...[39m[0m
[  64% ] [90m[1mreimport[22m | Preparing files to reimport...[39m[0m
[  64% ] [90m[1mreimport[22m | Preparing files to reimport...[39m[0m
[  64% ] [90m[1mreimport[22m | Preparing files to reimport...[39m[0m
[  64% ] [90m[1mreimport[22m | Preparing files to reimport...[39m[0m
[  64% ] [90m[1mreimport[22m | Preparing files to reimport...[39m[0m
[  64% ] [90m[1mreimport[22m | Preparing files to reimport...[39m[0m
[  64% ] [90m[1mreimport[22m | Preparing files to reimport...[39m[0m
[  65% ] [90m[1mreimport[22m | Preparing files to reimport...[39m[0m
[  65% ] [90m[1mreimport[22m | Preparing files to reimport...[39m[0m
[  65% ] [90m[1mreimport[22m | Preparing files to reimport...[39m[0m
[  65% ] [90m[1mreimport[22m | Preparing files to reimport...[39m[0m
[  65% ] [90m[1mreimport[22m | Preparing files to reimport...[39m[0m
[  65% ] [90m[1mreimport[22m | Preparing files to reimport...[39m[0m
[  65% ] [90m[1mreimport[22m | Preparing files to reimport...[39m[0m
[  65% ] [90m[1mreimport[22m | Preparing files to reimport...[39m[0m
[  65% ] [90m[1mreimport[22m | Preparing files to reimport...[39m[0m
[  65% ] [90m[1mreimport[22m | Preparing files to reimport...[39m[0m
[  66% ] [90m[1mreimport[22m | Preparing files to reimport...[39m[0m
[  66% ] [90m[1mreimport[22m | Preparing files to reimport...[39m[0m
[  66% ] [90m[1mreimport[22m | Preparing files to reimport...[39m[0m
[  66% ] [90m[1mreimport[22m | Preparing files to reimport...[39m[0m
[  66% ] [90m[1mreimport[22m | Preparing files to reimport...[39m[0m
[  66% ] [90m[1mreimport[22m | Preparing files to reimport...[39m[0m
[  66% ] [90m[1mreimport[22m | Preparing files to reimport...[39m[0m
[  66% ] [90m[1mreimport[22m | Preparing files to reimport...[39m[0m
[  66% ] [90m[1mreimport[22m | Preparing files to reimport...[39m[0m
[  66% ] [90m[1mreimport[22m | Preparing files to reimport...[39m[0m
[  66% ] [90m[1mreimport[22m | Preparing files to reimport...[39m[0m
[  67% ] [90m[1mreimport[22m | Preparing files to reimport...[39m[0m
[  67% ] [90m[1mreimport[22m | Preparing files to reimport...[39m[0m
[  67% ] [90m[1mreimport[22m | Preparing files to reimport...[39m[0m
[  67% ] [90m[1mreimport[22m | Preparing files to reimport...[39m[0m
[  67% ] [90m[1mreimport[22m | Preparing files to reimport...[39m[0m
[  67% ] [90m[1mreimport[22m | Preparing files to reimport...[39m[0m
[  67% ] [90m[1mreimport[22m | Preparing files to reimport...[39m[0m
[  67% ] [90m[1mreimport[22m | Preparing files to reimport...[39m[0m
[  67% ] [90m[1mreimport[22m | Preparing files to reimport...[39m[0m
[  67% ] [90m[1mreimport[22m | Preparing files to reimport...[39m[0m
[  68% ] [90m[1mreimport[22m | Preparing files to reimport...[39m[0m
[  68% ] [90m[1mreimport[22m | Preparing files to reimport...[39m[0m
[  68% ] [90m[1mreimport[22m | Preparing files to reimport...[39m[0m
[  68% ] [90m[1mreimport[22m | Preparing files to reimport...[39m[0m
[  68% ] [90m[1mreimport[22m | Preparing files to reimport...[39m[0m
[  68% ] [90m[1mreimport[22m | Preparing files to reimport...[39m[0m
[  68% ] [90m[1mreimport[22m | Preparing files to reimport...[39m[0m
[  68% ] [90m[1mreimport[22m | Preparing files to reimport...[39m[0m
[  68% ] [90m[1mreimport[22m | Preparing files to reimport...[39m[0m
[  68% ] [90m[1mreimport[22m | Preparing files to reimport...[39m[0m
[  69% ] [90m[1mreimport[22m | Preparing files to reimport...[39m[0m
[  69% ] [90m[1mreimport[22m | Preparing files to reimport...[39m[0m
[  69% ] [90m[1mreimport[22m | Preparing files to reimport...[39m[0m
[  69% ] [90m[1mreimport[22m | Preparing files to reimport...[39m[0m
[  69% ] [90m[1mreimport[22m | Preparing files to reimport...[39m[0m
[  69% ] [90m[1mreimport[22m | Preparing files to reimport...[39m[0m
[  69% ] [90m[1mreimport[22m | Preparing files to reimport...[39m[0m
[  69% ] [90m[1mreimport[22m | Preparing files to reimport...[39m[0m
[  69% ] [90m[1mreimport[22m | Preparing files to reimport...[39m[0m
[  69% ] [90m[1mreimport[22m | Preparing files to reimport...[39m[0m
[  70% ] [90m[1mreimport[22m | Preparing files to reimport...[39m[0m
[  70% ] [90m[1mreimport[22m | Preparing files to reimport...[39m[0m
[  70% ] [90m[1mreimport[22m | Preparing files to reimport...[39m[0m
[  70% ] [90m[1mreimport[22m | Preparing files to reimport...[39m[0m
[  70% ] [90m[1mreimport[22m | Preparing files to reimport...[39m[0m
[  70% ] [90m[1mreimport[22m | Preparing files to reimport...[39m[0m
[  70% ] [90m[1mreimport[22m | Preparing files to reimport...[39m[0m
[  70% ] [90m[1mreimport[22m | Preparing files to reimport...[39m[0m
[  70% ] [90m[1mreimport[22m | Preparing files to reimport...[39m[0m
[  70% ] [90m[1mreimport[22m | Preparing files to reimport...[39m[0m
[  71% ] [90m[1mreimport[22m | Preparing files to reimport...[39m[0m
[  71% ] [90m[1mreimport[22m | Preparing files to reimport...[39m[0m
[  71% ] [90m[1mreimport[22m | Preparing files to reimport...[39m[0m
[  71% ] [90m[1mreimport[22m | Preparing files to reimport...[39m[0m
[  71% ] [90m[1mreimport[22m | Preparing files to reimport...[39m[0m
[  71% ] [90m[1mreimport[22m | Preparing files to reimport...[39m[0m
[  71% ] [90m[1mreimport[22m | Preparing files to reimport...[39m[0m
[  71% ] [90m[1mreimport[22m | Preparing files to reimport...[39m[0m
[  71% ] [90m[1mreimport[22m | Preparing files to reimport...[39m[0m
[  71% ] [90m[1mreimport[22m | Preparing files to reimport...[39m[0m
[  72% ] [90m[1mreimport[22m | Preparing files to reimport...[39m[0m
[  72% ] [90m[1mreimport[22m | Preparing files to reimport...[39m[0m
[  72% ] [90m[1mreimport[22m | Preparing files to reimport...[39m[0m
[  72% ] [90m[1mreimport[22m | Preparing files to reimport...[39m[0m
[  72% ] [90m[1mreimport[22m | Preparing files to reimport...[39m[0m
[  72% ] [90m[1mreimport[22m | Preparing files to reimport...[39m[0m
[  72% ] [90m[1mreimport[22m | Preparing files to reimport...[39m[0m
[  72% ] [90m[1mreimport[22m | Preparing files to reimport...[39m[0m
[  72% ] [90m[1mreimport[22m | Preparing files to reimport...[39m[0m
[  72% ] [90m[1mreimport[22m | Preparing files to reimport...[39m[0m
[  73% ] [90m[1mreimport[22m | Preparing files to reimport...[39m[0m
[  73% ] [90m[1mreimport[22m | Preparing files to reimport...[39m[0m
[  73% ] [90m[1mreimport[22m | Preparing files to reimport...[39m[0m
[  73% ] [90m[1mreimport[22m | Preparing files to reimport...[39m[0m
[  73% ] [90m[1mreimport[22m | Preparing files to reimport...[39m[0m
[  73% ] [90m[1mreimport[22m | Preparing files to reimport...[39m[0m
[  73% ] [90m[1mreimport[22m | Preparing files to reimport...[39m[0m
[  73% ] [90m[1mreimport[22m | Preparing files to reimport...[39m[0m
[  73% ] [90m[1mreimport[22m | Preparing files to reimport...[39m[0m
[  73% ] [90m[1mreimport[22m | Preparing files to reimport...[39m[0m
[  74% ] [90m[1mreimport[22m | Preparing files to reimport...[39m[0m
[  74% ] [90m[1mreimport[22m | Preparing files to reimport...[39m[0m
[  74% ] [90m[1mreimport[22m | Preparing files to reimport...[39m[0m
[  74% ] [90m[1mreimport[22m | Preparing files to reimport...[39m[0m
[  74% ] [90m[1mreimport[22m | Preparing files to reimport...[39m[0m
[  74% ] [90m[1mreimport[22m | Preparing files to reimport...[39m[0m
[  74% ] [90m[1mreimport[22m | Preparing files to reimport...[39m[0m
[  74% ] [90m[1mreimport[22m | Preparing files to reimport...[39m[0m
[  74% ] [90m[1mreimport[22m | Preparing files to reimport...[39m[0m
[  74% ] [90m[1mreimport[22m | Preparing files to reimport...[39m[0m
[  75% ] [90m[1mreimport[22m | Preparing files to reimport...[39m[0m
[  75% ] [90m[1mreimport[22m | Preparing files to reimport...[39m[0m
[  75% ] [90m[1mreimport[22m | Preparing files to reimport...[39m[0m
[  75% ] [90m[1mreimport[22m | Preparing files to reimport...[39m[0m
[  75% ] [90m[1mreimport[22m | Preparing files to reimport...[39m[0m
[  75% ] [90m[1mreimport[22m | Preparing files to reimport...[39m[0m
[  75% ] [90m[1mreimport[22m | Preparing files to reimport...[39m[0m
[  75% ] [90m[1mreimport[22m | Preparing files to reimport...[39m[0m
[  75% ] [90m[1mreimport[22m | Preparing files to reimport...[39m[0m
[  75% ] [90m[1mreimport[22m | Preparing files to reimport...[39m[0m
[  76% ] [90m[1mreimport[22m | Preparing files to reimport...[39m[0m
[  76% ] [90m[1mreimport[22m | Preparing files to reimport...[39m[0m
[  76% ] [90m[1mreimport[22m | Preparing files to reimport...[39m[0m
[  76% ] [90m[1mreimport[22m | Preparing files to reimport...[39m[0m
[  76% ] [90m[1mreimport[22m | Preparing files to reimport...[39m[0m
[  76% ] [90m[1mreimport[22m | Preparing files to reimport...[39m[0m
[  76% ] [90m[1mreimport[22m | Preparing files to reimport...[39m[0m
[  76% ] [90m[1mreimport[22m | Preparing files to reimport...[39m[0m
[  76% ] [90m[1mreimport[22m | Preparing files to reimport...[39m[0m
[  76% ] [90m[1mreimport[22m | Preparing files to reimport...[39m[0m
[  77% ] [90m[1mreimport[22m | Preparing files to reimport...[39m[0m
[  77% ] [90m[1mreimport[22m | Preparing files to reimport...[39m[0m
[  77% ] [90m[1mreimport[22m | Preparing files to reimport...[39m[0m
[  77% ] [90m[1mreimport[22m | Preparing files to reimport...[39m[0m
[  77% ] [90m[1mreimport[22m | Preparing files to reimport...[39m[0m
[  77% ] [90m[1mreimport[22m | Preparing files to reimport...[39m[0m
[  77% ] [90m[1mreimport[22m | Preparing files to reimport...[39m[0m
[  77% ] [90m[1mreimport[22m | Preparing files to reimport...[39m[0m
[  77% ] [90m[1mreimport[22m | Preparing files to reimport...[39m[0m
[  77% ] [90m[1mreimport[22m | Preparing files to reimport...[39m[0m
[  78% ] [90m[1mreimport[22m | Preparing files to reimport...[39m[0m
[  78% ] [90m[1mreimport[22m | Preparing files to reimport...[39m[0m
[  78% ] [90m[1mreimport[22m | Preparing files to reimport...[39m[0m
[  78% ] [90m[1mreimport[22m | Preparing files to reimport...[39m[0m
[  78% ] [90m[1mreimport[22m | Preparing files to reimport...[39m[0m
[  78% ] [90m[1mreimport[22m | Preparing files to reimport...[39m[0m
[  78% ] [90m[1mreimport[22m | Preparing files to reimport...[39m[0m
[  78% ] [90m[1mreimport[22m | Preparing files to reimport...[39m[0m
[  78% ] [90m[1mreimport[22m | Preparing files to reimport...[39m[0m
[  78% ] [90m[1mreimport[22m | Preparing files to reimport...[39m[0m
[  79% ] [90m[1mreimport[22m | Preparing files to reimport...[39m[0m
[  79% ] [90m[1mreimport[22m | Preparing files to reimport...[39m[0m
[  79% ] [90m[1mreimport[22m | Preparing files to reimport...[39m[0m
[  79% ] [90m[1mreimport[22m | Preparing files to reimport...[39m[0m
[  79% ] [90m[1mreimport[22m | Preparing files to reimport...[39m[0m
[  79% ] [90m[1mreimport[22m | Preparing files to reimport...[39m[0m
[  79% ] [90m[1mreimport[22m | Preparing files to reimport...[39m[0m
[  79% ] [90m[1mreimport[22m | Preparing files to reimport...[39m[0m
[  79% ] [90m[1mreimport[22m | Preparing files to reimport...[39m[0m
[  79% ] [90m[1mreimport[22m | Preparing files to reimport...[39m[0m
[  80% ] [90m[1mreimport[22m | Preparing files to reimport...[39m[0m
[  80% ] [90m[1mreimport[22m | Preparing files to reimport...[39m[0m
[  80% ] [90m[1mreimport[22m | Preparing files to reimport...[39m[0m
[  80% ] [90m[1mreimport[22m | Preparing files to reimport...[39m[0m
[  80% ] [90m[1mreimport[22m | Preparing files to reimport...[39m[0m
[  80% ] [90m[1mreimport[22m | Preparing files to reimport...[39m[0m
[  80% ] [90m[1mreimport[22m | Preparing files to reimport...[39m[0m
[  80% ] [90m[1mreimport[22m | Preparing files to reimport...[39m[0m
[  80% ] [90m[1mreimport[22m | Preparing files to reimport...[39m[0m
[  80% ] [90m[1mreimport[22m | Preparing files to reimport...[39m[0m
[  81% ] [90m[1mreimport[22m | Preparing files to reimport...[39m[0m
[  81% ] [90m[1mreimport[22m | Preparing files to reimport...[39m[0m
[  81% ] [90m[1mreimport[22m | Preparing files to reimport...[39m[0m
[  81% ] [90m[1mreimport[22m | Preparing files to reimport...[39m[0m
[  81% ] [90m[1mreimport[22m | Preparing files to reimport...[39m[0m
[  81% ] [90m[1mreimport[22m | Preparing files to reimport...[39m[0m
[  81% ] [90m[1mreimport[22m | Preparing files to reimport...[39m[0m
[  81% ] [90m[1mreimport[22m | Preparing files to reimport...[39m[0m
[  81% ] [90m[1mreimport[22m | Preparing files to reimport...[39m[0m
[  81% ] [90m[1mreimport[22m | Preparing files to reimport...[39m[0m
[  82% ] [90m[1mreimport[22m | Preparing files to reimport...[39m[0m
[  82% ] [90m[1mreimport[22m | Preparing files to reimport...[39m[0m
[  82% ] [90m[1mreimport[22m | Preparing files to reimport...[39m[0m
[  82% ] [90m[1mreimport[22m | Preparing files to reimport...[39m[0m
[  82% ] [90m[1mreimport[22m | Preparing files to reimport...[39m[0m
[  82% ] [90m[1mreimport[22m | Preparing files to reimport...[39m[0m
[  82% ] [90m[1mreimport[22m | Preparing files to reimport...[39m[0m
[  82% ] [90m[1mreimport[22m | Preparing files to reimport...[39m[0m
[  82% ] [90m[1mreimport[22m | Preparing files to reimport...[39m[0m
[  82% ] [90m[1mreimport[22m | Preparing files to reimport...[39m[0m
[  83% ] [90m[1mreimport[22m | Preparing files to reimport...[39m[0m
[  83% ] [90m[1mreimport[22m | Preparing files to reimport...[39m[0m
[  83% ] [90m[1mreimport[22m | Preparing files to reimport...[39m[0m
[  83% ] [90m[1mreimport[22m | Preparing files to reimport...[39m[0m
[  83% ] [90m[1mreimport[22m | Preparing files to reimport...[39m[0m
[  83% ] [90m[1mreimport[22m | Preparing files to reimport...[39m[0m
[  83% ] [90m[1mreimport[22m | Preparing files to reimport...[39m[0m
[  83% ] [90m[1mreimport[22m | Preparing files to reimport...[39m[0m
[  83% ] [90m[1mreimport[22m | Preparing files to reimport...[39m[0m
[  83% ] [90m[1mreimport[22m | Preparing files to reimport...[39m[0m
[  84% ] [90m[1mreimport[22m | Preparing files to reimport...[39m[0m
[  84% ] [90m[1mreimport[22m | Preparing files to reimport...[39m[0m
[  84% ] [90m[1mreimport[22m | Preparing files to reimport...[39m[0m
[  84% ] [90m[1mreimport[22m | Preparing files to reimport...[39m[0m
[  84% ] [90m[1mreimport[22m | Preparing files to reimport...[39m[0m
[  84% ] [90m[1mreimport[22m | Preparing files to reimport...[39m[0m
[  84% ] [90m[1mreimport[22m | Preparing files to reimport...[39m[0m
[  84% ] [90m[1mreimport[22m | Preparing files to reimport...[39m[0m
[  84% ] [90m[1mreimport[22m | Preparing files to reimport...[39m[0m
[  84% ] [90m[1mreimport[22m | Preparing files to reimport...[39m[0m
[  85% ] [90m[1mreimport[22m | Preparing files to reimport...[39m[0m
[  85% ] [90m[1mreimport[22m | Preparing files to reimport...[39m[0m
[  85% ] [90m[1mreimport[22m | Preparing files to reimport...[39m[0m
[  85% ] [90m[1mreimport[22m | Preparing files to reimport...[39m[0m
[  85% ] [90m[1mreimport[22m | Preparing files to reimport...[39m[0m
[  85% ] [90m[1mreimport[22m | Preparing files to reimport...[39m[0m
[  85% ] [90m[1mreimport[22m | Preparing files to reimport...[39m[0m
[  85% ] [90m[1mreimport[22m | Preparing files to reimport...[39m[0m
[  85% ] [90m[1mreimport[22m | Preparing files to reimport...[39m[0m
[  85% ] [90m[1mreimport[22m | Preparing files to reimport...[39m[0m
[  86% ] [90m[1mreimport[22m | Preparing files to reimport...[39m[0m
[  86% ] [90m[1mreimport[22m | Preparing files to reimport...[39m[0m
[  86% ] [90m[1mreimport[22m | Preparing files to reimport...[39m[0m
[  86% ] [90m[1mreimport[22m | Preparing files to reimport...[39m[0m
[  86% ] [90m[1mreimport[22m | Preparing files to reimport...[39m[0m
[  86% ] [90m[1mreimport[22m | Preparing files to reimport...[39m[0m
[  86% ] [90m[1mreimport[22m | Preparing files to reimport...[39m[0m
[  86% ] [90m[1mreimport[22m | Preparing files to reimport...[39m[0m
[  86% ] [90m[1mreimport[22m | Preparing files to reimport...[39m[0m
[  86% ] [90m[1mreimport[22m | Preparing files to reimport...[39m[0m
[  87% ] [90m[1mreimport[22m | Preparing files to reimport...[39m[0m
[  87% ] [90m[1mreimport[22m | Preparing files to reimport...[39m[0m
[  87% ] [90m[1mreimport[22m | Preparing files to reimport...[39m[0m
[  87% ] [90m[1mreimport[22m | Preparing files to reimport...[39m[0m
[  87% ] [90m[1mreimport[22m | Preparing files to reimport...[39m[0m
[  87% ] [90m[1mreimport[22m | Preparing files to reimport...[39m[0m
[  87% ] [90m[1mreimport[22m | Preparing files to reimport...[39m[0m
[  87% ] [90m[1mreimport[22m | Preparing files to reimport...[39m[0m
[  87% ] [90m[1mreimport[22m | Preparing files to reimport...[39m[0m
[  87% ] [90m[1mreimport[22m | Preparing files to reimport...[39m[0m
[  88% ] [90m[1mreimport[22m | Preparing files to reimport...[39m[0m
[  88% ] [90m[1mreimport[22m | Preparing files to reimport...[39m[0m
[  88% ] [90m[1mreimport[22m | Preparing files to reimport...[39m[0m
[  88% ] [90m[1mreimport[22m | Preparing files to reimport...[39m[0m
[  88% ] [90m[1mreimport[22m | Preparing files to reimport...[39m[0m
[  88% ] [90m[1mreimport[22m | Preparing files to reimport...[39m[0m
[  88% ] [90m[1mreimport[22m | Preparing files to reimport...[39m[0m
[  88% ] [90m[1mreimport[22m | Preparing files to reimport...[39m[0m
[  88% ] [90m[1mreimport[22m | Preparing files to reimport...[39m[0m
[  88% ] [90m[1mreimport[22m | Preparing files to reimport...[39m[0m
[  89% ] [90m[1mreimport[22m | Preparing files to reimport...[39m[0m
[  89% ] [90m[1mreimport[22m | Preparing files to reimport...[39m[0m
[  89% ] [90m[1mreimport[22m | Preparing files to reimport...[39m[0m
[  89% ] [90m[1mreimport[22m | Preparing files to reimport...[39m[0m
[  89% ] [90m[1mreimport[22m | Preparing files to reimport...[39m[0m
[  89% ] [90m[1mreimport[22m | Preparing files to reimport...[39m[0m
[  89% ] [90m[1mreimport[22m | Preparing files to reimport...[39m[0m
[  89% ] [90m[1mreimport[22m | Preparing files to reimport...[39m[0m
[  89% ] [90m[1mreimport[22m | Preparing files to reimport...[39m[0m
[  89% ] [90m[1mreimport[22m | Preparing files to reimport...[39m[0m
[  90% ] [90m[1mreimport[22m | Preparing files to reimport...[39m[0m
[  90% ] [90m[1mreimport[22m | Preparing files to reimport...[39m[0m
[  90% ] [90m[1mreimport[22m | Preparing files to reimport...[39m[0m
[  90% ] [90m[1mreimport[22m | Preparing files to reimport...[39m[0m
[  90% ] [90m[1mreimport[22m | Preparing files to reimport...[39m[0m
[  90% ] [90m[1mreimport[22m | Preparing files to reimport...[39m[0m
[  90% ] [90m[1mreimport[22m | Preparing files to reimport...[39m[0m
[  90% ] [90m[1mreimport[22m | Preparing files to reimport...[39m[0m
[  90% ] [90m[1mreimport[22m | Preparing files to reimport...[39m[0m
[  90% ] [90m[1mreimport[22m | Preparing files to reimport...[39m[0m
[  91% ] [90m[1mreimport[22m | Preparing files to reimport...[39m[0m
[  91% ] [90m[1mreimport[22m | Preparing files to reimport...[39m[0m
[  91% ] [90m[1mreimport[22m | Preparing files to reimport...[39m[0m
[  91% ] [90m[1mreimport[22m | Preparing files to reimport...[39m[0m
[  91% ] [90m[1mreimport[22m | Preparing files to reimport...[39m[0m
[  91% ] [90m[1mreimport[22m | Preparing files to reimport...[39m[0m
[  91% ] [90m[1mreimport[22m | Preparing files to reimport...[39m[0m
[  91% ] [90m[1mreimport[22m | Preparing files to reimport...[39m[0m
[  91% ] [90m[1mreimport[22m | Preparing files to reimport...[39m[0m
[  91% ] [90m[1mreimport[22m | Preparing files to reimport...[39m[0m
[  92% ] [90m[1mreimport[22m | Preparing files to reimport...[39m[0m
[  92% ] [90m[1mreimport[22m | Preparing files to reimport...[39m[0m
[  92% ] [90m[1mreimport[22m | Preparing files to reimport...[39m[0m
[  92% ] [90m[1mreimport[22m | Preparing files to reimport...[39m[0m
[  92% ] [90m[1mreimport[22m | Preparing files to reimport...[39m[0m
[  92% ] [90m[1mreimport[22m | Preparing files to reimport...[39m[0m
[  92% ] [90m[1mreimport[22m | Preparing files to reimport...[39m[0m
[  92% ] [90m[1mreimport[22m | Preparing files to reimport...[39m[0m
[  92% ] [90m[1mreimport[22m | Preparing files to reimport...[39m[0m
[  92% ] [90m[1mreimport[22m | Preparing files to reimport...[39m[0m
[  93% ] [90m[1mreimport[22m | Preparing files to reimport...[39m[0m
[  93% ] [90m[1mreimport[22m | Preparing files to reimport...[39m[0m
[  93% ] [90m[1mreimport[22m | Preparing files to reimport...[39m[0m
[  93% ] [90m[1mreimport[22m | Preparing files to reimport...[39m[0m
[  93% ] [90m[1mreimport[22m | Preparing files to reimport...[39m[0m
[  93% ] [90m[1mreimport[22m | Preparing files to reimport...[39m[0m
[  93% ] [90m[1mreimport[22m | Preparing files to reimport...[39m[0m
[  93% ] [90m[1mreimport[22m | Preparing files to reimport...[39m[0m
[  93% ] [90m[1mreimport[22m | Preparing files to reimport...[39m[0m
[  93% ] [90m[1mreimport[22m | Preparing files to reimport...[39m[0m
[  94% ] [90m[1mreimport[22m | Preparing files to reimport...[39m[0m
[  94% ] [90m[1mreimport[22m | Preparing files to reimport...[39m[0m
[  94% ] [90m[1mreimport[22m | Preparing files to reimport...[39m[0m
[  94% ] [90m[1mreimport[22m | Preparing files to reimport...[39m[0m
[  94% ] [90m[1mreimport[22m | Preparing files to reimport...[39m[0m
[  94% ] [90m[1mreimport[22m | Preparing files to reimport...[39m[0m
[  94% ] [90m[1mreimport[22m | Preparing files to reimport...[39m[0m
[  94% ] [90m[1mreimport[22m | Preparing files to reimport...[39m[0m
[  94% ] [90m[1mreimport[22m | Preparing files to reimport...[39m[0m
[  94% ] [90m[1mreimport[22m | Preparing files to reimport...[39m[0m
[  95% ] [90m[1mreimport[22m | Preparing files to reimport...[39m[0m
[  95% ] [90m[1mreimport[22m | Preparing files to reimport...[39m[0m
[  95% ] [90m[1mreimport[22m | Preparing files to reimport...[39m[0m
[  95% ] [90m[1mreimport[22m | Preparing files to reimport...[39m[0m
[  95% ] [90m[1mreimport[22m | Preparing files to reimport...[39m[0m
[  95% ] [90m[1mreimport[22m | Preparing files to reimport...[39m[0m
[  95% ] [90m[1mreimport[22m | Preparing files to reimport...[39m[0m
[  95% ] [90m[1mreimport[22m | Preparing files to reimport...[39m[0m
[  95% ] [90m[1mreimport[22m | Preparing files to reimport...[39m[0m
[  95% ] [90m[1mreimport[22m | Preparing files to reimport...[39m[0m
[  96% ] [90m[1mreimport[22m | Preparing files to reimport...[39m[0m
[  96% ] [90m[1mreimport[22m | Preparing files to reimport...[39m[0m
[  96% ] [90m[1mreimport[22m | Preparing files to reimport...[39m[0m
[  96% ] [90m[1mreimport[22m | Preparing files to reimport...[39m[0m
[  96% ] [90m[1mreimport[22m | Preparing files to reimport...[39m[0m
[  96% ] [90m[1mreimport[22m | Preparing files to reimport...[39m[0m
[  96% ] [90m[1mreimport[22m | Preparing files to reimport...[39m[0m
[  96% ] [90m[1mreimport[22m | Preparing files to reimport...[39m[0m
[  96% ] [90m[1mreimport[22m | Preparing files to reimport...[39m[0m
[  96% ] [90m[1mreimport[22m | Preparing files to reimport...[39m[0m
[  97% ] [90m[1mreimport[22m | Preparing files to reimport...[39m[0m
[  97% ] [90m[1mreimport[22m | Preparing files to reimport...[39m[0m
[  97% ] [90m[1mreimport[22m | Preparing files to reimport...[39m[0m
[  97% ] [90m[1mreimport[22m | Preparing files to reimport...[39m[0m
[  97% ] [90m[1mreimport[22m | Preparing files to reimport...[39m[0m
[  97% ] [90m[1mreimport[22m | Preparing files to reimport...[39m[0m
[  97% ] [90m[1mreimport[22m | Preparing files to reimport...[39m[0m
[  97% ] [90m[1mreimport[22m | Preparing files to reimport...[39m[0m
[  97% ] [90m[1mreimport[22m | Preparing files to reimport...[39m[0m
[  97% ] [90m[1mreimport[22m | Preparing files to reimport...[39m[0m
[  98% ] [90m[1mreimport[22m | Preparing files to reimport...[39m[0m
[  98% ] [90m[1mreimport[22m | Preparing files to reimport...[39m[0m
[  98% ] [90m[1mreimport[22m | Preparing files to reimport...[39m[0m
[  98% ] [90m[1mreimport[22m | Preparing files to reimport...[39m[0m
[  98% ] [90m[1mreimport[22m | Preparing files to reimport...[39m[0m
[  98% ] [90m[1mreimport[22m | Preparing files to reimport...[39m[0m
[  98% ] [90m[1mreimport[22m | Preparing files to reimport...[39m[0m
[  98% ] [90m[1mreimport[22m | Preparing files to reimport...[39m[0m
[  98% ] [90m[1mreimport[22m | Preparing files to reimport...[39m[0m
[  98% ] [90m[1mreimport[22m | Preparing files to reimport...[39m[0m
[  99% ] [90m[1mreimport[22m | Preparing files to reimport...[39m[0m
[  99% ] [90m[1mreimport[22m | Preparing files to reimport...[39m[0m
[  99% ] [90m[1mreimport[22m | Preparing files to reimport...[39m[0m
[  99% ] [90m[1mreimport[22m | Preparing files to reimport...[39m[0m
[  99% ] [90m[1mreimport[22m | Preparing files to reimport...[39m[0m
[  99% ] [90m[1mreimport[22m | Preparing files to reimport...[39m[0m
[  99% ] [90m[1mreimport[22m | Preparing files to reimport...[39m[0m
[  99% ] [90m[1mreimport[22m | Preparing files to reimport...[39m[0m
[  99% ] [90m[1mreimport[22m | Preparing files to reimport...[39m[0m
[   0% ] [90m[1mreimport[22m | Executing pre-reimport operations...[39m[0m
[   0% ] [90m[1mpreload_reimporting_scene[22m | Started Preparing scenes for reload (1 steps)[39m[0m
[   0% ] [90m[1mpreload_reimporting_scene[22m | Analyzing scene [empty][39m[0m
[  50% ] [90m[1mpreload_reimporting_scene[22m | Preparation done.[39m[0m
[92m[ DONE ][39m [1mpreload_reimporting_scene[22m
[0m
[   0% ] [90m[1mreimport[22m | Ceiling_type_B_030.glb[39m[0m
[   0% ] [90m[1mimport[22m | Started Import Scene (104 steps)[39m[0m
[   0% ] [90m[1mimport[22m | Importing Scene...[39m[0m
[   1% ] [90m[1mimport[22m | Running Custom Script...[39m[0m
[  99% ] [90m[1mimport[22m | Saving...[39m[0m
[92m[ DONE ][39m [1mimport[22m
[0m
[   0% ] [90m[1mreimport[22m | Ceiling_type_B_031.glb[39m[0m
[   0% ] [90m[1mimport[22m | Started Import Scene (104 steps)[39m[0m
[   0% ] [90m[1mimport[22m | Importing Scene...[39m[0m
[   1% ] [90m[1mimport[22m | Running Custom Script...[39m[0m
[  99% ] [90m[1mimport[22m | Saving...[39m[0m
[92m[ DONE ][39m [1mimport[22m
[0m
[   0% ] [90m[1mreimport[22m | Ceiling_type_B_032.glb[39m[0m
[   0% ] [90m[1mimport[22m | Started Import Scene (104 steps)[39m[0m
[   0% ] [90m[1mimport[22m | Importing Scene...[39m[0m
[   1% ] [90m[1mimport[22m | Running Custom Script...[39m[0m
[  99% ] [90m[1mimport[22m | Saving...[39m[0m
[92m[ DONE ][39m [1mimport[22m
[0m
[   0% ] [90m[1mreimport[22m | Ceiling_type_B_033.glb[39m[0m
[   0% ] [90m[1mimport[22m | Started Import Scene (104 steps)[39m[0m
[   0% ] [90m[1mimport[22m | Importing Scene...[39m[0m
[   1% ] [90m[1mimport[22m | Running Custom Script...[39m[0m
[  99% ] [90m[1mimport[22m | Saving...[39m[0m
[92m[ DONE ][39m [1mimport[22m
[0m
[   0% ] [90m[1mreimport[22m | Ceiling_type_B_034.glb[39m[0m
[   0% ] [90m[1mimport[22m | Started Import Scene (104 steps)[39m[0m
[   0% ] [90m[1mimport[22m | Importing Scene...[39m[0m
[   1% ] [90m[1mimport[22m | Running Custom Script...[39m[0m
[  99% ] [90m[1mimport[22m | Saving...[39m[0m
[92m[ DONE ][39m [1mimport[22m
[0m
[   0% ] [90m[1mreimport[22m | Ceiling_type_B_034_002.glb[39m[0m
[   0% ] [90m[1mimport[22m | Started Import Scene (104 steps)[39m[0m
[   0% ] [90m[1mimport[22m | Importing Scene...[39m[0m
[   1% ] [90m[1mimport[22m | Running Custom Script...[39m[0m
[  99% ] [90m[1mimport[22m | Saving...[39m[0m
[92m[ DONE ][39m [1mimport[22m
[0m
[   0% ] [90m[1mreimport[22m | Ceiling_type_B_034_003.glb[39m[0m
[   0% ] [90m[1mimport[22m | Started Import Scene (104 steps)[39m[0m
[   0% ] [90m[1mimport[22m | Importing Scene...[39m[0m
[   1% ] [90m[1mimport[22m | Running Custom Script...[39m[0m
[  99% ] [90m[1mimport[22m | Saving...[39m[0m
[92m[ DONE ][39m [1mimport[22m
[0m
[   0% ] [90m[1mreimport[22m | Ceiling_type_B_034_004.glb[39m[0m
[   0% ] [90m[1mimport[22m | Started Import Scene (104 steps)[39m[0m
[   0% ] [90m[1mimport[22m | Importing Scene...[39m[0m
[   1% ] [90m[1mimport[22m | Running Custom Script...[39m[0m
[  99% ] [90m[1mimport[22m | Saving...[39m[0m
[92m[ DONE ][39m [1mimport[22m
[0m
[   0% ] [90m[1mreimport[22m | Ceiling_type_B_035.glb[39m[0m
[   0% ] [90m[1mimport[22m | Started Import Scene (104 steps)[39m[0m
[   0% ] [90m[1mimport[22m | Importing Scene...[39m[0m
[   1% ] [90m[1mimport[22m | Running Custom Script...[39m[0m
[  99% ] [90m[1mimport[22m | Saving...[39m[0m
[92m[ DONE ][39m [1mimport[22m
[0m
[   0% ] [90m[1mreimport[22m | Ceiling_type_B_036.glb[39m[0m
[   0% ] [90m[1mimport[22m | Started Import Scene (104 steps)[39m[0m
[   0% ] [90m[1mimport[22m | Importing Scene...[39m[0m
[   1% ] [90m[1mimport[22m | Running Custom Script...[39m[0m
[  99% ] [90m[1mimport[22m | Saving...[39m[0m
[92m[ DONE ][39m [1mimport[22m
[0m
[   0% ] [90m[1mreimport[22m | Ceiling_type_B_037.glb[39m[0m
[   0% ] [90m[1mimport[22m | Started Import Scene (104 steps)[39m[0m
[   0% ] [90m[1mimport[22m | Importing Scene...[39m[0m
[   1% ] [90m[1mimport[22m | Running Custom Script...[39m[0m
[  99% ] [90m[1mimport[22m | Saving...[39m[0m
[92m[ DONE ][39m [1mimport[22m
[0m
[   1% ] [90m[1mreimport[22m | Ceiling_type_B_038.glb[39m[0m
[   0% ] [90m[1mimport[22m | Started Import Scene (104 steps)[39m[0m
[   0% ] [90m[1mimport[22m | Importing Scene...[39m[0m
[   1% ] [90m[1mimport[22m | Running Custom Script...[39m[0m
[  99% ] [90m[1mimport[22m | Saving...[39m[0m
[92m[ DONE ][39m [1mimport[22m
[0m
[   1% ] [90m[1mreimport[22m | Ceiling_type_B_039.glb[39m[0m
[   0% ] [90m[1mimport[22m | Started Import Scene (104 steps)[39m[0m
[   0% ] [90m[1mimport[22m | Importing Scene...[39m[0m
[   1% ] [90m[1mimport[22m | Running Custom Script...[39m[0m
[  99% ] [90m[1mimport[22m | Saving...[39m[0m
[92m[ DONE ][39m [1mimport[22m
[0m
[   1% ] [90m[1mreimport[22m | Ceiling_type_B_041.glb[39m[0m
[   0% ] [90m[1mimport[22m | Started Import Scene (104 steps)[39m[0m
[   0% ] [90m[1mimport[22m | Importing Scene...[39m[0m
[   1% ] [90m[1mimport[22m | Running Custom Script...[39m[0m
[  99% ] [90m[1mimport[22m | Saving...[39m[0m
[92m[ DONE ][39m [1mimport[22m
[0m
[   1% ] [90m[1mreimport[22m | Ceiling_type_B_042.glb[39m[0m
[   0% ] [90m[1mimport[22m | Started Import Scene (104 steps)[39m[0m
[   0% ] [90m[1mimport[22m | Importing Scene...[39m[0m
[   1% ] [90m[1mimport[22m | Running Custom Script...[39m[0m
[  99% ] [90m[1mimport[22m | Saving...[39m[0m
[92m[ DONE ][39m [1mimport[22m
[0m
[   1% ] [90m[1mreimport[22m | Ceiling_type_B_043.glb[39m[0m
[   0% ] [90m[1mimport[22m | Started Import Scene (104 steps)[39m[0m
[   0% ] [90m[1mimport[22m | Importing Scene...[39m[0m
[   1% ] [90m[1mimport[22m | Running Custom Script...[39m[0m
[  99% ] [90m[1mimport[22m | Saving...[39m[0m
[92m[ DONE ][39m [1mimport[22m
[0m
[   1% ] [90m[1mreimport[22m | Ceiling_type_B_044.glb[39m[0m
[   0% ] [90m[1mimport[22m | Started Import Scene (104 steps)[39m[0m
[   0% ] [90m[1mimport[22m | Importing Scene...[39m[0m
[   1% ] [90m[1mimport[22m | Running Custom Script...[39m[0m
[  99% ] [90m[1mimport[22m | Saving...[39m[0m
[92m[ DONE ][39m [1mimport[22m
[0m
[   1% ] [90m[1mreimport[22m | Ceiling_type_B_045.glb[39m[0m
[   0% ] [90m[1mimport[22m | Started Import Scene (104 steps)[39m[0m
[   0% ] [90m[1mimport[22m | Importing Scene...[39m[0m
[   1% ] [90m[1mimport[22m | Running Custom Script...[39m[0m
[  99% ] [90m[1mimport[22m | Saving...[39m[0m
[92m[ DONE ][39m [1mimport[22m
[0m
[   1% ] [90m[1mreimport[22m | Ceiling_type_B_046.glb[39m[0m
[   0% ] [90m[1mimport[22m | Started Import Scene (104 steps)[39m[0m
[   0% ] [90m[1mimport[22m | Importing Scene...[39m[0m
[   1% ] [90m[1mimport[22m | Running Custom Script...[39m[0m
[  99% ] [90m[1mimport[22m | Saving...[39m[0m
[92m[ DONE ][39m [1mimport[22m
[0m
[   1% ] [90m[1mreimport[22m | Ceiling_type_B_047.glb[39m[0m
[   0% ] [90m[1mimport[22m | Started Import Scene (104 steps)[39m[0m
[   0% ] [90m[1mimport[22m | Importing Scene...[39m[0m
[   1% ] [90m[1mimport[22m | Running Custom Script...[39m[0m
[  99% ] [90m[1mimport[22m | Saving...[39m[0m
[92m[ DONE ][39m [1mimport[22m
[0m
[   1% ] [90m[1mreimport[22m | Ceiling_type_B_048.glb[39m[0m
[   0% ] [90m[1mimport[22m | Started Import Scene (104 steps)[39m[0m
[   0% ] [90m[1mimport[22m | Importing Scene...[39m[0m
[   1% ] [90m[1mimport[22m | Running Custom Script...[39m[0m
[  99% ] [90m[1mimport[22m | Saving...[39m[0m
[92m[ DONE ][39m [1mimport[22m
[0m
[   2% ] [90m[1mreimport[22m | Ceiling_type_B_049.glb[39m[0m
[   0% ] [90m[1mimport[22m | Started Import Scene (104 steps)[39m[0m
[   0% ] [90m[1mimport[22m | Importing Scene...[39m[0m
[   1% ] [90m[1mimport[22m | Running Custom Script...[39m[0m
[  99% ] [90m[1mimport[22m | Saving...[39m[0m
[92m[ DONE ][39m [1mimport[22m
[0m
[   2% ] [90m[1mreimport[22m | Ceiling_type_B_050.glb[39m[0m
[   0% ] [90m[1mimport[22m | Started Import Scene (104 steps)[39m[0m
[   0% ] [90m[1mimport[22m | Importing Scene...[39m[0m
[   1% ] [90m[1mimport[22m | Running Custom Script...[39m[0m
[  99% ] [90m[1mimport[22m | Saving...[39m[0m
[92m[ DONE ][39m [1mimport[22m
[0m
[   2% ] [90m[1mreimport[22m | Ceiling_type_B_051.glb[39m[0m
[   0% ] [90m[1mimport[22m | Started Import Scene (104 steps)[39m[0m
[   0% ] [90m[1mimport[22m | Importing Scene...[39m[0m
[   1% ] [90m[1mimport[22m | Running Custom Script...[39m[0m
[  99% ] [90m[1mimport[22m | Saving...[39m[0m
[92m[ DONE ][39m [1mimport[22m
[0m
[   2% ] [90m[1mreimport[22m | Ceiling_type_B_052.glb[39m[0m
[   0% ] [90m[1mimport[22m | Started Import Scene (104 steps)[39m[0m
[   0% ] [90m[1mimport[22m | Importing Scene...[39m[0m
[   1% ] [90m[1mimport[22m | Running Custom Script...[39m[0m
[  99% ] [90m[1mimport[22m | Saving...[39m[0m
[92m[ DONE ][39m [1mimport[22m
[0m
[   2% ] [90m[1mreimport[22m | Ceiling_type_B_052_007.glb[39m[0m
[   0% ] [90m[1mimport[22m | Started Import Scene (104 steps)[39m[0m
[   0% ] [90m[1mimport[22m | Importing Scene...[39m[0m
[   1% ] [90m[1mimport[22m | Running Custom Script...[39m[0m
[  99% ] [90m[1mimport[22m | Saving...[39m[0m
[92m[ DONE ][39m [1mimport[22m
[0m
[   2% ] [90m[1mreimport[22m | Ceiling_type_B_052_011.glb[39m[0m
[   0% ] [90m[1mimport[22m | Started Import Scene (104 steps)[39m[0m
[   0% ] [90m[1mimport[22m | Importing Scene...[39m[0m
[   1% ] [90m[1mimport[22m | Running Custom Script...[39m[0m
[  99% ] [90m[1mimport[22m | Saving...[39m[0m
[92m[ DONE ][39m [1mimport[22m
[0m
[   2% ] [90m[1mreimport[22m | Ceiling_type_B_052_012.glb[39m[0m
[   0% ] [90m[1mimport[22m | Started Import Scene (104 steps)[39m[0m
[   0% ] [90m[1mimport[22m | Importing Scene...[39m[0m
[   1% ] [90m[1mimport[22m | Running Custom Script...[39m[0m
[  99% ] [90m[1mimport[22m | Saving...[39m[0m
[92m[ DONE ][39m [1mimport[22m
[0m
[   2% ] [90m[1mreimport[22m | Ceiling_type_B_053.glb[39m[0m
[   0% ] [90m[1mimport[22m | Started Import Scene (104 steps)[39m[0m
[   0% ] [90m[1mimport[22m | Importing Scene...[39m[0m
[   1% ] [90m[1mimport[22m | Running Custom Script...[39m[0m
[  99% ] [90m[1mimport[22m | Saving...[39m[0m
[92m[ DONE ][39m [1mimport[22m
[0m
[   2% ] [90m[1mreimport[22m | Ceiling_type_B_055.glb[39m[0m
[   0% ] [90m[1mimport[22m | Started Import Scene (104 steps)[39m[0m
[   0% ] [90m[1mimport[22m | Importing Scene...[39m[0m
[   1% ] [90m[1mimport[22m | Running Custom Script...[39m[0m
[  99% ] [90m[1mimport[22m | Saving...[39m[0m
[92m[ DONE ][39m [1mimport[22m
[0m
[   2% ] [90m[1mreimport[22m | Ceiling_type_C_001.glb[39m[0m
[   0% ] [90m[1mimport[22m | Started Import Scene (104 steps)[39m[0m
[   0% ] [90m[1mimport[22m | Importing Scene...[39m[0m
[   1% ] [90m[1mimport[22m | Running Custom Script...[39m[0m
[  99% ] [90m[1mimport[22m | Saving...[39m[0m
[92m[ DONE ][39m [1mimport[22m
[0m
[   3% ] [90m[1mreimport[22m | Ceiling_type_B_005.glb[39m[0m
[   0% ] [90m[1mimport[22m | Started Import Scene (104 steps)[39m[0m
[   0% ] [90m[1mimport[22m | Importing Scene...[39m[0m
[   1% ] [90m[1mimport[22m | Running Custom Script...[39m[0m
[  99% ] [90m[1mimport[22m | Saving...[39m[0m
[92m[ DONE ][39m [1mimport[22m
[0m
[   3% ] [90m[1mreimport[22m | Ceiling_type_B_006.glb[39m[0m
[   0% ] [90m[1mimport[22m | Started Import Scene (104 steps)[39m[0m
[   0% ] [90m[1mimport[22m | Importing Scene...[39m[0m
[   1% ] [90m[1mimport[22m | Running Custom Script...[39m[0m
[  99% ] [90m[1mimport[22m | Saving...[39m[0m
[92m[ DONE ][39m [1mimport[22m
[0m
[   3% ] [90m[1mreimport[22m | Ceiling_type_B_007.glb[39m[0m
[   0% ] [90m[1mimport[22m | Started Import Scene (104 steps)[39m[0m
[   0% ] [90m[1mimport[22m | Importing Scene...[39m[0m
[   1% ] [90m[1mimport[22m | Running Custom Script...[39m[0m
[  99% ] [90m[1mimport[22m | Saving...[39m[0m
[92m[ DONE ][39m [1mimport[22m
[0m
[   3% ] [90m[1mreimport[22m | Ceiling_type_B_008.glb[39m[0m
[   0% ] [90m[1mimport[22m | Started Import Scene (104 steps)[39m[0m
[   0% ] [90m[1mimport[22m | Importing Scene...[39m[0m
[   1% ] [90m[1mimport[22m | Running Custom Script...[39m[0m
[  99% ] [90m[1mimport[22m | Saving...[39m[0m
[92m[ DONE ][39m [1mimport[22m
[0m
[   3% ] [90m[1mreimport[22m | Ceiling_type_B_008_002.glb[39m[0m
[   0% ] [90m[1mimport[22m | Started Import Scene (104 steps)[39m[0m
[   0% ] [90m[1mimport[22m | Importing Scene...[39m[0m
[   1% ] [90m[1mimport[22m | Running Custom Script...[39m[0m
[  99% ] [90m[1mimport[22m | Saving...[39m[0m
[92m[ DONE ][39m [1mimport[22m
[0m
[   3% ] [90m[1mreimport[22m | Ceiling_type_B_008_011.glb[39m[0m
[   0% ] [90m[1mimport[22m | Started Import Scene (104 steps)[39m[0m
[   0% ] [90m[1mimport[22m | Importing Scene...[39m[0m
[   1% ] [90m[1mimport[22m | Running Custom Script...[39m[0m
[  99% ] [90m[1mimport[22m | Saving...[39m[0m
[92m[ DONE ][39m [1mimport[22m
[0m
[   3% ] [90m[1mreimport[22m | Ceiling_type_B_008_012.glb[39m[0m
[   0% ] [90m[1mimport[22m | Started Import Scene (104 steps)[39m[0m
[   0% ] [90m[1mimport[22m | Importing Scene...[39m[0m
[   1% ] [90m[1mimport[22m | Running Custom Script...[39m[0m
[  99% ] [90m[1mimport[22m | Saving...[39m[0m
[92m[ DONE ][39m [1mimport[22m
[0m
[   3% ] [90m[1mreimport[22m | Ceiling_type_B_009.glb[39m[0m
[   0% ] [90m[1mimport[22m | Started Import Scene (104 steps)[39m[0m
[   0% ] [90m[1mimport[22m | Importing Scene...[39m[0m
[   1% ] [90m[1mimport[22m | Running Custom Script...[39m[0m
[  99% ] [90m[1mimport[22m | Saving...[39m[0m
[92m[ DONE ][39m [1mimport[22m
[0m
[   3% ] [90m[1mreimport[22m | Ceiling_type_B_011.glb[39m[0m
[   0% ] [90m[1mimport[22m | Started Import Scene (104 steps)[39m[0m
[   0% ] [90m[1mimport[22m | Importing Scene...[39m[0m
[   1% ] [90m[1mimport[22m | Running Custom Script...[39m[0m
[  99% ] [90m[1mimport[22m | Saving...[39m[0m
[92m[ DONE ][39m [1mimport[22m
[0m
[   3% ] [90m[1mreimport[22m | Ceiling_type_B_011_002.glb[39m[0m
[   0% ] [90m[1mimport[22m | Started Import Scene (104 steps)[39m[0m
[   0% ] [90m[1mimport[22m | Importing Scene...[39m[0m
[   1% ] [90m[1mimport[22m | Running Custom Script...[39m[0m
[  99% ] [90m[1mimport[22m | Saving...[39m[0m
[92m[ DONE ][39m [1mimport[22m
[0m
[   4% ] [90m[1mreimport[22m | Ceiling_type_B_011_004.glb[39m[0m
[   0% ] [90m[1mimport[22m | Started Import Scene (104 steps)[39m[0m
[   0% ] [90m[1mimport[22m | Importing Scene...[39m[0m
[   1% ] [90m[1mimport[22m | Running Custom Script...[39m[0m
[  99% ] [90m[1mimport[22m | Saving...[39m[0m
[92m[ DONE ][39m [1mimport[22m
[0m
[   4% ] [90m[1mreimport[22m | Ceiling_type_B_011_005.glb[39m[0m
[   0% ] [90m[1mimport[22m | Started Import Scene (104 steps)[39m[0m
[   0% ] [90m[1mimport[22m | Importing Scene...[39m[0m
[   1% ] [90m[1mimport[22m | Running Custom Script...[39m[0m
[  99% ] [90m[1mimport[22m | Saving...[39m[0m
[92m[ DONE ][39m [1mimport[22m
[0m
[   4% ] [90m[1mreimport[22m | Ceiling_type_B_012.glb[39m[0m
[   0% ] [90m[1mimport[22m | Started Import Scene (104 steps)[39m[0m
[   0% ] [90m[1mimport[22m | Importing Scene...[39m[0m
[   1% ] [90m[1mimport[22m | Running Custom Script...[39m[0m
[  99% ] [90m[1mimport[22m | Saving...[39m[0m
[92m[ DONE ][39m [1mimport[22m
[0m
[   4% ] [90m[1mreimport[22m | Ceiling_type_B_013.glb[39m[0m
[   0% ] [90m[1mimport[22m | Started Import Scene (104 steps)[39m[0m
[   0% ] [90m[1mimport[22m | Importing Scene...[39m[0m
[   1% ] [90m[1mimport[22m | Running Custom Script...[39m[0m
[  99% ] [90m[1mimport[22m | Saving...[39m[0m
[92m[ DONE ][39m [1mimport[22m
[0m
[   4% ] [90m[1mreimport[22m | Ceiling_type_B_014.glb[39m[0m
[   0% ] [90m[1mimport[22m | Started Import Scene (104 steps)[39m[0m
[   0% ] [90m[1mimport[22m | Importing Scene...[39m[0m
[   1% ] [90m[1mimport[22m | Running Custom Script...[39m[0m
[  99% ] [90m[1mimport[22m | Saving...[39m[0m
[92m[ DONE ][39m [1mimport[22m
[0m
[   4% ] [90m[1mreimport[22m | Ceiling_type_B_015.glb[39m[0m
[   0% ] [90m[1mimport[22m | Started Import Scene (104 steps)[39m[0m
[   0% ] [90m[1mimport[22m | Importing Scene...[39m[0m
[   1% ] [90m[1mimport[22m | Running Custom Script...[39m[0m
[  99% ] [90m[1mimport[22m | Saving...[39m[0m
[92m[ DONE ][39m [1mimport[22m
[0m
[   4% ] [90m[1mreimport[22m | Ceiling_type_B_016.glb[39m[0m
[   0% ] [90m[1mimport[22m | Started Import Scene (104 steps)[39m[0m
[   0% ] [90m[1mimport[22m | Importing Scene...[39m[0m
[   1% ] [90m[1mimport[22m | Running Custom Script...[39m[0m
[  99% ] [90m[1mimport[22m | Saving...[39m[0m
[92m[ DONE ][39m [1mimport[22m
[0m
[   4% ] [90m[1mreimport[22m | Ceiling_type_B_017.glb[39m[0m
[   0% ] [90m[1mimport[22m | Started Import Scene (104 steps)[39m[0m
[   0% ] [90m[1mimport[22m | Importing Scene...[39m[0m
[   1% ] [90m[1mimport[22m | Running Custom Script...[39m[0m
[  99% ] [90m[1mimport[22m | Saving...[39m[0m
[92m[ DONE ][39m [1mimport[22m
[0m
[   4% ] [90m[1mreimport[22m | Ceiling_type_B_019.glb[39m[0m
[   0% ] [90m[1mimport[22m | Started Import Scene (104 steps)[39m[0m
[   0% ] [90m[1mimport[22m | Importing Scene...[39m[0m
[   1% ] [90m[1mimport[22m | Running Custom Script...[39m[0m
[  99% ] [90m[1mimport[22m | Saving...[39m[0m
[92m[ DONE ][39m [1mimport[22m
[0m
[   4% ] [90m[1mreimport[22m | Ceiling_type_B_020.glb[39m[0m
[   0% ] [90m[1mimport[22m | Started Import Scene (104 steps)[39m[0m
[   0% ] [90m[1mimport[22m | Importing Scene...[39m[0m
[   1% ] [90m[1mimport[22m | Running Custom Script...[39m[0m
[  99% ] [90m[1mimport[22m | Saving...[39m[0m
[92m[ DONE ][39m [1mimport[22m
[0m
[   5% ] [90m[1mreimport[22m | Ceiling_type_B_021.glb[39m[0m
[   0% ] [90m[1mimport[22m | Started Import Scene (104 steps)[39m[0m
[   0% ] [90m[1mimport[22m | Importing Scene...[39m[0m
[   1% ] [90m[1mimport[22m | Running Custom Script...[39m[0m
[  99% ] [90m[1mimport[22m | Saving...[39m[0m
[92m[ DONE ][39m [1mimport[22m
[0m
[   5% ] [90m[1mreimport[22m | Ceiling_type_B_022.glb[39m[0m
[   0% ] [90m[1mimport[22m | Started Import Scene (104 steps)[39m[0m
[   0% ] [90m[1mimport[22m | Importing Scene...[39m[0m
[   1% ] [90m[1mimport[22m | Running Custom Script...[39m[0m
[  99% ] [90m[1mimport[22m | Saving...[39m[0m
[92m[ DONE ][39m [1mimport[22m
[0m
[   5% ] [90m[1mreimport[22m | Ceiling_type_B_023.glb[39m[0m
[   0% ] [90m[1mimport[22m | Started Import Scene (104 steps)[39m[0m
[   0% ] [90m[1mimport[22m | Importing Scene...[39m[0m
[   1% ] [90m[1mimport[22m | Running Custom Script...[39m[0m
[  99% ] [90m[1mimport[22m | Saving...[39m[0m
[92m[ DONE ][39m [1mimport[22m
[0m
[   5% ] [90m[1mreimport[22m | Ceiling_type_B_024.glb[39m[0m
[   0% ] [90m[1mimport[22m | Started Import Scene (104 steps)[39m[0m
[   0% ] [90m[1mimport[22m | Importing Scene...[39m[0m
[   1% ] [90m[1mimport[22m | Running Custom Script...[39m[0m
[  99% ] [90m[1mimport[22m | Saving...[39m[0m
[92m[ DONE ][39m [1mimport[22m
[0m
[   5% ] [90m[1mreimport[22m | Ceiling_type_B_025.glb[39m[0m
[   0% ] [90m[1mimport[22m | Started Import Scene (104 steps)[39m[0m
[   0% ] [90m[1mimport[22m | Importing Scene...[39m[0m
[   1% ] [90m[1mimport[22m | Running Custom Script...[39m[0m
[  99% ] [90m[1mimport[22m | Saving...[39m[0m
[92m[ DONE ][39m [1mimport[22m
[0m
[   5% ] [90m[1mreimport[22m | Ceiling_type_B_026.glb[39m[0m
[   0% ] [90m[1mimport[22m | Started Import Scene (104 steps)[39m[0m
[   0% ] [90m[1mimport[22m | Importing Scene...[39m[0m
[   1% ] [90m[1mimport[22m | Running Custom Script...[39m[0m
[  99% ] [90m[1mimport[22m | Saving...[39m[0m
[92m[ DONE ][39m [1mimport[22m
[0m
[   5% ] [90m[1mreimport[22m | Ceiling_type_B_026_002.glb[39m[0m
[   0% ] [90m[1mimport[22m | Started Import Scene (104 steps)[39m[0m
[   0% ] [90m[1mimport[22m | Importing Scene...[39m[0m
[   1% ] [90m[1mimport[22m | Running Custom Script...[39m[0m
[  99% ] [90m[1mimport[22m | Saving...[39m[0m
[92m[ DONE ][39m [1mimport[22m
[0m
[   5% ] [90m[1mreimport[22m | Ceiling_type_B_026_003.glb[39m[0m
[   0% ] [90m[1mimport[22m | Started Import Scene (104 steps)[39m[0m
[   0% ] [90m[1mimport[22m | Importing Scene...[39m[0m
[   1% ] [90m[1mimport[22m | Running Custom Script...[39m[0m
[  99% ] [90m[1mimport[22m | Saving...[39m[0m
[92m[ DONE ][39m [1mimport[22m
[0m
[   5% ] [90m[1mreimport[22m | Ceiling_type_B_026_004.glb[39m[0m
[   0% ] [90m[1mimport[22m | Started Import Scene (104 steps)[39m[0m
[   0% ] [90m[1mimport[22m | Importing Scene...[39m[0m
[   1% ] [90m[1mimport[22m | Running Custom Script...[39m[0m
[  99% ] [90m[1mimport[22m | Saving...[39m[0m
[92m[ DONE ][39m [1mimport[22m
[0m
[   5% ] [90m[1mreimport[22m | Ceiling_type_B_027.glb[39m[0m
[   0% ] [90m[1mimport[22m | Started Import Scene (104 steps)[39m[0m
[   0% ] [90m[1mimport[22m | Importing Scene...[39m[0m
[   1% ] [90m[1mimport[22m | Running Custom Script...[39m[0m
[  99% ] [90m[1mimport[22m | Saving...[39m[0m
[92m[ DONE ][39m [1mimport[22m
[0m
[   6% ] [90m[1mreimport[22m | Ceiling_type_B_028.glb[39m[0m
[   0% ] [90m[1mimport[22m | Started Import Scene (104 steps)[39m[0m
[   0% ] [90m[1mimport[22m | Importing Scene...[39m[0m
[   1% ] [90m[1mimport[22m | Running Custom Script...[39m[0m
[  99% ] [90m[1mimport[22m | Saving...[39m[0m
[92m[ DONE ][39m [1mimport[22m
[0m
[   6% ] [90m[1mreimport[22m | Ceiling_type_C_027.glb[39m[0m
[   0% ] [90m[1mimport[22m | Started Import Scene (104 steps)[39m[0m
[   0% ] [90m[1mimport[22m | Importing Scene...[39m[0m
[   1% ] [90m[1mimport[22m | Running Custom Script...[39m[0m
[  99% ] [90m[1mimport[22m | Saving...[39m[0m
[92m[ DONE ][39m [1mimport[22m
[0m
[   6% ] [90m[1mreimport[22m | Ceiling_type_C_028.glb[39m[0m
[   0% ] [90m[1mimport[22m | Started Import Scene (104 steps)[39m[0m
[   0% ] [90m[1mimport[22m | Importing Scene...[39m[0m
[   1% ] [90m[1mimport[22m | Running Custom Script...[39m[0m
[  99% ] [90m[1mimport[22m | Saving...[39m[0m
[92m[ DONE ][39m [1mimport[22m
[0m
[   6% ] [90m[1mreimport[22m | Ceiling_type_C_030.glb[39m[0m
[   0% ] [90m[1mimport[22m | Started Import Scene (104 steps)[39m[0m
[   0% ] [90m[1mimport[22m | Importing Scene...[39m[0m
[   1% ] [90m[1mimport[22m | Running Custom Script...[39m[0m
[  99% ] [90m[1mimport[22m | Saving...[39m[0m
[92m[ DONE ][39m [1mimport[22m
[0m
[   6% ] [90m[1mreimport[22m | Ceiling_type_C_031.glb[39m[0m
[   0% ] [90m[1mimport[22m | Started Import Scene (104 steps)[39m[0m
[   0% ] [90m[1mimport[22m | Importing Scene...[39m[0m
[   1% ] [90m[1mimport[22m | Running Custom Script...[39m[0m
[  99% ] [90m[1mimport[22m | Saving...[39m[0m
[92m[ DONE ][39m [1mimport[22m
[0m
[   6% ] [90m[1mreimport[22m | Ceiling_type_C_032.glb[39m[0m
[   0% ] [90m[1mimport[22m | Started Import Scene (104 steps)[39m[0m
[   0% ] [90m[1mimport[22m | Importing Scene...[39m[0m
[   1% ] [90m[1mimport[22m | Running Custom Script...[39m[0m
[  99% ] [90m[1mimport[22m | Saving...[39m[0m
[92m[ DONE ][39m [1mimport[22m
[0m
[   6% ] [90m[1mreimport[22m | Ceiling_type_C_033.glb[39m[0m
[   0% ] [90m[1mimport[22m | Started Import Scene (104 steps)[39m[0m
[   0% ] [90m[1mimport[22m | Importing Scene...[39m[0m
[   1% ] [90m[1mimport[22m | Running Custom Script...[39m[0m
[  99% ] [90m[1mimport[22m | Saving...[39m[0m
[92m[ DONE ][39m [1mimport[22m
[0m
[   6% ] [90m[1mreimport[22m | Ceiling_type_C_034.glb[39m[0m
[   0% ] [90m[1mimport[22m | Started Import Scene (104 steps)[39m[0m
[   0% ] [90m[1mimport[22m | Importing Scene...[39m[0m
[   1% ] [90m[1mimport[22m | Running Custom Script...[39m[0m
[  99% ] [90m[1mimport[22m | Saving...[39m[0m
[92m[ DONE ][39m [1mimport[22m
[0m
[   6% ] [90m[1mreimport[22m | Ceiling_type_C_034_002.glb[39m[0m
[   0% ] [90m[1mimport[22m | Started Import Scene (104 steps)[39m[0m
[   0% ] [90m[1mimport[22m | Importing Scene...[39m[0m
[   1% ] [90m[1mimport[22m | Running Custom Script...[39m[0m
[  99% ] [90m[1mimport[22m | Saving...[39m[0m
[92m[ DONE ][39m [1mimport[22m
[0m
[   6% ] [90m[1mreimport[22m | Ceiling_type_C_034_003.glb[39m[0m
[   0% ] [90m[1mimport[22m | Started Import Scene (104 steps)[39m[0m
[   0% ] [90m[1mimport[22m | Importing Scene...[39m[0m
[   1% ] [90m[1mimport[22m | Running Custom Script...[39m[0m
[  99% ] [90m[1mimport[22m | Saving...[39m[0m
[92m[ DONE ][39m [1mimport[22m
[0m
[   7% ] [90m[1mreimport[22m | Ceiling_type_C_034_004.glb[39m[0m
[   0% ] [90m[1mimport[22m | Started Import Scene (104 steps)[39m[0m
[   0% ] [90m[1mimport[22m | Importing Scene...[39m[0m
[   1% ] [90m[1mimport[22m | Running Custom Script...[39m[0m
[  99% ] [90m[1mimport[22m | Saving...[39m[0m
[92m[ DONE ][39m [1mimport[22m
[0m
[   7% ] [90m[1mreimport[22m | Ceiling_type_C_035.glb[39m[0m
[   0% ] [90m[1mimport[22m | Started Import Scene (104 steps)[39m[0m
[   0% ] [90m[1mimport[22m | Importing Scene...[39m[0m
[   1% ] [90m[1mimport[22m | Running Custom Script...[39m[0m
[  99% ] [90m[1mimport[22m | Saving...[39m[0m
[92m[ DONE ][39m [1mimport[22m
[0m
[   7% ] [90m[1mreimport[22m | Ceiling_type_C_036.glb[39m[0m
[   0% ] [90m[1mimport[22m | Started Import Scene (104 steps)[39m[0m
[   0% ] [90m[1mimport[22m | Importing Scene...[39m[0m
[   1% ] [90m[1mimport[22m | Running Custom Script...[39m[0m
[  99% ] [90m[1mimport[22m | Saving...[39m[0m
[92m[ DONE ][39m [1mimport[22m
[0m
[   7% ] [90m[1mreimport[22m | Ceiling_type_C_037.glb[39m[0m
[   0% ] [90m[1mimport[22m | Started Import Scene (104 steps)[39m[0m
[   0% ] [90m[1mimport[22m | Importing Scene...[39m[0m
[   1% ] [90m[1mimport[22m | Running Custom Script...[39m[0m
[  99% ] [90m[1mimport[22m | Saving...[39m[0m
[92m[ DONE ][39m [1mimport[22m
[0m
[   7% ] [90m[1mreimport[22m | Ceiling_type_C_038.glb[39m[0m
[   0% ] [90m[1mimport[22m | Started Import Scene (104 steps)[39m[0m
[   0% ] [90m[1mimport[22m | Importing Scene...[39m[0m
[   1% ] [90m[1mimport[22m | Running Custom Script...[39m[0m
[  99% ] [90m[1mimport[22m | Saving...[39m[0m
[92m[ DONE ][39m [1mimport[22m
[0m
[   7% ] [90m[1mreimport[22m | Ceiling_type_C_039.glb[39m[0m
[   0% ] [90m[1mimport[22m | Started Import Scene (104 steps)[39m[0m
[   0% ] [90m[1mimport[22m | Importing Scene...[39m[0m
[   1% ] [90m[1mimport[22m | Running Custom Script...[39m[0m
[  99% ] [90m[1mimport[22m | Saving...[39m[0m
[92m[ DONE ][39m [1mimport[22m
[0m
[   7% ] [90m[1mreimport[22m | Ceiling_type_C_041.glb[39m[0m
[   0% ] [90m[1mimport[22m | Started Import Scene (104 steps)[39m[0m
[   0% ] [90m[1mimport[22m | Importing Scene...[39m[0m
[   1% ] [90m[1mimport[22m | Running Custom Script...[39m[0m
[  99% ] [90m[1mimport[22m | Saving...[39m[0m
[92m[ DONE ][39m [1mimport[22m
[0m
[   7% ] [90m[1mreimport[22m | Ceiling_type_C_042.glb[39m[0m
[   0% ] [90m[1mimport[22m | Started Import Scene (104 steps)[39m[0m
[   0% ] [90m[1mimport[22m | Importing Scene...[39m[0m
[   1% ] [90m[1mimport[22m | Running Custom Script...[39m[0m
[  99% ] [90m[1mimport[22m | Saving...[39m[0m
[92m[ DONE ][39m [1mimport[22m
[0m
[   7% ] [90m[1mreimport[22m | Ceiling_type_C_043.glb[39m[0m
[   0% ] [90m[1mimport[22m | Started Import Scene (104 steps)[39m[0m
[   0% ] [90m[1mimport[22m | Importing Scene...[39m[0m
[   1% ] [90m[1mimport[22m | Running Custom Script...[39m[0m
[  99% ] [90m[1mimport[22m | Saving...[39m[0m
[92m[ DONE ][39m [1mimport[22m
[0m
[   7% ] [90m[1mreimport[22m | Ceiling_type_C_044.glb[39m[0m
[   0% ] [90m[1mimport[22m | Started Import Scene (104 steps)[39m[0m
[   0% ] [90m[1mimport[22m | Importing Scene...[39m[0m
[   1% ] [90m[1mimport[22m | Running Custom Script...[39m[0m
[  99% ] [90m[1mimport[22m | Saving...[39m[0m
[92m[ DONE ][39m [1mimport[22m
[0m
[   8% ] [90m[1mreimport[22m | Ceiling_type_C_045.glb[39m[0m
[   0% ] [90m[1mimport[22m | Started Import Scene (104 steps)[39m[0m
[   0% ] [90m[1mimport[22m | Importing Scene...[39m[0m
[   1% ] [90m[1mimport[22m | Running Custom Script...[39m[0m
[  99% ] [90m[1mimport[22m | Saving...[39m[0m
[92m[ DONE ][39m [1mimport[22m
[0m
[   8% ] [90m[1mreimport[22m | Ceiling_type_C_046.glb[39m[0m
[   0% ] [90m[1mimport[22m | Started Import Scene (104 steps)[39m[0m
[   0% ] [90m[1mimport[22m | Importing Scene...[39m[0m
[   1% ] [90m[1mimport[22m | Running Custom Script...[39m[0m
[  99% ] [90m[1mimport[22m | Saving...[39m[0m
[92m[ DONE ][39m [1mimport[22m
[0m
[   8% ] [90m[1mreimport[22m | Ceiling_type_C_047.glb[39m[0m
[   0% ] [90m[1mimport[22m | Started Import Scene (104 steps)[39m[0m
[   0% ] [90m[1mimport[22m | Importing Scene...[39m[0m
[   1% ] [90m[1mimport[22m | Running Custom Script...[39m[0m
[  99% ] [90m[1mimport[22m | Saving...[39m[0m
[92m[ DONE ][39m [1mimport[22m
[0m
[   8% ] [90m[1mreimport[22m | Ceiling_type_C_048.glb[39m[0m
[   0% ] [90m[1mimport[22m | Started Import Scene (104 steps)[39m[0m
[   0% ] [90m[1mimport[22m | Importing Scene...[39m[0m
[   1% ] [90m[1mimport[22m | Running Custom Script...[39m[0m
[  99% ] [90m[1mimport[22m | Saving...[39m[0m
[92m[ DONE ][39m [1mimport[22m
[0m
[   8% ] [90m[1mreimport[22m | Ceiling_type_C_049.glb[39m[0m
[   0% ] [90m[1mimport[22m | Started Import Scene (104 steps)[39m[0m
[   0% ] [90m[1mimport[22m | Importing Scene...[39m[0m
[   1% ] [90m[1mimport[22m | Running Custom Script...[39m[0m
[  99% ] [90m[1mimport[22m | Saving...[39m[0m
[92m[ DONE ][39m [1mimport[22m
[0m
[   8% ] [90m[1mreimport[22m | Ceiling_type_C_050.glb[39m[0m
[   0% ] [90m[1mimport[22m | Started Import Scene (104 steps)[39m[0m
[   0% ] [90m[1mimport[22m | Importing Scene...[39m[0m
[   1% ] [90m[1mimport[22m | Running Custom Script...[39m[0m
[  99% ] [90m[1mimport[22m | Saving...[39m[0m
[92m[ DONE ][39m [1mimport[22m
[0m
[   8% ] [90m[1mreimport[22m | Ceiling_type_C_051.glb[39m[0m
[   0% ] [90m[1mimport[22m | Started Import Scene (104 steps)[39m[0m
[   0% ] [90m[1mimport[22m | Importing Scene...[39m[0m
[   1% ] [90m[1mimport[22m | Running Custom Script...[39m[0m
[  99% ] [90m[1mimport[22m | Saving...[39m[0m
[92m[ DONE ][39m [1mimport[22m
[0m
[   8% ] [90m[1mreimport[22m | Ceiling_type_C_052.glb[39m[0m
[   0% ] [90m[1mimport[22m | Started Import Scene (104 steps)[39m[0m
[   0% ] [90m[1mimport[22m | Importing Scene...[39m[0m
[   1% ] [90m[1mimport[22m | Running Custom Script...[39m[0m
[  99% ] [90m[1mimport[22m | Saving...[39m[0m
[92m[ DONE ][39m [1mimport[22m
[0m
[   8% ] [90m[1mreimport[22m | Ceiling_type_C_052_002.glb[39m[0m
[   0% ] [90m[1mimport[22m | Started Import Scene (104 steps)[39m[0m
[   0% ] [90m[1mimport[22m | Importing Scene...[39m[0m
[   1% ] [90m[1mimport[22m | Running Custom Script...[39m[0m
[  99% ] [90m[1mimport[22m | Saving...[39m[0m
[92m[ DONE ][39m [1mimport[22m
[0m
[   8% ] [90m[1mreimport[22m | Ceiling_type_C_052_003.glb[39m[0m
[   0% ] [90m[1mimport[22m | Started Import Scene (104 steps)[39m[0m
[   0% ] [90m[1mimport[22m | Importing Scene...[39m[0m
[   1% ] [90m[1mimport[22m | Running Custom Script...[39m[0m
[  99% ] [90m[1mimport[22m | Saving...[39m[0m
[92m[ DONE ][39m [1mimport[22m
[0m
[   9% ] [90m[1mreimport[22m | Ceiling_type_C_052_004.glb[39m[0m
[   0% ] [90m[1mimport[22m | Started Import Scene (104 steps)[39m[0m
[   0% ] [90m[1mimport[22m | Importing Scene...[39m[0m
[   1% ] [90m[1mimport[22m | Running Custom Script...[39m[0m
[  99% ] [90m[1mimport[22m | Saving...[39m[0m
[92m[ DONE ][39m [1mimport[22m
[0m
[   9% ] [90m[1mreimport[22m | Ceiling_type_C_053.glb[39m[0m
[   0% ] [90m[1mimport[22m | Started Import Scene (104 steps)[39m[0m
[   0% ] [90m[1mimport[22m | Importing Scene...[39m[0m
[   1% ] [90m[1mimport[22m | Running Custom Script...[39m[0m
[  99% ] [90m[1mimport[22m | Saving...[39m[0m
[92m[ DONE ][39m [1mimport[22m
[0m
[   9% ] [90m[1mreimport[22m | Ceiling_type_C_002.glb[39m[0m
[   0% ] [90m[1mimport[22m | Started Import Scene (104 steps)[39m[0m
[   0% ] [90m[1mimport[22m | Importing Scene...[39m[0m
[   1% ] [90m[1mimport[22m | Running Custom Script...[39m[0m
[  99% ] [90m[1mimport[22m | Saving...[39m[0m
[92m[ DONE ][39m [1mimport[22m
[0m
[   9% ] [90m[1mreimport[22m | Ceiling_type_C_003.glb[39m[0m
[   0% ] [90m[1mimport[22m | Started Import Scene (104 steps)[39m[0m
[   0% ] [90m[1mimport[22m | Importing Scene...[39m[0m
[   1% ] [90m[1mimport[22m | Running Custom Script...[39m[0m
[  99% ] [90m[1mimport[22m | Saving...[39m[0m
[92m[ DONE ][39m [1mimport[22m
[0m
[   9% ] [90m[1mreimport[22m | Ceiling_type_C_004.glb[39m[0m
[   0% ] [90m[1mimport[22m | Started Import Scene (104 steps)[39m[0m
[   0% ] [90m[1mimport[22m | Importing Scene...[39m[0m
[   1% ] [90m[1mimport[22m | Running Custom Script...[39m[0m
[  99% ] [90m[1mimport[22m | Saving...[39m[0m
[92m[ DONE ][39m [1mimport[22m
[0m
[   9% ] [90m[1mreimport[22m | Ceiling_type_C_005.glb[39m[0m
[   0% ] [90m[1mimport[22m | Started Import Scene (104 steps)[39m[0m
[   0% ] [90m[1mimport[22m | Importing Scene...[39m[0m
[   1% ] [90m[1mimport[22m | Running Custom Script...[39m[0m
[  99% ] [90m[1mimport[22m | Saving...[39m[0m
[92m[ DONE ][39m [1mimport[22m
[0m
[   9% ] [90m[1mreimport[22m | Ceiling_type_C_006.glb[39m[0m
[   0% ] [90m[1mimport[22m | Started Import Scene (104 steps)[39m[0m
[   0% ] [90m[1mimport[22m | Importing Scene...[39m[0m
[   1% ] [90m[1mimport[22m | Running Custom Script...[39m[0m
[  99% ] [90m[1mimport[22m | Saving...[39m[0m
[92m[ DONE ][39m [1mimport[22m
[0m
[   9% ] [90m[1mreimport[22m | Ceiling_type_C_007.glb[39m[0m
[   0% ] [90m[1mimport[22m | Started Import Scene (104 steps)[39m[0m
[   0% ] [90m[1mimport[22m | Importing Scene...[39m[0m
[   1% ] [90m[1mimport[22m | Running Custom Script...[39m[0m
[  99% ] [90m[1mimport[22m | Saving...[39m[0m
[92m[ DONE ][39m [1mimport[22m
[0m
[   9% ] [90m[1mreimport[22m | Ceiling_type_C_008.glb[39m[0m
[   0% ] [90m[1mimport[22m | Started Import Scene (104 steps)[39m[0m
[   0% ] [90m[1mimport[22m | Importing Scene...[39m[0m
[   1% ] [90m[1mimport[22m | Running Custom Script...[39m[0m
[  99% ] [90m[1mimport[22m | Saving...[39m[0m
[92m[ DONE ][39m [1mimport[22m
[0m
[   9% ] [90m[1mreimport[22m | Ceiling_type_C_008_002.glb[39m[0m
[   0% ] [90m[1mimport[22m | Started Import Scene (104 steps)[39m[0m
[   0% ] [90m[1mimport[22m | Importing Scene...[39m[0m
[   1% ] [90m[1mimport[22m | Running Custom Script...[39m[0m
[  99% ] [90m[1mimport[22m | Saving...[39m[0m
[92m[ DONE ][39m [1mimport[22m
[0m
[  10% ] [90m[1mreimport[22m | Ceiling_type_C_008_003.glb[39m[0m
[   0% ] [90m[1mimport[22m | Started Import Scene (104 steps)[39m[0m
[   0% ] [90m[1mimport[22m | Importing Scene...[39m[0m
[   1% ] [90m[1mimport[22m | Running Custom Script...[39m[0m
[  99% ] [90m[1mimport[22m | Saving...[39m[0m
[92m[ DONE ][39m [1mimport[22m
[0m
[  10% ] [90m[1mreimport[22m | Ceiling_type_C_008_004.glb[39m[0m
[   0% ] [90m[1mimport[22m | Started Import Scene (104 steps)[39m[0m
[   0% ] [90m[1mimport[22m | Importing Scene...[39m[0m
[   1% ] [90m[1mimport[22m | Running Custom Script...[39m[0m
[  99% ] [90m[1mimport[22m | Saving...[39m[0m
[92m[ DONE ][39m [1mimport[22m
[0m
[  10% ] [90m[1mreimport[22m | Ceiling_type_C_009.glb[39m[0m
[   0% ] [90m[1mimport[22m | Started Import Scene (104 steps)[39m[0m
[   0% ] [90m[1mimport[22m | Importing Scene...[39m[0m
[   1% ] [90m[1mimport[22m | Running Custom Script...[39m[0m
[  99% ] [90m[1mimport[22m | Saving...[39m[0m
[92m[ DONE ][39m [1mimport[22m
[0m
[  10% ] [90m[1mreimport[22m | Ceiling_type_C_011.glb[39m[0m
[   0% ] [90m[1mimport[22m | Started Import Scene (104 steps)[39m[0m
[   0% ] [90m[1mimport[22m | Importing Scene...[39m[0m
[   1% ] [90m[1mimport[22m | Running Custom Script...[39m[0m
[  99% ] [90m[1mimport[22m | Saving...[39m[0m
[92m[ DONE ][39m [1mimport[22m
[0m
[  10% ] [90m[1mreimport[22m | Ceiling_type_C_011_010.glb[39m[0m
[   0% ] [90m[1mimport[22m | Started Import Scene (104 steps)[39m[0m
[   0% ] [90m[1mimport[22m | Importing Scene...[39m[0m
[   1% ] [90m[1mimport[22m | Running Custom Script...[39m[0m
[  99% ] [90m[1mimport[22m | Saving...[39m[0m
[92m[ DONE ][39m [1mimport[22m
[0m
[  10% ] [90m[1mreimport[22m | Ceiling_type_C_011_011.glb[39m[0m
[   0% ] [90m[1mimport[22m | Started Import Scene (104 steps)[39m[0m
[   0% ] [90m[1mimport[22m | Importing Scene...[39m[0m
[   1% ] [90m[1mimport[22m | Running Custom Script...[39m[0m
[  99% ] [90m[1mimport[22m | Saving...[39m[0m
[92m[ DONE ][39m [1mimport[22m
[0m
[  10% ] [90m[1mreimport[22m | Ceiling_type_C_011_012.glb[39m[0m
[   0% ] [90m[1mimport[22m | Started Import Scene (104 steps)[39m[0m
[   0% ] [90m[1mimport[22m | Importing Scene...[39m[0m
[   1% ] [90m[1mimport[22m | Running Custom Script...[39m[0m
[  99% ] [90m[1mimport[22m | Saving...[39m[0m
[92m[ DONE ][39m [1mimport[22m
[0m
[  10% ] [90m[1mreimport[22m | Ceiling_type_C_012.glb[39m[0m
[   0% ] [90m[1mimport[22m | Started Import Scene (104 steps)[39m[0m
[   0% ] [90m[1mimport[22m | Importing Scene...[39m[0m
[   1% ] [90m[1mimport[22m | Running Custom Script...[39m[0m
[  99% ] [90m[1mimport[22m | Saving...[39m[0m
[92m[ DONE ][39m [1mimport[22m
[0m
[  10% ] [90m[1mreimport[22m | Ceiling_type_C_013.glb[39m[0m
[   0% ] [90m[1mimport[22m | Started Import Scene (104 steps)[39m[0m
[   0% ] [90m[1mimport[22m | Importing Scene...[39m[0m
[   1% ] [90m[1mimport[22m | Running Custom Script...[39m[0m
[  99% ] [90m[1mimport[22m | Saving...[39m[0m
[92m[ DONE ][39m [1mimport[22m
[0m
[  10% ] [90m[1mreimport[22m | Ceiling_type_C_014.glb[39m[0m
[   0% ] [90m[1mimport[22m | Started Import Scene (104 steps)[39m[0m
[   0% ] [90m[1mimport[22m | Importing Scene...[39m[0m
[   1% ] [90m[1mimport[22m | Running Custom Script...[39m[0m
[  99% ] [90m[1mimport[22m | Saving...[39m[0m
[92m[ DONE ][39m [1mimport[22m
[0m
[  11% ] [90m[1mreimport[22m | Ceiling_type_C_015.glb[39m[0m
[   0% ] [90m[1mimport[22m | Started Import Scene (104 steps)[39m[0m
[   0% ] [90m[1mimport[22m | Importing Scene...[39m[0m
[   1% ] [90m[1mimport[22m | Running Custom Script...[39m[0m
[  99% ] [90m[1mimport[22m | Saving...[39m[0m
[92m[ DONE ][39m [1mimport[22m
[0m
[  11% ] [90m[1mreimport[22m | Ceiling_type_C_016.glb[39m[0m
[   0% ] [90m[1mimport[22m | Started Import Scene (104 steps)[39m[0m
[   0% ] [90m[1mimport[22m | Importing Scene...[39m[0m
[   1% ] [90m[1mimport[22m | Running Custom Script...[39m[0m
[  99% ] [90m[1mimport[22m | Saving...[39m[0m
[92m[ DONE ][39m [1mimport[22m
[0m
[  11% ] [90m[1mreimport[22m | Ceiling_type_C_017.glb[39m[0m
[   0% ] [90m[1mimport[22m | Started Import Scene (104 steps)[39m[0m
[   0% ] [90m[1mimport[22m | Importing Scene...[39m[0m
[   1% ] [90m[1mimport[22m | Running Custom Script...[39m[0m
[  99% ] [90m[1mimport[22m | Saving...[39m[0m
[92m[ DONE ][39m [1mimport[22m
[0m
[  11% ] [90m[1mreimport[22m | Ceiling_type_C_019.glb[39m[0m
[   0% ] [90m[1mimport[22m | Started Import Scene (104 steps)[39m[0m
[   0% ] [90m[1mimport[22m | Importing Scene...[39m[0m
[   1% ] [90m[1mimport[22m | Running Custom Script...[39m[0m
[  99% ] [90m[1mimport[22m | Saving...[39m[0m
[92m[ DONE ][39m [1mimport[22m
[0m
[  11% ] [90m[1mreimport[22m | Ceiling_type_C_020.glb[39m[0m
[   0% ] [90m[1mimport[22m | Started Import Scene (104 steps)[39m[0m
[   0% ] [90m[1mimport[22m | Importing Scene...[39m[0m
[   1% ] [90m[1mimport[22m | Running Custom Script...[39m[0m
[  99% ] [90m[1mimport[22m | Saving...[39m[0m
[92m[ DONE ][39m [1mimport[22m
[0m
[  11% ] [90m[1mreimport[22m | Ceiling_type_C_021.glb[39m[0m
[   0% ] [90m[1mimport[22m | Started Import Scene (104 steps)[39m[0m
[   0% ] [90m[1mimport[22m | Importing Scene...[39m[0m
[   1% ] [90m[1mimport[22m | Running Custom Script...[39m[0m
[  99% ] [90m[1mimport[22m | Saving...[39m[0m
[92m[ DONE ][39m [1mimport[22m
[0m
[  11% ] [90m[1mreimport[22m | Ceiling_type_C_022.glb[39m[0m
[   0% ] [90m[1mimport[22m | Started Import Scene (104 steps)[39m[0m
[   0% ] [90m[1mimport[22m | Importing Scene...[39m[0m
[   1% ] [90m[1mimport[22m | Running Custom Script...[39m[0m
[  99% ] [90m[1mimport[22m | Saving...[39m[0m
[92m[ DONE ][39m [1mimport[22m
[0m
[  11% ] [90m[1mreimport[22m | Ceiling_type_C_023.glb[39m[0m
[   0% ] [90m[1mimport[22m | Started Import Scene (104 steps)[39m[0m
[   0% ] [90m[1mimport[22m | Importing Scene...[39m[0m
[   1% ] [90m[1mimport[22m | Running Custom Script...[39m[0m
[  99% ] [90m[1mimport[22m | Saving...[39m[0m
[92m[ DONE ][39m [1mimport[22m
[0m
[  11% ] [90m[1mreimport[22m | Ceiling_type_C_024.glb[39m[0m
[   0% ] [90m[1mimport[22m | Started Import Scene (104 steps)[39m[0m
[   0% ] [90m[1mimport[22m | Importing Scene...[39m[0m
[   1% ] [90m[1mimport[22m | Running Custom Script...[39m[0m
[  99% ] [90m[1mimport[22m | Saving...[39m[0m
[92m[ DONE ][39m [1mimport[22m
[0m
[  11% ] [90m[1mreimport[22m | Ceiling_type_C_025.glb[39m[0m
[   0% ] [90m[1mimport[22m | Started Import Scene (104 steps)[39m[0m
[   0% ] [90m[1mimport[22m | Importing Scene...[39m[0m
[   1% ] [90m[1mimport[22m | Running Custom Script...[39m[0m
[  99% ] [90m[1mimport[22m | Saving...[39m[0m
[92m[ DONE ][39m [1mimport[22m
[0m
[  12% ] [90m[1mreimport[22m | Ceiling_type_C_026.glb[39m[0m
[   0% ] [90m[1mimport[22m | Started Import Scene (104 steps)[39m[0m
[   0% ] [90m[1mimport[22m | Importing Scene...[39m[0m
[   1% ] [90m[1mimport[22m | Running Custom Script...[39m[0m
[  99% ] [90m[1mimport[22m | Saving...[39m[0m
[92m[ DONE ][39m [1mimport[22m
[0m
[  12% ] [90m[1mreimport[22m | Ceiling_type_C_026_002.glb[39m[0m
[   0% ] [90m[1mimport[22m | Started Import Scene (104 steps)[39m[0m
[   0% ] [90m[1mimport[22m | Importing Scene...[39m[0m
[   1% ] [90m[1mimport[22m | Running Custom Script...[39m[0m
[  99% ] [90m[1mimport[22m | Saving...[39m[0m
[92m[ DONE ][39m [1mimport[22m
[0m
[  12% ] [90m[1mreimport[22m | Ceiling_type_C_026_003.glb[39m[0m
[   0% ] [90m[1mimport[22m | Started Import Scene (104 steps)[39m[0m
[   0% ] [90m[1mimport[22m | Importing Scene...[39m[0m
[   1% ] [90m[1mimport[22m | Running Custom Script...[39m[0m
[  99% ] [90m[1mimport[22m | Saving...[39m[0m
[92m[ DONE ][39m [1mimport[22m
[0m
[  12% ] [90m[1mreimport[22m | Ceiling_type_C_026_004.glb[39m[0m
[   0% ] [90m[1mimport[22m | Started Import Scene (104 steps)[39m[0m
[   0% ] [90m[1mimport[22m | Importing Scene...[39m[0m
[   1% ] [90m[1mimport[22m | Running Custom Script...[39m[0m
[  99% ] [90m[1mimport[22m | Saving...[39m[0m
[92m[ DONE ][39m [1mimport[22m
[0m
[  12% ] [90m[1mreimport[22m | Drone_004.glb[39m[0m
[   0% ] [90m[1mimport[22m | Started Import Scene (104 steps)[39m[0m
[   0% ] [90m[1mimport[22m | Importing Scene...[39m[0m
[   1% ] [90m[1mimport[22m | Running Custom Script...[39m[0m
[  99% ] [90m[1mimport[22m | Saving...[39m[0m
[92m[ DONE ][39m [1mimport[22m
[0m
[  12% ] [90m[1mreimport[22m | Drone_006.glb[39m[0m
[   0% ] [90m[1mimport[22m | Started Import Scene (104 steps)[39m[0m
[   0% ] [90m[1mimport[22m | Importing Scene...[39m[0m
[   1% ] [90m[1mimport[22m | Running Custom Script...[39m[0m
[  99% ] [90m[1mimport[22m | Saving...[39m[0m
[92m[ DONE ][39m [1mimport[22m
[0m
[  12% ] [90m[1mreimport[22m | Drone_007.glb[39m[0m
[   0% ] [90m[1mimport[22m | Started Import Scene (104 steps)[39m[0m
[   0% ] [90m[1mimport[22m | Importing Scene...[39m[0m
[   1% ] [90m[1mimport[22m | Running Custom Script...[39m[0m
[  99% ] [90m[1mimport[22m | Saving...[39m[0m
[92m[ DONE ][39m [1mimport[22m
[0m
[  12% ] [90m[1mreimport[22m | Drone_008.glb[39m[0m
[   0% ] [90m[1mimport[22m | Started Import Scene (104 steps)[39m[0m
[   0% ] [90m[1mimport[22m | Importing Scene...[39m[0m
[   1% ] [90m[1mimport[22m | Running Custom Script...[39m[0m
[  99% ] [90m[1mimport[22m | Saving...[39m[0m
[92m[ DONE ][39m [1mimport[22m
[0m
[  12% ] [90m[1mreimport[22m | Drone_009.glb[39m[0m
[   0% ] [90m[1mimport[22m | Started Import Scene (104 steps)[39m[0m
[   0% ] [90m[1mimport[22m | Importing Scene...[39m[0m
[   1% ] [90m[1mimport[22m | Running Custom Script...[39m[0m
[  99% ] [90m[1mimport[22m | Saving...[39m[0m
[92m[ DONE ][39m [1mimport[22m
[0m
[  12% ] [90m[1mreimport[22m | Drone_010.glb[39m[0m
[   0% ] [90m[1mimport[22m | Started Import Scene (104 steps)[39m[0m
[   0% ] [90m[1mimport[22m | Importing Scene...[39m[0m
[   1% ] [90m[1mimport[22m | Running Custom Script...[39m[0m
[  99% ] [90m[1mimport[22m | Saving...[39m[0m
[92m[ DONE ][39m [1mimport[22m
[0m
[  13% ] [90m[1mreimport[22m | Drone_011.glb[39m[0m
[   0% ] [90m[1mimport[22m | Started Import Scene (104 steps)[39m[0m
[   0% ] [90m[1mimport[22m | Importing Scene...[39m[0m
[   1% ] [90m[1mimport[22m | Running Custom Script...[39m[0m
[  99% ] [90m[1mimport[22m | Saving...[39m[0m
[92m[ DONE ][39m [1mimport[22m
[0m
[  13% ] [90m[1mreimport[22m | Drone_012.glb[39m[0m
[   0% ] [90m[1mimport[22m | Started Import Scene (104 steps)[39m[0m
[   0% ] [90m[1mimport[22m | Importing Scene...[39m[0m
[   1% ] [90m[1mimport[22m | Running Custom Script...[39m[0m
[  99% ] [90m[1mimport[22m | Saving...[39m[0m
[92m[ DONE ][39m [1mimport[22m
[0m
[  13% ] [90m[1mreimport[22m | Drone_013.glb[39m[0m
[   0% ] [90m[1mimport[22m | Started Import Scene (104 steps)[39m[0m
[   0% ] [90m[1mimport[22m | Importing Scene...[39m[0m
[   1% ] [90m[1mimport[22m | Running Custom Script...[39m[0m
[  99% ] [90m[1mimport[22m | Saving...[39m[0m
[92m[ DONE ][39m [1mimport[22m
[0m
[  13% ] [90m[1mreimport[22m | Drone_014.glb[39m[0m
[   0% ] [90m[1mimport[22m | Started Import Scene (104 steps)[39m[0m
[   0% ] [90m[1mimport[22m | Importing Scene...[39m[0m
[   1% ] [90m[1mimport[22m | Running Custom Script...[39m[0m
[  99% ] [90m[1mimport[22m | Saving...[39m[0m
[92m[ DONE ][39m [1mimport[22m
[0m
[  13% ] [90m[1mreimport[22m | Drone_015.glb[39m[0m
[   0% ] [90m[1mimport[22m | Started Import Scene (104 steps)[39m[0m
[   0% ] [90m[1mimport[22m | Importing Scene...[39m[0m
[   1% ] [90m[1mimport[22m | Running Custom Script...[39m[0m
[  99% ] [90m[1mimport[22m | Saving...[39m[0m
[92m[ DONE ][39m [1mimport[22m
[0m
[  13% ] [90m[1mreimport[22m | Turret_001.glb[39m[0m
[   0% ] [90m[1mimport[22m | Started Import Scene (104 steps)[39m[0m
[   0% ] [90m[1mimport[22m | Importing Scene...[39m[0m
[   1% ] [90m[1mimport[22m | Running Custom Script...[39m[0m
[  99% ] [90m[1mimport[22m | Saving...[39m[0m
[92m[ DONE ][39m [1mimport[22m
[0m
[  13% ] [90m[1mreimport[22m | Turret_002.glb[39m[0m
[   0% ] [90m[1mimport[22m | Started Import Scene (104 steps)[39m[0m
[   0% ] [90m[1mimport[22m | Importing Scene...[39m[0m
[   1% ] [90m[1mimport[22m | Running Custom Script...[39m[0m
[  99% ] [90m[1mimport[22m | Saving...[39m[0m
[92m[ DONE ][39m [1mimport[22m
[0m
[  13% ] [90m[1mreimport[22m | Turret_003.glb[39m[0m
[   0% ] [90m[1mimport[22m | Started Import Scene (104 steps)[39m[0m
[   0% ] [90m[1mimport[22m | Importing Scene...[39m[0m
[   1% ] [90m[1mimport[22m | Running Custom Script...[39m[0m
[  99% ] [90m[1mimport[22m | Saving...[39m[0m
[92m[ DONE ][39m [1mimport[22m
[0m
[  13% ] [90m[1mreimport[22m | Turret_004.glb[39m[0m
[   0% ] [90m[1mimport[22m | Started Import Scene (104 steps)[39m[0m
[   0% ] [90m[1mimport[22m | Importing Scene...[39m[0m
[   1% ] [90m[1mimport[22m | Running Custom Script...[39m[0m
[  99% ] [90m[1mimport[22m | Saving...[39m[0m
[92m[ DONE ][39m [1mimport[22m
[0m
[  13% ] [90m[1mreimport[22m | Turret_005.glb[39m[0m
[   0% ] [90m[1mimport[22m | Started Import Scene (104 steps)[39m[0m
[   0% ] [90m[1mimport[22m | Importing Scene...[39m[0m
[   1% ] [90m[1mimport[22m | Running Custom Script...[39m[0m
[  99% ] [90m[1mimport[22m | Saving...[39m[0m
[92m[ DONE ][39m [1mimport[22m
[0m
[  14% ] [90m[1mreimport[22m | Turret_006.glb[39m[0m
[   0% ] [90m[1mimport[22m | Started Import Scene (104 steps)[39m[0m
[   0% ] [90m[1mimport[22m | Importing Scene...[39m[0m
[   1% ] [90m[1mimport[22m | Running Custom Script...[39m[0m
[  99% ] [90m[1mimport[22m | Saving...[39m[0m
[92m[ DONE ][39m [1mimport[22m
[0m
[  14% ] [90m[1mreimport[22m | Turret_007.glb[39m[0m
[   0% ] [90m[1mimport[22m | Started Import Scene (104 steps)[39m[0m
[   0% ] [90m[1mimport[22m | Importing Scene...[39m[0m
[   1% ] [90m[1mimport[22m | Running Custom Script...[39m[0m
[  99% ] [90m[1mimport[22m | Saving...[39m[0m
[92m[ DONE ][39m [1mimport[22m
[0m
[  14% ] [90m[1mreimport[22m | Turret_008.glb[39m[0m
[   0% ] [90m[1mimport[22m | Started Import Scene (104 steps)[39m[0m
[   0% ] [90m[1mimport[22m | Importing Scene...[39m[0m
[   1% ] [90m[1mimport[22m | Running Custom Script...[39m[0m
[  99% ] [90m[1mimport[22m | Saving...[39m[0m
[92m[ DONE ][39m [1mimport[22m
[0m
[  14% ] [90m[1mreimport[22m | Turret_009.glb[39m[0m
[   0% ] [90m[1mimport[22m | Started Import Scene (104 steps)[39m[0m
[   0% ] [90m[1mimport[22m | Importing Scene...[39m[0m
[   1% ] [90m[1mimport[22m | Running Custom Script...[39m[0m
[  99% ] [90m[1mimport[22m | Saving...[39m[0m
[92m[ DONE ][39m [1mimport[22m
[0m
[  14% ] [90m[1mreimport[22m | Turret_010.glb[39m[0m
[   0% ] [90m[1mimport[22m | Started Import Scene (104 steps)[39m[0m
[   0% ] [90m[1mimport[22m | Importing Scene...[39m[0m
[   1% ] [90m[1mimport[22m | Running Custom Script...[39m[0m
[  99% ] [90m[1mimport[22m | Saving...[39m[0m
[92m[ DONE ][39m [1mimport[22m
[0m
[  14% ] [90m[1mreimport[22m | Turret_011.glb[39m[0m
[   0% ] [90m[1mimport[22m | Started Import Scene (104 steps)[39m[0m
[   0% ] [90m[1mimport[22m | Importing Scene...[39m[0m
[   1% ] [90m[1mimport[22m | Running Custom Script...[39m[0m
[  99% ] [90m[1mimport[22m | Saving...[39m[0m
[92m[ DONE ][39m [1mimport[22m
[0m
[  14% ] [90m[1mreimport[22m | Turret_012.glb[39m[0m
[   0% ] [90m[1mimport[22m | Started Import Scene (104 steps)[39m[0m
[   0% ] [90m[1mimport[22m | Importing Scene...[39m[0m
[   1% ] [90m[1mimport[22m | Running Custom Script...[39m[0m
[  99% ] [90m[1mimport[22m | Saving...[39m[0m
[92m[ DONE ][39m [1mimport[22m
[0m
[  14% ] [90m[1mreimport[22m | Turret_013.glb[39m[0m
[   0% ] [90m[1mimport[22m | Started Import Scene (104 steps)[39m[0m
[   0% ] [90m[1mimport[22m | Importing Scene...[39m[0m
[   1% ] [90m[1mimport[22m | Running Custom Script...[39m[0m
[  99% ] [90m[1mimport[22m | Saving...[39m[0m
[92m[ DONE ][39m [1mimport[22m
[0m
[  14% ] [90m[1mreimport[22m | Turret_014.glb[39m[0m
[   0% ] [90m[1mimport[22m | Started Import Scene (104 steps)[39m[0m
[   0% ] [90m[1mimport[22m | Importing Scene...[39m[0m
[   1% ] [90m[1mimport[22m | Running Custom Script...[39m[0m
[  99% ] [90m[1mimport[22m | Saving...[39m[0m
[92m[ DONE ][39m [1mimport[22m
[0m
[  14% ] [90m[1mreimport[22m | Ceiling_type_A_001.glb[39m[0m
[   0% ] [90m[1mimport[22m | Started Import Scene (104 steps)[39m[0m
[   0% ] [90m[1mimport[22m | Importing Scene...[39m[0m
[   1% ] [90m[1mimport[22m | Running Custom Script...[39m[0m
[  99% ] [90m[1mimport[22m | Saving...[39m[0m
[92m[ DONE ][39m [1mimport[22m
[0m
[  15% ] [90m[1mreimport[22m | Ceiling_type_A_002.glb[39m[0m
[   0% ] [90m[1mimport[22m | Started Import Scene (104 steps)[39m[0m
[   0% ] [90m[1mimport[22m | Importing Scene...[39m[0m
[   1% ] [90m[1mimport[22m | Running Custom Script...[39m[0m
[  99% ] [90m[1mimport[22m | Saving...[39m[0m
[92m[ DONE ][39m [1mimport[22m
[0m
[  15% ] [90m[1mreimport[22m | Ceiling_type_A_003.glb[39m[0m
[   0% ] [90m[1mimport[22m | Started Import Scene (104 steps)[39m[0m
[   0% ] [90m[1mimport[22m | Importing Scene...[39m[0m
[   1% ] [90m[1mimport[22m | Running Custom Script...[39m[0m
[  99% ] [90m[1mimport[22m | Saving...[39m[0m
[92m[ DONE ][39m [1mimport[22m
[0m
[  15% ] [90m[1mreimport[22m | Ceiling_type_A_004.glb[39m[0m
[   0% ] [90m[1mimport[22m | Started Import Scene (104 steps)[39m[0m
[   0% ] [90m[1mimport[22m | Importing Scene...[39m[0m
[   1% ] [90m[1mimport[22m | Running Custom Script...[39m[0m
[  99% ] [90m[1mimport[22m | Saving...[39m[0m
[92m[ DONE ][39m [1mimport[22m
[0m
[  15% ] [90m[1mreimport[22m | Ceiling_type_A_005.glb[39m[0m
[   0% ] [90m[1mimport[22m | Started Import Scene (104 steps)[39m[0m
[   0% ] [90m[1mimport[22m | Importing Scene...[39m[0m
[   1% ] [90m[1mimport[22m | Running Custom Script...[39m[0m
[  99% ] [90m[1mimport[22m | Saving...[39m[0m
[92m[ DONE ][39m [1mimport[22m
[0m
[  15% ] [90m[1mreimport[22m | Ceiling_type_A_006.glb[39m[0m
[   0% ] [90m[1mimport[22m | Started Import Scene (104 steps)[39m[0m
[   0% ] [90m[1mimport[22m | Importing Scene...[39m[0m
[   1% ] [90m[1mimport[22m | Running Custom Script...[39m[0m
[  99% ] [90m[1mimport[22m | Saving...[39m[0m
[92m[ DONE ][39m [1mimport[22m
[0m
[  15% ] [90m[1mreimport[22m | Vending_Machine_002.glb[39m[0m
[   0% ] [90m[1mimport[22m | Started Import Scene (104 steps)[39m[0m
[   0% ] [90m[1mimport[22m | Importing Scene...[39m[0m
[   1% ] [90m[1mimport[22m | Running Custom Script...[39m[0m
[  99% ] [90m[1mimport[22m | Saving...[39m[0m
[92m[ DONE ][39m [1mimport[22m
[0m
[  15% ] [90m[1mreimport[22m | Vending_Machine_003.glb[39m[0m
[   0% ] [90m[1mimport[22m | Started Import Scene (104 steps)[39m[0m
[   0% ] [90m[1mimport[22m | Importing Scene...[39m[0m
[   1% ] [90m[1mimport[22m | Running Custom Script...[39m[0m
[  99% ] [90m[1mimport[22m | Saving...[39m[0m
[92m[ DONE ][39m [1mimport[22m
[0m
[  15% ] [90m[1mreimport[22m | Vending_Machine_004.glb[39m[0m
[   0% ] [90m[1mimport[22m | Started Import Scene (104 steps)[39m[0m
[   0% ] [90m[1mimport[22m | Importing Scene...[39m[0m
[   1% ] [90m[1mimport[22m | Running Custom Script...[39m[0m
[  99% ] [90m[1mimport[22m | Saving...[39m[0m
[92m[ DONE ][39m [1mimport[22m
[0m
[  15% ] [90m[1mreimport[22m | Vending_Machine_005.glb[39m[0m
[   0% ] [90m[1mimport[22m | Started Import Scene (104 steps)[39m[0m
[   0% ] [90m[1mimport[22m | Importing Scene...[39m[0m
[   1% ] [90m[1mimport[22m | Running Custom Script...[39m[0m
[  99% ] [90m[1mimport[22m | Saving...[39m[0m
[92m[ DONE ][39m [1mimport[22m
[0m
[  15% ] [90m[1mreimport[22m | Vending_Machine_006.glb[39m[0m
[   0% ] [90m[1mimport[22m | Started Import Scene (104 steps)[39m[0m
[   0% ] [90m[1mimport[22m | Importing Scene...[39m[0m
[   1% ] [90m[1mimport[22m | Running Custom Script...[39m[0m
[  99% ] [90m[1mimport[22m | Saving...[39m[0m
[92m[ DONE ][39m [1mimport[22m
[0m
[  16% ] [90m[1mreimport[22m | Vending_Machine_007.glb[39m[0m
[   0% ] [90m[1mimport[22m | Started Import Scene (104 steps)[39m[0m
[   0% ] [90m[1mimport[22m | Importing Scene...[39m[0m
[   1% ] [90m[1mimport[22m | Running Custom Script...[39m[0m
[  99% ] [90m[1mimport[22m | Saving...[39m[0m
[92m[ DONE ][39m [1mimport[22m
[0m
[  16% ] [90m[1mreimport[22m | Cargo_drone_001.glb[39m[0m
[   0% ] [90m[1mimport[22m | Started Import Scene (104 steps)[39m[0m
[   0% ] [90m[1mimport[22m | Importing Scene...[39m[0m
[   1% ] [90m[1mimport[22m | Running Custom Script...[39m[0m
[  99% ] [90m[1mimport[22m | Saving...[39m[0m
[92m[ DONE ][39m [1mimport[22m
[0m
[  16% ] [90m[1mreimport[22m | Cargo_drone_002.glb[39m[0m
[   0% ] [90m[1mimport[22m | Started Import Scene (104 steps)[39m[0m
[   0% ] [90m[1mimport[22m | Importing Scene...[39m[0m
[   1% ] [90m[1mimport[22m | Running Custom Script...[39m[0m
[  99% ] [90m[1mimport[22m | Saving...[39m[0m
[92m[ DONE ][39m [1mimport[22m
[0m
[  16% ] [90m[1mreimport[22m | Cargo_drone_002_cantainer_001.glb[39m[0m
[   0% ] [90m[1mimport[22m | Started Import Scene (104 steps)[39m[0m
[   0% ] [90m[1mimport[22m | Importing Scene...[39m[0m
[   1% ] [90m[1mimport[22m | Running Custom Script...[39m[0m
[  99% ] [90m[1mimport[22m | Saving...[39m[0m
[92m[ DONE ][39m [1mimport[22m
[0m
[  16% ] [90m[1mreimport[22m | Cargo_drone_003.glb[39m[0m
[   0% ] [90m[1mimport[22m | Started Import Scene (104 steps)[39m[0m
[   0% ] [90m[1mimport[22m | Importing Scene...[39m[0m
[   1% ] [90m[1mimport[22m | Running Custom Script...[39m[0m
[  99% ] [90m[1mimport[22m | Saving...[39m[0m
[92m[ DONE ][39m [1mimport[22m
[0m
[  16% ] [90m[1mreimport[22m | Cargo_drone_003_cantainer_001.glb[39m[0m
[   0% ] [90m[1mimport[22m | Started Import Scene (104 steps)[39m[0m
[   0% ] [90m[1mimport[22m | Importing Scene...[39m[0m
[   1% ] [90m[1mimport[22m | Running Custom Script...[39m[0m
[  99% ] [90m[1mimport[22m | Saving...[39m[0m
[92m[ DONE ][39m [1mimport[22m
[0m
[  16% ] [90m[1mreimport[22m | Cargo_drone_004.glb[39m[0m
[   0% ] [90m[1mimport[22m | Started Import Scene (104 steps)[39m[0m
[   0% ] [90m[1mimport[22m | Importing Scene...[39m[0m
[   1% ] [90m[1mimport[22m | Running Custom Script...[39m[0m
[  99% ] [90m[1mimport[22m | Saving...[39m[0m
[92m[ DONE ][39m [1mimport[22m
[0m
[  16% ] [90m[1mreimport[22m | Cargo_drone_005.glb[39m[0m
[   0% ] [90m[1mimport[22m | Started Import Scene (104 steps)[39m[0m
[   0% ] [90m[1mimport[22m | Importing Scene...[39m[0m
[   1% ] [90m[1mimport[22m | Running Custom Script...[39m[0m
[  99% ] [90m[1mimport[22m | Saving...[39m[0m
[92m[ DONE ][39m [1mimport[22m
[0m
[  16% ] [90m[1mreimport[22m | Delivery_drone_001.glb[39m[0m
[   0% ] [90m[1mimport[22m | Started Import Scene (104 steps)[39m[0m
[   0% ] [90m[1mimport[22m | Importing Scene...[39m[0m
[   1% ] [90m[1mimport[22m | Running Custom Script...[39m[0m
[  99% ] [90m[1mimport[22m | Saving...[39m[0m
[92m[ DONE ][39m [1mimport[22m
[0m
[  16% ] [90m[1mreimport[22m | Delivery_drone_002.glb[39m[0m
[   0% ] [90m[1mimport[22m | Started Import Scene (104 steps)[39m[0m
[   0% ] [90m[1mimport[22m | Importing Scene...[39m[0m
[   1% ] [90m[1mimport[22m | Running Custom Script...[39m[0m
[  99% ] [90m[1mimport[22m | Saving...[39m[0m
[92m[ DONE ][39m [1mimport[22m
[0m
[  17% ] [90m[1mreimport[22m | Delivery_drone_003.glb[39m[0m
[   0% ] [90m[1mimport[22m | Started Import Scene (104 steps)[39m[0m
[   0% ] [90m[1mimport[22m | Importing Scene...[39m[0m
[   1% ] [90m[1mimport[22m | Running Custom Script...[39m[0m
[  99% ] [90m[1mimport[22m | Saving...[39m[0m
[92m[ DONE ][39m [1mimport[22m
[0m
[  17% ] [90m[1mreimport[22m | Delivery_drone_004.glb[39m[0m
[   0% ] [90m[1mimport[22m | Started Import Scene (104 steps)[39m[0m
[   0% ] [90m[1mimport[22m | Importing Scene...[39m[0m
[   1% ] [90m[1mimport[22m | Running Custom Script...[39m[0m
[  99% ] [90m[1mimport[22m | Saving...[39m[0m
[92m[ DONE ][39m [1mimport[22m
[0m
[  17% ] [90m[1mreimport[22m | Delivery_drone_005.glb[39m[0m
[   0% ] [90m[1mimport[22m | Started Import Scene (104 steps)[39m[0m
[   0% ] [90m[1mimport[22m | Importing Scene...[39m[0m
[   1% ] [90m[1mimport[22m | Running Custom Script...[39m[0m
[  99% ] [90m[1mimport[22m | Saving...[39m[0m
[92m[ DONE ][39m [1mimport[22m
[0m
[  17% ] [90m[1mreimport[22m | Delivery_drone_006.glb[39m[0m
[   0% ] [90m[1mimport[22m | Started Import Scene (104 steps)[39m[0m
[   0% ] [90m[1mimport[22m | Importing Scene...[39m[0m
[   1% ] [90m[1mimport[22m | Running Custom Script...[39m[0m
[  99% ] [90m[1mimport[22m | Saving...[39m[0m
[92m[ DONE ][39m [1mimport[22m
[0m
[  17% ] [90m[1mreimport[22m | Delivery_drone_006_crate_001.glb[39m[0m
[   0% ] [90m[1mimport[22m | Started Import Scene (104 steps)[39m[0m
[   0% ] [90m[1mimport[22m | Importing Scene...[39m[0m
[   1% ] [90m[1mimport[22m | Running Custom Script...[39m[0m
[  99% ] [90m[1mimport[22m | Saving...[39m[0m
[92m[ DONE ][39m [1mimport[22m
[0m
[  17% ] [90m[1mreimport[22m | Delivery_drone_007.glb[39m[0m
[   0% ] [90m[1mimport[22m | Started Import Scene (104 steps)[39m[0m
[   0% ] [90m[1mimport[22m | Importing Scene...[39m[0m
[   1% ] [90m[1mimport[22m | Running Custom Script...[39m[0m
[  99% ] [90m[1mimport[22m | Saving...[39m[0m
[92m[ DONE ][39m [1mimport[22m
[0m
[  17% ] [90m[1mreimport[22m | Delivery_drone_008.glb[39m[0m
[   0% ] [90m[1mimport[22m | Started Import Scene (104 steps)[39m[0m
[   0% ] [90m[1mimport[22m | Importing Scene...[39m[0m
[   1% ] [90m[1mimport[22m | Running Custom Script...[39m[0m
[  99% ] [90m[1mimport[22m | Saving...[39m[0m
[92m[ DONE ][39m [1mimport[22m
[0m
[  17% ] [90m[1mreimport[22m | Delivery_drone_009.glb[39m[0m
[   0% ] [90m[1mimport[22m | Started Import Scene (104 steps)[39m[0m
[   0% ] [90m[1mimport[22m | Importing Scene...[39m[0m
[   1% ] [90m[1mimport[22m | Running Custom Script...[39m[0m
[  99% ] [90m[1mimport[22m | Saving...[39m[0m
[92m[ DONE ][39m [1mimport[22m
[0m
[  17% ] [90m[1mreimport[22m | Delivery_drone_010.glb[39m[0m
[   0% ] [90m[1mimport[22m | Started Import Scene (104 steps)[39m[0m
[   0% ] [90m[1mimport[22m | Importing Scene...[39m[0m
[   1% ] [90m[1mimport[22m | Running Custom Script...[39m[0m
[  99% ] [90m[1mimport[22m | Saving...[39m[0m
[92m[ DONE ][39m [1mimport[22m
[0m
[  17% ] [90m[1mreimport[22m | Delivery_drone_011.glb[39m[0m
[   0% ] [90m[1mimport[22m | Started Import Scene (104 steps)[39m[0m
[   0% ] [90m[1mimport[22m | Importing Scene...[39m[0m
[   1% ] [90m[1mimport[22m | Running Custom Script...[39m[0m
[  99% ] [90m[1mimport[22m | Saving...[39m[0m
[92m[ DONE ][39m [1mimport[22m
[0m
[  18% ] [90m[1mreimport[22m | Delivery_drone_011_crate_001.glb[39m[0m
[   0% ] [90m[1mimport[22m | Started Import Scene (104 steps)[39m[0m
[   0% ] [90m[1mimport[22m | Importing Scene...[39m[0m
[   1% ] [90m[1mimport[22m | Running Custom Script...[39m[0m
[  99% ] [90m[1mimport[22m | Saving...[39m[0m
[92m[ DONE ][39m [1mimport[22m
[0m
[  18% ] [90m[1mreimport[22m | Delivery_drone_012.glb[39m[0m
[   0% ] [90m[1mimport[22m | Started Import Scene (104 steps)[39m[0m
[   0% ] [90m[1mimport[22m | Importing Scene...[39m[0m
[   1% ] [90m[1mimport[22m | Running Custom Script...[39m[0m
[  99% ] [90m[1mimport[22m | Saving...[39m[0m
[92m[ DONE ][39m [1mimport[22m
[0m
[  18% ] [90m[1mreimport[22m | Delivery_drone_012_crate_001.glb[39m[0m
[   0% ] [90m[1mimport[22m | Started Import Scene (104 steps)[39m[0m
[   0% ] [90m[1mimport[22m | Importing Scene...[39m[0m
[   1% ] [90m[1mimport[22m | Running Custom Script...[39m[0m
[  99% ] [90m[1mimport[22m | Saving...[39m[0m
[92m[ DONE ][39m [1mimport[22m
[0m
[  18% ] [90m[1mreimport[22m | Drone_001.glb[39m[0m
[   0% ] [90m[1mimport[22m | Started Import Scene (104 steps)[39m[0m
[   0% ] [90m[1mimport[22m | Importing Scene...[39m[0m
[   1% ] [90m[1mimport[22m | Running Custom Script...[39m[0m
[  99% ] [90m[1mimport[22m | Saving...[39m[0m
[92m[ DONE ][39m [1mimport[22m
[0m
[  18% ] [90m[1mreimport[22m | Drone_002.glb[39m[0m
[   0% ] [90m[1mimport[22m | Started Import Scene (104 steps)[39m[0m
[   0% ] [90m[1mimport[22m | Importing Scene...[39m[0m
[   1% ] [90m[1mimport[22m | Running Custom Script...[39m[0m
[  99% ] [90m[1mimport[22m | Saving...[39m[0m
[92m[ DONE ][39m [1mimport[22m
[0m
[  18% ] [90m[1mreimport[22m | Drone_003.glb[39m[0m
[   0% ] [90m[1mimport[22m | Started Import Scene (104 steps)[39m[0m
[   0% ] [90m[1mimport[22m | Importing Scene...[39m[0m
[   1% ] [90m[1mimport[22m | Running Custom Script...[39m[0m
[  99% ] [90m[1mimport[22m | Saving...[39m[0m
[92m[ DONE ][39m [1mimport[22m
[0m
[  18% ] [90m[1mreimport[22m | Ceiling_type_A_033.glb[39m[0m
[   0% ] [90m[1mimport[22m | Started Import Scene (104 steps)[39m[0m
[   0% ] [90m[1mimport[22m | Importing Scene...[39m[0m
[   1% ] [90m[1mimport[22m | Running Custom Script...[39m[0m
[  99% ] [90m[1mimport[22m | Saving...[39m[0m
[92m[ DONE ][39m [1mimport[22m
[0m
[  18% ] [90m[1mreimport[22m | Ceiling_type_A_034.glb[39m[0m
[   0% ] [90m[1mimport[22m | Started Import Scene (104 steps)[39m[0m
[   0% ] [90m[1mimport[22m | Importing Scene...[39m[0m
[   1% ] [90m[1mimport[22m | Running Custom Script...[39m[0m
[  99% ] [90m[1mimport[22m | Saving...[39m[0m
[92m[ DONE ][39m [1mimport[22m
[0m
[  18% ] [90m[1mreimport[22m | Ceiling_type_A_034_010.glb[39m[0m
[   0% ] [90m[1mimport[22m | Started Import Scene (104 steps)[39m[0m
[   0% ] [90m[1mimport[22m | Importing Scene...[39m[0m
[   1% ] [90m[1mimport[22m | Running Custom Script...[39m[0m
[  99% ] [90m[1mimport[22m | Saving...[39m[0m
[92m[ DONE ][39m [1mimport[22m
[0m
[  18% ] [90m[1mreimport[22m | Ceiling_type_A_034_011.glb[39m[0m
[   0% ] [90m[1mimport[22m | Started Import Scene (104 steps)[39m[0m
[   0% ] [90m[1mimport[22m | Importing Scene...[39m[0m
[   1% ] [90m[1mimport[22m | Running Custom Script...[39m[0m
[  99% ] [90m[1mimport[22m | Saving...[39m[0m
[92m[ DONE ][39m [1mimport[22m
[0m
[  19% ] [90m[1mreimport[22m | Ceiling_type_A_034_012.glb[39m[0m
[   0% ] [90m[1mimport[22m | Started Import Scene (104 steps)[39m[0m
[   0% ] [90m[1mimport[22m | Importing Scene...[39m[0m
[   1% ] [90m[1mimport[22m | Running Custom Script...[39m[0m
[  99% ] [90m[1mimport[22m | Saving...[39m[0m
[92m[ DONE ][39m [1mimport[22m
[0m
[  19% ] [90m[1mreimport[22m | Ceiling_type_A_035.glb[39m[0m
[   0% ] [90m[1mimport[22m | Started Import Scene (104 steps)[39m[0m
[   0% ] [90m[1mimport[22m | Importing Scene...[39m[0m
[   1% ] [90m[1mimport[22m | Running Custom Script...[39m[0m
[  99% ] [90m[1mimport[22m | Saving...[39m[0m
[92m[ DONE ][39m [1mimport[22m
[0m
[  19% ] [90m[1mreimport[22m | Ceiling_type_A_036.glb[39m[0m
[   0% ] [90m[1mimport[22m | Started Import Scene (104 steps)[39m[0m
[   0% ] [90m[1mimport[22m | Importing Scene...[39m[0m
[   1% ] [90m[1mimport[22m | Running Custom Script...[39m[0m
[  99% ] [90m[1mimport[22m | Saving...[39m[0m
[92m[ DONE ][39m [1mimport[22m
[0m
[  19% ] [90m[1mreimport[22m | Ceiling_type_A_037.glb[39m[0m
[   0% ] [90m[1mimport[22m | Started Import Scene (104 steps)[39m[0m
[   0% ] [90m[1mimport[22m | Importing Scene...[39m[0m
[   1% ] [90m[1mimport[22m | Running Custom Script...[39m[0m
[  99% ] [90m[1mimport[22m | Saving...[39m[0m
[92m[ DONE ][39m [1mimport[22m
[0m
[  19% ] [90m[1mreimport[22m | Ceiling_type_A_038.glb[39m[0m
[   0% ] [90m[1mimport[22m | Started Import Scene (104 steps)[39m[0m
[   0% ] [90m[1mimport[22m | Importing Scene...[39m[0m
[   1% ] [90m[1mimport[22m | Running Custom Script...[39m[0m
[  99% ] [90m[1mimport[22m | Saving...[39m[0m
[92m[ DONE ][39m [1mimport[22m
[0m
[  19% ] [90m[1mreimport[22m | Ceiling_type_A_039.glb[39m[0m
[   0% ] [90m[1mimport[22m | Started Import Scene (104 steps)[39m[0m
[   0% ] [90m[1mimport[22m | Importing Scene...[39m[0m
[   1% ] [90m[1mimport[22m | Running Custom Script...[39m[0m
[  99% ] [90m[1mimport[22m | Saving...[39m[0m
[92m[ DONE ][39m [1mimport[22m
[0m
[  19% ] [90m[1mreimport[22m | Ceiling_type_A_041.glb[39m[0m
[   0% ] [90m[1mimport[22m | Started Import Scene (104 steps)[39m[0m
[   0% ] [90m[1mimport[22m | Importing Scene...[39m[0m
[   1% ] [90m[1mimport[22m | Running Custom Script...[39m[0m
[  99% ] [90m[1mimport[22m | Saving...[39m[0m
[92m[ DONE ][39m [1mimport[22m
[0m
[  19% ] [90m[1mreimport[22m | Ceiling_type_A_042.glb[39m[0m
[   0% ] [90m[1mimport[22m | Started Import Scene (104 steps)[39m[0m
[   0% ] [90m[1mimport[22m | Importing Scene...[39m[0m
[   1% ] [90m[1mimport[22m | Running Custom Script...[39m[0m
[  99% ] [90m[1mimport[22m | Saving...[39m[0m
[92m[ DONE ][39m [1mimport[22m
[0m
[  19% ] [90m[1mreimport[22m | Ceiling_type_A_043.glb[39m[0m
[   0% ] [90m[1mimport[22m | Started Import Scene (104 steps)[39m[0m
[   0% ] [90m[1mimport[22m | Importing Scene...[39m[0m
[   1% ] [90m[1mimport[22m | Running Custom Script...[39m[0m
[  99% ] [90m[1mimport[22m | Saving...[39m[0m
[92m[ DONE ][39m [1mimport[22m
[0m
[  19% ] [90m[1mreimport[22m | Ceiling_type_A_044.glb[39m[0m
[   0% ] [90m[1mimport[22m | Started Import Scene (104 steps)[39m[0m
[   0% ] [90m[1mimport[22m | Importing Scene...[39m[0m
[   1% ] [90m[1mimport[22m | Running Custom Script...[39m[0m
[  99% ] [90m[1mimport[22m | Saving...[39m[0m
[92m[ DONE ][39m [1mimport[22m
[0m
[  20% ] [90m[1mreimport[22m | Ceiling_type_A_045.glb[39m[0m
[   0% ] [90m[1mimport[22m | Started Import Scene (104 steps)[39m[0m
[   0% ] [90m[1mimport[22m | Importing Scene...[39m[0m
[   1% ] [90m[1mimport[22m | Running Custom Script...[39m[0m
[  99% ] [90m[1mimport[22m | Saving...[39m[0m
[92m[ DONE ][39m [1mimport[22m
[0m
[  20% ] [90m[1mreimport[22m | Ceiling_type_A_046.glb[39m[0m
[   0% ] [90m[1mimport[22m | Started Import Scene (104 steps)[39m[0m
[   0% ] [90m[1mimport[22m | Importing Scene...[39m[0m
[   1% ] [90m[1mimport[22m | Running Custom Script...[39m[0m
[  99% ] [90m[1mimport[22m | Saving...[39m[0m
[92m[ DONE ][39m [1mimport[22m
[0m
[  20% ] [90m[1mreimport[22m | Ceiling_type_A_047.glb[39m[0m
[   0% ] [90m[1mimport[22m | Started Import Scene (104 steps)[39m[0m
[   0% ] [90m[1mimport[22m | Importing Scene...[39m[0m
[   1% ] [90m[1mimport[22m | Running Custom Script...[39m[0m
[  99% ] [90m[1mimport[22m | Saving...[39m[0m
[92m[ DONE ][39m [1mimport[22m
[0m
[  20% ] [90m[1mreimport[22m | Ceiling_type_A_048.glb[39m[0m
[   0% ] [90m[1mimport[22m | Started Import Scene (104 steps)[39m[0m
[   0% ] [90m[1mimport[22m | Importing Scene...[39m[0m
[   1% ] [90m[1mimport[22m | Running Custom Script...[39m[0m
[  99% ] [90m[1mimport[22m | Saving...[39m[0m
[92m[ DONE ][39m [1mimport[22m
[0m
[  20% ] [90m[1mreimport[22m | Ceiling_type_A_049.glb[39m[0m
[   0% ] [90m[1mimport[22m | Started Import Scene (104 steps)[39m[0m
[   0% ] [90m[1mimport[22m | Importing Scene...[39m[0m
[   1% ] [90m[1mimport[22m | Running Custom Script...[39m[0m
[  99% ] [90m[1mimport[22m | Saving...[39m[0m
[92m[ DONE ][39m [1mimport[22m
[0m
[  20% ] [90m[1mreimport[22m | Ceiling_type_A_050.glb[39m[0m
[   0% ] [90m[1mimport[22m | Started Import Scene (104 steps)[39m[0m
[   0% ] [90m[1mimport[22m | Importing Scene...[39m[0m
[   1% ] [90m[1mimport[22m | Running Custom Script...[39m[0m
[  99% ] [90m[1mimport[22m | Saving...[39m[0m
[92m[ DONE ][39m [1mimport[22m
[0m
[  20% ] [90m[1mreimport[22m | Ceiling_type_A_051.glb[39m[0m
[   0% ] [90m[1mimport[22m | Started Import Scene (104 steps)[39m[0m
[   0% ] [90m[1mimport[22m | Importing Scene...[39m[0m
[   1% ] [90m[1mimport[22m | Running Custom Script...[39m[0m
[  99% ] [90m[1mimport[22m | Saving...[39m[0m
[92m[ DONE ][39m [1mimport[22m
[0m
[  20% ] [90m[1mreimport[22m | Ceiling_type_A_052.glb[39m[0m
[   0% ] [90m[1mimport[22m | Started Import Scene (104 steps)[39m[0m
[   0% ] [90m[1mimport[22m | Importing Scene...[39m[0m
[   1% ] [90m[1mimport[22m | Running Custom Script...[39m[0m
[  99% ] [90m[1mimport[22m | Saving...[39m[0m
[92m[ DONE ][39m [1mimport[22m
[0m
[  20% ] [90m[1mreimport[22m | Ceiling_type_A_052_002.glb[39m[0m
[   0% ] [90m[1mimport[22m | Started Import Scene (104 steps)[39m[0m
[   0% ] [90m[1mimport[22m | Importing Scene...[39m[0m
[   1% ] [90m[1mimport[22m | Running Custom Script...[39m[0m
[  99% ] [90m[1mimport[22m | Saving...[39m[0m
[92m[ DONE ][39m [1mimport[22m
[0m
[  20% ] [90m[1mreimport[22m | Ceiling_type_A_052_003.glb[39m[0m
[   0% ] [90m[1mimport[22m | Started Import Scene (104 steps)[39m[0m
[   0% ] [90m[1mimport[22m | Importing Scene...[39m[0m
[   1% ] [90m[1mimport[22m | Running Custom Script...[39m[0m
[  99% ] [90m[1mimport[22m | Saving...[39m[0m
[92m[ DONE ][39m [1mimport[22m
[0m
[  21% ] [90m[1mreimport[22m | Ceiling_type_A_052_004.glb[39m[0m
[   0% ] [90m[1mimport[22m | Started Import Scene (104 steps)[39m[0m
[   0% ] [90m[1mimport[22m | Importing Scene...[39m[0m
[   1% ] [90m[1mimport[22m | Running Custom Script...[39m[0m
[  99% ] [90m[1mimport[22m | Saving...[39m[0m
[92m[ DONE ][39m [1mimport[22m
[0m
[  21% ] [90m[1mreimport[22m | Ceiling_type_A_053.glb[39m[0m
[   0% ] [90m[1mimport[22m | Started Import Scene (104 steps)[39m[0m
[   0% ] [90m[1mimport[22m | Importing Scene...[39m[0m
[   1% ] [90m[1mimport[22m | Running Custom Script...[39m[0m
[  99% ] [90m[1mimport[22m | Saving...[39m[0m
[92m[ DONE ][39m [1mimport[22m
[0m
[  21% ] [90m[1mreimport[22m | Ceiling_type_A_055.glb[39m[0m
[   0% ] [90m[1mimport[22m | Started Import Scene (104 steps)[39m[0m
[   0% ] [90m[1mimport[22m | Importing Scene...[39m[0m
[   1% ] [90m[1mimport[22m | Running Custom Script...[39m[0m
[  99% ] [90m[1mimport[22m | Saving...[39m[0m
[92m[ DONE ][39m [1mimport[22m
[0m
[  21% ] [90m[1mreimport[22m | Ceiling_type_B_001.glb[39m[0m
[   0% ] [90m[1mimport[22m | Started Import Scene (104 steps)[39m[0m
[   0% ] [90m[1mimport[22m | Importing Scene...[39m[0m
[   1% ] [90m[1mimport[22m | Running Custom Script...[39m[0m
[  99% ] [90m[1mimport[22m | Saving...[39m[0m
[92m[ DONE ][39m [1mimport[22m
[0m
[  21% ] [90m[1mreimport[22m | Ceiling_type_B_002.glb[39m[0m
[   0% ] [90m[1mimport[22m | Started Import Scene (104 steps)[39m[0m
[   0% ] [90m[1mimport[22m | Importing Scene...[39m[0m
[   1% ] [90m[1mimport[22m | Running Custom Script...[39m[0m
[  99% ] [90m[1mimport[22m | Saving...[39m[0m
[92m[ DONE ][39m [1mimport[22m
[0m
[  21% ] [90m[1mreimport[22m | Ceiling_type_B_003.glb[39m[0m
[   0% ] [90m[1mimport[22m | Started Import Scene (104 steps)[39m[0m
[   0% ] [90m[1mimport[22m | Importing Scene...[39m[0m
[   1% ] [90m[1mimport[22m | Running Custom Script...[39m[0m
[  99% ] [90m[1mimport[22m | Saving...[39m[0m
[92m[ DONE ][39m [1mimport[22m
[0m
[  21% ] [90m[1mreimport[22m | Ceiling_type_B_004.glb[39m[0m
[   0% ] [90m[1mimport[22m | Started Import Scene (104 steps)[39m[0m
[   0% ] [90m[1mimport[22m | Importing Scene...[39m[0m
[   1% ] [90m[1mimport[22m | Running Custom Script...[39m[0m
[  99% ] [90m[1mimport[22m | Saving...[39m[0m
[92m[ DONE ][39m [1mimport[22m
[0m
[  21% ] [90m[1mreimport[22m | Ceiling_type_A_007.glb[39m[0m
[   0% ] [90m[1mimport[22m | Started Import Scene (104 steps)[39m[0m
[   0% ] [90m[1mimport[22m | Importing Scene...[39m[0m
[   1% ] [90m[1mimport[22m | Running Custom Script...[39m[0m
[  99% ] [90m[1mimport[22m | Saving...[39m[0m
[92m[ DONE ][39m [1mimport[22m
[0m
[  21% ] [90m[1mreimport[22m | Ceiling_type_A_008.glb[39m[0m
[   0% ] [90m[1mimport[22m | Started Import Scene (104 steps)[39m[0m
[   0% ] [90m[1mimport[22m | Importing Scene...[39m[0m
[   1% ] [90m[1mimport[22m | Running Custom Script...[39m[0m
[  99% ] [90m[1mimport[22m | Saving...[39m[0m
[92m[ DONE ][39m [1mimport[22m
[0m
[  21% ] [90m[1mreimport[22m | Ceiling_type_A_008_002.glb[39m[0m
[   0% ] [90m[1mimport[22m | Started Import Scene (104 steps)[39m[0m
[   0% ] [90m[1mimport[22m | Importing Scene...[39m[0m
[   1% ] [90m[1mimport[22m | Running Custom Script...[39m[0m
[  99% ] [90m[1mimport[22m | Saving...[39m[0m
[92m[ DONE ][39m [1mimport[22m
[0m
[  22% ] [90m[1mreimport[22m | Ceiling_type_A_008_003.glb[39m[0m
[   0% ] [90m[1mimport[22m | Started Import Scene (104 steps)[39m[0m
[   0% ] [90m[1mimport[22m | Importing Scene...[39m[0m
[   1% ] [90m[1mimport[22m | Running Custom Script...[39m[0m
[  99% ] [90m[1mimport[22m | Saving...[39m[0m
[92m[ DONE ][39m [1mimport[22m
[0m
[  22% ] [90m[1mreimport[22m | Ceiling_type_A_008_004.glb[39m[0m
[   0% ] [90m[1mimport[22m | Started Import Scene (104 steps)[39m[0m
[   0% ] [90m[1mimport[22m | Importing Scene...[39m[0m
[   1% ] [90m[1mimport[22m | Running Custom Script...[39m[0m
[  99% ] [90m[1mimport[22m | Saving...[39m[0m
[92m[ DONE ][39m [1mimport[22m
[0m
[  22% ] [90m[1mreimport[22m | Ceiling_type_A_009.glb[39m[0m
[   0% ] [90m[1mimport[22m | Started Import Scene (104 steps)[39m[0m
[   0% ] [90m[1mimport[22m | Importing Scene...[39m[0m
[   1% ] [90m[1mimport[22m | Running Custom Script...[39m[0m
[  99% ] [90m[1mimport[22m | Saving...[39m[0m
[92m[ DONE ][39m [1mimport[22m
[0m
[  22% ] [90m[1mreimport[22m | Ceiling_type_A_011.glb[39m[0m
[   0% ] [90m[1mimport[22m | Started Import Scene (104 steps)[39m[0m
[   0% ] [90m[1mimport[22m | Importing Scene...[39m[0m
[   1% ] [90m[1mimport[22m | Running Custom Script...[39m[0m
[  99% ] [90m[1mimport[22m | Saving...[39m[0m
[92m[ DONE ][39m [1mimport[22m
[0m
[  22% ] [90m[1mreimport[22m | Ceiling_type_A_011_002.glb[39m[0m
[   0% ] [90m[1mimport[22m | Started Import Scene (104 steps)[39m[0m
[   0% ] [90m[1mimport[22m | Importing Scene...[39m[0m
[   1% ] [90m[1mimport[22m | Running Custom Script...[39m[0m
[  99% ] [90m[1mimport[22m | Saving...[39m[0m
[92m[ DONE ][39m [1mimport[22m
[0m
[  22% ] [90m[1mreimport[22m | Ceiling_type_A_011_003.glb[39m[0m
[   0% ] [90m[1mimport[22m | Started Import Scene (104 steps)[39m[0m
[   0% ] [90m[1mimport[22m | Importing Scene...[39m[0m
[   1% ] [90m[1mimport[22m | Running Custom Script...[39m[0m
[  99% ] [90m[1mimport[22m | Saving...[39m[0m
[92m[ DONE ][39m [1mimport[22m
[0m
[  22% ] [90m[1mreimport[22m | Ceiling_type_A_011_004.glb[39m[0m
[   0% ] [90m[1mimport[22m | Started Import Scene (104 steps)[39m[0m
[   0% ] [90m[1mimport[22m | Importing Scene...[39m[0m
[   1% ] [90m[1mimport[22m | Running Custom Script...[39m[0m
[  99% ] [90m[1mimport[22m | Saving...[39m[0m
[92m[ DONE ][39m [1mimport[22m
[0m
[  22% ] [90m[1mreimport[22m | Ceiling_type_A_012.glb[39m[0m
[   0% ] [90m[1mimport[22m | Started Import Scene (104 steps)[39m[0m
[   0% ] [90m[1mimport[22m | Importing Scene...[39m[0m
[   1% ] [90m[1mimport[22m | Running Custom Script...[39m[0m
[  99% ] [90m[1mimport[22m | Saving...[39m[0m
[92m[ DONE ][39m [1mimport[22m
[0m
[  22% ] [90m[1mreimport[22m | Ceiling_type_A_013.glb[39m[0m
[   0% ] [90m[1mimport[22m | Started Import Scene (104 steps)[39m[0m
[   0% ] [90m[1mimport[22m | Importing Scene...[39m[0m
[   1% ] [90m[1mimport[22m | Running Custom Script...[39m[0m
[  99% ] [90m[1mimport[22m | Saving...[39m[0m
[92m[ DONE ][39m [1mimport[22m
[0m
[  22% ] [90m[1mreimport[22m | Ceiling_type_A_014.glb[39m[0m
[   0% ] [90m[1mimport[22m | Started Import Scene (104 steps)[39m[0m
[   0% ] [90m[1mimport[22m | Importing Scene...[39m[0m
[   1% ] [90m[1mimport[22m | Running Custom Script...[39m[0m
[  99% ] [90m[1mimport[22m | Saving...[39m[0m
[92m[ DONE ][39m [1mimport[22m
[0m
[  23% ] [90m[1mreimport[22m | Ceiling_type_A_015.glb[39m[0m
[   0% ] [90m[1mimport[22m | Started Import Scene (104 steps)[39m[0m
[   0% ] [90m[1mimport[22m | Importing Scene...[39m[0m
[   1% ] [90m[1mimport[22m | Running Custom Script...[39m[0m
[  99% ] [90m[1mimport[22m | Saving...[39m[0m
[92m[ DONE ][39m [1mimport[22m
[0m
[  23% ] [90m[1mreimport[22m | Ceiling_type_A_016.glb[39m[0m
[   0% ] [90m[1mimport[22m | Started Import Scene (104 steps)[39m[0m
[   0% ] [90m[1mimport[22m | Importing Scene...[39m[0m
[   1% ] [90m[1mimport[22m | Running Custom Script...[39m[0m
[  99% ] [90m[1mimport[22m | Saving...[39m[0m
[92m[ DONE ][39m [1mimport[22m
[0m
[  23% ] [90m[1mreimport[22m | Ceiling_type_A_017.glb[39m[0m
[   0% ] [90m[1mimport[22m | Started Import Scene (104 steps)[39m[0m
[   0% ] [90m[1mimport[22m | Importing Scene...[39m[0m
[   1% ] [90m[1mimport[22m | Running Custom Script...[39m[0m
[  99% ] [90m[1mimport[22m | Saving...[39m[0m
[92m[ DONE ][39m [1mimport[22m
[0m
[  23% ] [90m[1mreimport[22m | Ceiling_type_A_019.glb[39m[0m
[   0% ] [90m[1mimport[22m | Started Import Scene (104 steps)[39m[0m
[   0% ] [90m[1mimport[22m | Importing Scene...[39m[0m
[   1% ] [90m[1mimport[22m | Running Custom Script...[39m[0m
[  99% ] [90m[1mimport[22m | Saving...[39m[0m
[92m[ DONE ][39m [1mimport[22m
[0m
[  23% ] [90m[1mreimport[22m | Ceiling_type_A_020.glb[39m[0m
[   0% ] [90m[1mimport[22m | Started Import Scene (104 steps)[39m[0m
[   0% ] [90m[1mimport[22m | Importing Scene...[39m[0m
[   1% ] [90m[1mimport[22m | Running Custom Script...[39m[0m
[  99% ] [90m[1mimport[22m | Saving...[39m[0m
[92m[ DONE ][39m [1mimport[22m
[0m
[  23% ] [90m[1mreimport[22m | Ceiling_type_A_021.glb[39m[0m
[   0% ] [90m[1mimport[22m | Started Import Scene (104 steps)[39m[0m
[   0% ] [90m[1mimport[22m | Importing Scene...[39m[0m
[   1% ] [90m[1mimport[22m | Running Custom Script...[39m[0m
[  99% ] [90m[1mimport[22m | Saving...[39m[0m
[92m[ DONE ][39m [1mimport[22m
[0m
[  23% ] [90m[1mreimport[22m | Ceiling_type_A_022.glb[39m[0m
[   0% ] [90m[1mimport[22m | Started Import Scene (104 steps)[39m[0m
[   0% ] [90m[1mimport[22m | Importing Scene...[39m[0m
[   1% ] [90m[1mimport[22m | Running Custom Script...[39m[0m
[  99% ] [90m[1mimport[22m | Saving...[39m[0m
[92m[ DONE ][39m [1mimport[22m
[0m
[  23% ] [90m[1mreimport[22m | Ceiling_type_A_023.glb[39m[0m
[   0% ] [90m[1mimport[22m | Started Import Scene (104 steps)[39m[0m
[   0% ] [90m[1mimport[22m | Importing Scene...[39m[0m
[   1% ] [90m[1mimport[22m | Running Custom Script...[39m[0m
[  99% ] [90m[1mimport[22m | Saving...[39m[0m
[92m[ DONE ][39m [1mimport[22m
[0m
[  23% ] [90m[1mreimport[22m | Ceiling_type_A_024.glb[39m[0m
[   0% ] [90m[1mimport[22m | Started Import Scene (104 steps)[39m[0m
[   0% ] [90m[1mimport[22m | Importing Scene...[39m[0m
[   1% ] [90m[1mimport[22m | Running Custom Script...[39m[0m
[  99% ] [90m[1mimport[22m | Saving...[39m[0m
[92m[ DONE ][39m [1mimport[22m
[0m
[  23% ] [90m[1mreimport[22m | Ceiling_type_A_025.glb[39m[0m
[   0% ] [90m[1mimport[22m | Started Import Scene (104 steps)[39m[0m
[   0% ] [90m[1mimport[22m | Importing Scene...[39m[0m
[   1% ] [90m[1mimport[22m | Running Custom Script...[39m[0m
[  99% ] [90m[1mimport[22m | Saving...[39m[0m
[92m[ DONE ][39m [1mimport[22m
[0m
[  24% ] [90m[1mreimport[22m | Ceiling_type_A_026.glb[39m[0m
[   0% ] [90m[1mimport[22m | Started Import Scene (104 steps)[39m[0m
[   0% ] [90m[1mimport[22m | Importing Scene...[39m[0m
[   1% ] [90m[1mimport[22m | Running Custom Script...[39m[0m
[  99% ] [90m[1mimport[22m | Saving...[39m[0m
[92m[ DONE ][39m [1mimport[22m
[0m
[  24% ] [90m[1mreimport[22m | Ceiling_type_A_026_002.glb[39m[0m
[   0% ] [90m[1mimport[22m | Started Import Scene (104 steps)[39m[0m
[   0% ] [90m[1mimport[22m | Importing Scene...[39m[0m
[   1% ] [90m[1mimport[22m | Running Custom Script...[39m[0m
[  99% ] [90m[1mimport[22m | Saving...[39m[0m
[92m[ DONE ][39m [1mimport[22m
[0m
[  24% ] [90m[1mreimport[22m | Ceiling_type_A_026_003.glb[39m[0m
[   0% ] [90m[1mimport[22m | Started Import Scene (104 steps)[39m[0m
[   0% ] [90m[1mimport[22m | Importing Scene...[39m[0m
[   1% ] [90m[1mimport[22m | Running Custom Script...[39m[0m
[  99% ] [90m[1mimport[22m | Saving...[39m[0m
[92m[ DONE ][39m [1mimport[22m
[0m
[  24% ] [90m[1mreimport[22m | Ceiling_type_A_026_004.glb[39m[0m
[   0% ] [90m[1mimport[22m | Started Import Scene (104 steps)[39m[0m
[   0% ] [90m[1mimport[22m | Importing Scene...[39m[0m
[   1% ] [90m[1mimport[22m | Running Custom Script...[39m[0m
[  99% ] [90m[1mimport[22m | Saving...[39m[0m
[92m[ DONE ][39m [1mimport[22m
[0m
[  24% ] [90m[1mreimport[22m | Ceiling_type_A_027.glb[39m[0m
[   0% ] [90m[1mimport[22m | Started Import Scene (104 steps)[39m[0m
[   0% ] [90m[1mimport[22m | Importing Scene...[39m[0m
[   1% ] [90m[1mimport[22m | Running Custom Script...[39m[0m
[  99% ] [90m[1mimport[22m | Saving...[39m[0m
[92m[ DONE ][39m [1mimport[22m
[0m
[  24% ] [90m[1mreimport[22m | Ceiling_type_A_028.glb[39m[0m
[   0% ] [90m[1mimport[22m | Started Import Scene (104 steps)[39m[0m
[   0% ] [90m[1mimport[22m | Importing Scene...[39m[0m
[   1% ] [90m[1mimport[22m | Running Custom Script...[39m[0m
[  99% ] [90m[1mimport[22m | Saving...[39m[0m
[92m[ DONE ][39m [1mimport[22m
[0m
[  24% ] [90m[1mreimport[22m | Ceiling_type_A_030.glb[39m[0m
[   0% ] [90m[1mimport[22m | Started Import Scene (104 steps)[39m[0m
[   0% ] [90m[1mimport[22m | Importing Scene...[39m[0m
[   1% ] [90m[1mimport[22m | Running Custom Script...[39m[0m
[  99% ] [90m[1mimport[22m | Saving...[39m[0m
[92m[ DONE ][39m [1mimport[22m
[0m
[  24% ] [90m[1mreimport[22m | Ceiling_type_A_031.glb[39m[0m
[   0% ] [90m[1mimport[22m | Started Import Scene (104 steps)[39m[0m
[   0% ] [90m[1mimport[22m | Importing Scene...[39m[0m
[   1% ] [90m[1mimport[22m | Running Custom Script...[39m[0m
[  99% ] [90m[1mimport[22m | Saving...[39m[0m
[92m[ DONE ][39m [1mimport[22m
[0m
[  24% ] [90m[1mreimport[22m | Ceiling_type_A_032.glb[39m[0m
[   0% ] [90m[1mimport[22m | Started Import Scene (104 steps)[39m[0m
[   0% ] [90m[1mimport[22m | Importing Scene...[39m[0m
[   1% ] [90m[1mimport[22m | Running Custom Script...[39m[0m
[  99% ] [90m[1mimport[22m | Saving...[39m[0m
[92m[ DONE ][39m [1mimport[22m
[0m
[  24% ] [90m[1mreimport[22m | Missile_001.glb[39m[0m
[   0% ] [90m[1mimport[22m | Started Import Scene (104 steps)[39m[0m
[   0% ] [90m[1mimport[22m | Importing Scene...[39m[0m
[   1% ] [90m[1mimport[22m | Running Custom Script...[39m[0m
[  99% ] [90m[1mimport[22m | Saving...[39m[0m
[92m[ DONE ][39m [1mimport[22m
[0m
[  25% ] [90m[1mreimport[22m | Missile_002.glb[39m[0m
[   0% ] [90m[1mimport[22m | Started Import Scene (104 steps)[39m[0m
[   0% ] [90m[1mimport[22m | Importing Scene...[39m[0m
[   1% ] [90m[1mimport[22m | Running Custom Script...[39m[0m
[  99% ] [90m[1mimport[22m | Saving...[39m[0m
[92m[ DONE ][39m [1mimport[22m
[0m
[  25% ] [90m[1mreimport[22m | Missile_box_001.glb[39m[0m
[   0% ] [90m[1mimport[22m | Started Import Scene (104 steps)[39m[0m
[   0% ] [90m[1mimport[22m | Importing Scene...[39m[0m
[   1% ] [90m[1mimport[22m | Running Custom Script...[39m[0m
[  99% ] [90m[1mimport[22m | Saving...[39m[0m
[92m[ DONE ][39m [1mimport[22m
[0m
[  25% ] [90m[1mreimport[22m | Missile_box_002.glb[39m[0m
[   0% ] [90m[1mimport[22m | Started Import Scene (104 steps)[39m[0m
[   0% ] [90m[1mimport[22m | Importing Scene...[39m[0m
[   1% ] [90m[1mimport[22m | Running Custom Script...[39m[0m
[  99% ] [90m[1mimport[22m | Saving...[39m[0m
[92m[ DONE ][39m [1mimport[22m
[0m
[  25% ] [90m[1mreimport[22m | Sound_ammo.glb[39m[0m
[   0% ] [90m[1mimport[22m | Started Import Scene (104 steps)[39m[0m
[   0% ] [90m[1mimport[22m | Importing Scene...[39m[0m
[   1% ] [90m[1mimport[22m | Running Custom Script...[39m[0m
[  99% ] [90m[1mimport[22m | Saving...[39m[0m
[92m[ DONE ][39m [1mimport[22m
[0m
[  25% ] [90m[1mreimport[22m | medbay_terminal.glb[39m[0m
[   0% ] [90m[1mimport[22m | Started Import Scene (104 steps)[39m[0m
[   0% ] [90m[1mimport[22m | Importing Scene...[39m[0m
[   1% ] [90m[1mimport[22m | Running Custom Script...[39m[0m
[  99% ] [90m[1mimport[22m | Saving...[39m[0m
[92m[ DONE ][39m [1mimport[22m
[0m
[  25% ] [90m[1mreimport[22m | reactor_control_panel.glb[39m[0m
[   0% ] [90m[1mimport[22m | Started Import Scene (104 steps)[39m[0m
[   0% ] [90m[1mimport[22m | Importing Scene...[39m[0m
[   1% ] [90m[1mimport[22m | Running Custom Script...[39m[0m
[  99% ] [90m[1mimport[22m | Saving...[39m[0m
[92m[ DONE ][39m [1mimport[22m
[0m
[  25% ] [90m[1mreimport[22m | repair_junction.glb[39m[0m
[   0% ] [90m[1mimport[22m | Started Import Scene (104 steps)[39m[0m
[   0% ] [90m[1mimport[22m | Importing Scene...[39m[0m
[   1% ] [90m[1mimport[22m | Running Custom Script...[39m[0m
[  99% ] [90m[1mimport[22m | Saving...[39m[0m
[92m[ DONE ][39m [1mimport[22m
[0m
[  25% ] [90m[1mreimport[22m | supply_cache.glb[39m[0m
[   0% ] [90m[1mimport[22m | Started Import Scene (104 steps)[39m[0m
[   0% ] [90m[1mimport[22m | Importing Scene...[39m[0m
[   1% ] [90m[1mimport[22m | Running Custom Script...[39m[0m
[  99% ] [90m[1mimport[22m | Saving...[39m[0m
[92m[ DONE ][39m [1mimport[22m
[0m
[  25% ] [90m[1mreimport[22m | bulkhead_portal_2x1.glb[39m[0m
[   0% ] [90m[1mimport[22m | Started Import Scene (104 steps)[39m[0m
[   0% ] [90m[1mimport[22m | Importing Scene...[39m[0m
[   1% ] [90m[1mimport[22m | Running Custom Script...[39m[0m
[  99% ] [90m[1mimport[22m | Saving...[39m[0m
[92m[ DONE ][39m [1mimport[22m
[0m
[  25% ] [90m[1mreimport[22m | bulkhead_portal_2x1_breached.glb[39m[0m
[   0% ] [90m[1mimport[22m | Started Import Scene (104 steps)[39m[0m
[   0% ] [90m[1mimport[22m | Importing Scene...[39m[0m
[   1% ] [90m[1mimport[22m | Running Custom Script...[39m[0m
[  99% ] [90m[1mimport[22m | Saving...[39m[0m
[92m[ DONE ][39m [1mimport[22m
[0m
[  26% ] [90m[1mreimport[22m | bulkhead_portal_2x1_damaged.glb[39m[0m
[   0% ] [90m[1mimport[22m | Started Import Scene (104 steps)[39m[0m
[   0% ] [90m[1mimport[22m | Importing Scene...[39m[0m
[   1% ] [90m[1mimport[22m | Running Custom Script...[39m[0m
[  99% ] [90m[1mimport[22m | Saving...[39m[0m
[92m[ DONE ][39m [1mimport[22m
[0m
[  26% ] [90m[1mreimport[22m | ceiling_cap_1x1.glb[39m[0m
[   0% ] [90m[1mimport[22m | Started Import Scene (104 steps)[39m[0m
[   0% ] [90m[1mimport[22m | Importing Scene...[39m[0m
[   1% ] [90m[1mimport[22m | Running Custom Script...[39m[0m
[  99% ] [90m[1mimport[22m | Saving...[39m[0m
[92m[ DONE ][39m [1mimport[22m
[0m
[  26% ] [90m[1mreimport[22m | ceiling_cap_1x1_breached.glb[39m[0m
[   0% ] [90m[1mimport[22m | Started Import Scene (104 steps)[39m[0m
[   0% ] [90m[1mimport[22m | Importing Scene...[39m[0m
[   1% ] [90m[1mimport[22m | Running Custom Script...[39m[0m
[  99% ] [90m[1mimport[22m | Saving...[39m[0m
[92m[ DONE ][39m [1mimport[22m
[0m
[  26% ] [90m[1mreimport[22m | ceiling_cap_1x1_damaged.glb[39m[0m
[   0% ] [90m[1mimport[22m | Started Import Scene (104 steps)[39m[0m
[   0% ] [90m[1mimport[22m | Importing Scene...[39m[0m
[   1% ] [90m[1mimport[22m | Running Custom Script...[39m[0m
[  99% ] [90m[1mimport[22m | Saving...[39m[0m
[92m[ DONE ][39m [1mimport[22m
[0m
[  26% ] [90m[1mreimport[22m | corridor_floor_1x1.glb[39m[0m
[   0% ] [90m[1mimport[22m | Started Import Scene (104 steps)[39m[0m
[   0% ] [90m[1mimport[22m | Importing Scene...[39m[0m
[   1% ] [90m[1mimport[22m | Running Custom Script...[39m[0m
[  99% ] [90m[1mimport[22m | Saving...[39m[0m
[92m[ DONE ][39m [1mimport[22m
[0m
[  26% ] [90m[1mreimport[22m | corridor_floor_1x1_breached.glb[39m[0m
[   0% ] [90m[1mimport[22m | Started Import Scene (104 steps)[39m[0m
[   0% ] [90m[1mimport[22m | Importing Scene...[39m[0m
[   1% ] [90m[1mimport[22m | Running Custom Script...[39m[0m
[  99% ] [90m[1mimport[22m | Saving...[39m[0m
[92m[ DONE ][39m [1mimport[22m
[0m
[  26% ] [90m[1mreimport[22m | corridor_floor_1x1_damaged.glb[39m[0m
[   0% ] [90m[1mimport[22m | Started Import Scene (104 steps)[39m[0m
[   0% ] [90m[1mimport[22m | Importing Scene...[39m[0m
[   1% ] [90m[1mimport[22m | Running Custom Script...[39m[0m
[  99% ] [90m[1mimport[22m | Saving...[39m[0m
[92m[ DONE ][39m [1mimport[22m
[0m
[  26% ] [90m[1mreimport[22m | corridor_floor_1x2.glb[39m[0m
[   0% ] [90m[1mimport[22m | Started Import Scene (104 steps)[39m[0m
[   0% ] [90m[1mimport[22m | Importing Scene...[39m[0m
[   1% ] [90m[1mimport[22m | Running Custom Script...[39m[0m
[  99% ] [90m[1mimport[22m | Saving...[39m[0m
[92m[ DONE ][39m [1mimport[22m
[0m
[  26% ] [90m[1mreimport[22m | corridor_floor_1x2_breached.glb[39m[0m
[   0% ] [90m[1mimport[22m | Started Import Scene (104 steps)[39m[0m
[   0% ] [90m[1mimport[22m | Importing Scene...[39m[0m
[   1% ] [90m[1mimport[22m | Running Custom Script...[39m[0m
[  99% ] [90m[1mimport[22m | Saving...[39m[0m
[92m[ DONE ][39m [1mimport[22m
[0m
[  26% ] [90m[1mreimport[22m | corridor_floor_1x2_damaged.glb[39m[0m
[   0% ] [90m[1mimport[22m | Started Import Scene (104 steps)[39m[0m
[   0% ] [90m[1mimport[22m | Importing Scene...[39m[0m
[   1% ] [90m[1mimport[22m | Running Custom Script...[39m[0m
[  99% ] [90m[1mimport[22m | Saving...[39m[0m
[92m[ DONE ][39m [1mimport[22m
[0m
[  27% ] [90m[1mreimport[22m | doorway_frame_blocked_1x1.glb[39m[0m
[   0% ] [90m[1mimport[22m | Started Import Scene (104 steps)[39m[0m
[   0% ] [90m[1mimport[22m | Importing Scene...[39m[0m
[   1% ] [90m[1mimport[22m | Running Custom Script...[39m[0m
[  99% ] [90m[1mimport[22m | Saving...[39m[0m
[92m[ DONE ][39m [1mimport[22m
[0m
[  27% ] [90m[1mreimport[22m | doorway_frame_blocked_1x1_breached.glb[39m[0m
[   0% ] [90m[1mimport[22m | Started Import Scene (104 steps)[39m[0m
[   0% ] [90m[1mimport[22m | Importing Scene...[39m[0m
[   1% ] [90m[1mimport[22m | Running Custom Script...[39m[0m
[  99% ] [90m[1mimport[22m | Saving...[39m[0m
[92m[ DONE ][39m [1mimport[22m
[0m
[  27% ] [90m[1mreimport[22m | doorway_frame_blocked_1x1_damaged.glb[39m[0m
[   0% ] [90m[1mimport[22m | Started Import Scene (104 steps)[39m[0m
[   0% ] [90m[1mimport[22m | Importing Scene...[39m[0m
[   1% ] [90m[1mimport[22m | Running Custom Script...[39m[0m
[  99% ] [90m[1mimport[22m | Saving...[39m[0m
[92m[ DONE ][39m [1mimport[22m
[0m
[  27% ] [90m[1mreimport[22m | doorway_frame_open_1x1.glb[39m[0m
[   0% ] [90m[1mimport[22m | Started Import Scene (104 steps)[39m[0m
[   0% ] [90m[1mimport[22m | Importing Scene...[39m[0m
[   1% ] [90m[1mimport[22m | Running Custom Script...[39m[0m
[  99% ] [90m[1mimport[22m | Saving...[39m[0m
[92m[ DONE ][39m [1mimport[22m
[0m
[  27% ] [90m[1mreimport[22m | doorway_frame_open_1x1_breached.glb[39m[0m
[   0% ] [90m[1mimport[22m | Started Import Scene (104 steps)[39m[0m
[   0% ] [90m[1mimport[22m | Importing Scene...[39m[0m
[   1% ] [90m[1mimport[22m | Running Custom Script...[39m[0m
[  99% ] [90m[1mimport[22m | Saving...[39m[0m
[92m[ DONE ][39m [1mimport[22m
[0m
[  27% ] [90m[1mreimport[22m | doorway_frame_open_1x1_damaged.glb[39m[0m
[   0% ] [90m[1mimport[22m | Started Import Scene (104 steps)[39m[0m
[   0% ] [90m[1mimport[22m | Importing Scene...[39m[0m
[   1% ] [90m[1mimport[22m | Running Custom Script...[39m[0m
[  99% ] [90m[1mimport[22m | Saving...[39m[0m
[92m[ DONE ][39m [1mimport[22m
[0m
[  27% ] [90m[1mreimport[22m | floor_1x1.glb[39m[0m
[   0% ] [90m[1mimport[22m | Started Import Scene (104 steps)[39m[0m
[   0% ] [90m[1mimport[22m | Importing Scene...[39m[0m
[   1% ] [90m[1mimport[22m | Running Custom Script...[39m[0m
[  99% ] [90m[1mimport[22m | Saving...[39m[0m
[92m[ DONE ][39m [1mimport[22m
[0m
[  27% ] [90m[1mreimport[22m | floor_1x1_breached.glb[39m[0m
[   0% ] [90m[1mimport[22m | Started Import Scene (104 steps)[39m[0m
[   0% ] [90m[1mimport[22m | Importing Scene...[39m[0m
[   1% ] [90m[1mimport[22m | Running Custom Script...[39m[0m
[  99% ] [90m[1mimport[22m | Saving...[39m[0m
[92m[ DONE ][39m [1mimport[22m
[0m
[  27% ] [90m[1mreimport[22m | floor_1x1_damaged.glb[39m[0m
[   0% ] [90m[1mimport[22m | Started Import Scene (104 steps)[39m[0m
[   0% ] [90m[1mimport[22m | Importing Scene...[39m[0m
[   1% ] [90m[1mimport[22m | Running Custom Script...[39m[0m
[  99% ] [90m[1mimport[22m | Saving...[39m[0m
[92m[ DONE ][39m [1mimport[22m
[0m
[  27% ] [90m[1mreimport[22m | floor_2x1.glb[39m[0m
[   0% ] [90m[1mimport[22m | Started Import Scene (104 steps)[39m[0m
[   0% ] [90m[1mimport[22m | Importing Scene...[39m[0m
[   1% ] [90m[1mimport[22m | Running Custom Script...[39m[0m
[  99% ] [90m[1mimport[22m | Saving...[39m[0m
[92m[ DONE ][39m [1mimport[22m
[0m
[  28% ] [90m[1mreimport[22m | Wall_type_C_050.glb[39m[0m
[   0% ] [90m[1mimport[22m | Started Import Scene (104 steps)[39m[0m
[   0% ] [90m[1mimport[22m | Importing Scene...[39m[0m
[   1% ] [90m[1mimport[22m | Running Custom Script...[39m[0m
[  99% ] [90m[1mimport[22m | Saving...[39m[0m
[92m[ DONE ][39m [1mimport[22m
[0m
[  28% ] [90m[1mreimport[22m | Wall_type_C_051.glb[39m[0m
[   0% ] [90m[1mimport[22m | Started Import Scene (104 steps)[39m[0m
[   0% ] [90m[1mimport[22m | Importing Scene...[39m[0m
[   1% ] [90m[1mimport[22m | Running Custom Script...[39m[0m
[  99% ] [90m[1mimport[22m | Saving...[39m[0m
[92m[ DONE ][39m [1mimport[22m
[0m
[  28% ] [90m[1mreimport[22m | Wall_type_C_052.glb[39m[0m
[   0% ] [90m[1mimport[22m | Started Import Scene (104 steps)[39m[0m
[   0% ] [90m[1mimport[22m | Importing Scene...[39m[0m
[   1% ] [90m[1mimport[22m | Running Custom Script...[39m[0m
[  99% ] [90m[1mimport[22m | Saving...[39m[0m
[92m[ DONE ][39m [1mimport[22m
[0m
[  28% ] [90m[1mreimport[22m | Wall_type_C_053.glb[39m[0m
[   0% ] [90m[1mimport[22m | Started Import Scene (104 steps)[39m[0m
[   0% ] [90m[1mimport[22m | Importing Scene...[39m[0m
[   1% ] [90m[1mimport[22m | Running Custom Script...[39m[0m
[  99% ] [90m[1mimport[22m | Saving...[39m[0m
[92m[ DONE ][39m [1mimport[22m
[0m
[  28% ] [90m[1mreimport[22m | Wall_type_C_054.glb[39m[0m
[   0% ] [90m[1mimport[22m | Started Import Scene (104 steps)[39m[0m
[   0% ] [90m[1mimport[22m | Importing Scene...[39m[0m
[   1% ] [90m[1mimport[22m | Running Custom Script...[39m[0m
[  99% ] [90m[1mimport[22m | Saving...[39m[0m
[92m[ DONE ][39m [1mimport[22m
[0m
[  28% ] [90m[1mreimport[22m | Wall_type_C_055.glb[39m[0m
[   0% ] [90m[1mimport[22m | Started Import Scene (104 steps)[39m[0m
[   0% ] [90m[1mimport[22m | Importing Scene...[39m[0m
[   1% ] [90m[1mimport[22m | Running Custom Script...[39m[0m
[  99% ] [90m[1mimport[22m | Saving...[39m[0m
[92m[ DONE ][39m [1mimport[22m
[0m
[  28% ] [90m[1mreimport[22m | Wall_type_C_055_001.glb[39m[0m
[   0% ] [90m[1mimport[22m | Started Import Scene (104 steps)[39m[0m
[   0% ] [90m[1mimport[22m | Importing Scene...[39m[0m
[   1% ] [90m[1mimport[22m | Running Custom Script...[39m[0m
[  99% ] [90m[1mimport[22m | Saving...[39m[0m
[92m[ DONE ][39m [1mimport[22m
[0m
[  28% ] [90m[1mreimport[22m | Wall_type_C_056.glb[39m[0m
[   0% ] [90m[1mimport[22m | Started Import Scene (104 steps)[39m[0m
[   0% ] [90m[1mimport[22m | Importing Scene...[39m[0m
[   1% ] [90m[1mimport[22m | Running Custom Script...[39m[0m
[  99% ] [90m[1mimport[22m | Saving...[39m[0m
[92m[ DONE ][39m [1mimport[22m
[0m
[  28% ] [90m[1mreimport[22m | Wall_type_C_057.glb[39m[0m
[   0% ] [90m[1mimport[22m | Started Import Scene (104 steps)[39m[0m
[   0% ] [90m[1mimport[22m | Importing Scene...[39m[0m
[   1% ] [90m[1mimport[22m | Running Custom Script...[39m[0m
[  99% ] [90m[1mimport[22m | Saving...[39m[0m
[92m[ DONE ][39m [1mimport[22m
[0m
[  28% ] [90m[1mreimport[22m | Wall_type_C_058.glb[39m[0m
[   0% ] [90m[1mimport[22m | Started Import Scene (104 steps)[39m[0m
[   0% ] [90m[1mimport[22m | Importing Scene...[39m[0m
[   1% ] [90m[1mimport[22m | Running Custom Script...[39m[0m
[  99% ] [90m[1mimport[22m | Saving...[39m[0m
[92m[ DONE ][39m [1mimport[22m
[0m
[  29% ] [90m[1mreimport[22m | Wall_type_C_059.glb[39m[0m
[   0% ] [90m[1mimport[22m | Started Import Scene (104 steps)[39m[0m
[   0% ] [90m[1mimport[22m | Importing Scene...[39m[0m
[   1% ] [90m[1mimport[22m | Running Custom Script...[39m[0m
[  99% ] [90m[1mimport[22m | Saving...[39m[0m
[92m[ DONE ][39m [1mimport[22m
[0m
[  29% ] [90m[1mreimport[22m | Wall_type_C_060.glb[39m[0m
[   0% ] [90m[1mimport[22m | Started Import Scene (104 steps)[39m[0m
[   0% ] [90m[1mimport[22m | Importing Scene...[39m[0m
[   1% ] [90m[1mimport[22m | Running Custom Script...[39m[0m
[  99% ] [90m[1mimport[22m | Saving...[39m[0m
[92m[ DONE ][39m [1mimport[22m
[0m
[  29% ] [90m[1mreimport[22m | Wall_type_C_061.glb[39m[0m
[   0% ] [90m[1mimport[22m | Started Import Scene (104 steps)[39m[0m
[   0% ] [90m[1mimport[22m | Importing Scene...[39m[0m
[   1% ] [90m[1mimport[22m | Running Custom Script...[39m[0m
[  99% ] [90m[1mimport[22m | Saving...[39m[0m
[92m[ DONE ][39m [1mimport[22m
[0m
[  29% ] [90m[1mreimport[22m | Wall_type_C_062.glb[39m[0m
[   0% ] [90m[1mimport[22m | Started Import Scene (104 steps)[39m[0m
[   0% ] [90m[1mimport[22m | Importing Scene...[39m[0m
[   1% ] [90m[1mimport[22m | Running Custom Script...[39m[0m
[  99% ] [90m[1mimport[22m | Saving...[39m[0m
[92m[ DONE ][39m [1mimport[22m
[0m
[  29% ] [90m[1mreimport[22m | Wall_type_C_063.glb[39m[0m
[   0% ] [90m[1mimport[22m | Started Import Scene (104 steps)[39m[0m
[   0% ] [90m[1mimport[22m | Importing Scene...[39m[0m
[   1% ] [90m[1mimport[22m | Running Custom Script...[39m[0m
[  99% ] [90m[1mimport[22m | Saving...[39m[0m
[92m[ DONE ][39m [1mimport[22m
[0m
[  29% ] [90m[1mreimport[22m | Wall_type_C_064.glb[39m[0m
[   0% ] [90m[1mimport[22m | Started Import Scene (104 steps)[39m[0m
[   0% ] [90m[1mimport[22m | Importing Scene...[39m[0m
[   1% ] [90m[1mimport[22m | Running Custom Script...[39m[0m
[  99% ] [90m[1mimport[22m | Saving...[39m[0m
[92m[ DONE ][39m [1mimport[22m
[0m
[  29% ] [90m[1mreimport[22m | Wall_type_C_065.glb[39m[0m
[   0% ] [90m[1mimport[22m | Started Import Scene (104 steps)[39m[0m
[   0% ] [90m[1mimport[22m | Importing Scene...[39m[0m
[   1% ] [90m[1mimport[22m | Running Custom Script...[39m[0m
[  99% ] [90m[1mimport[22m | Saving...[39m[0m
[92m[ DONE ][39m [1mimport[22m
[0m
[  29% ] [90m[1mreimport[22m | Wall_type_C_066.glb[39m[0m
[   0% ] [90m[1mimport[22m | Started Import Scene (104 steps)[39m[0m
[   0% ] [90m[1mimport[22m | Importing Scene...[39m[0m
[   1% ] [90m[1mimport[22m | Running Custom Script...[39m[0m
[  99% ] [90m[1mimport[22m | Saving...[39m[0m
[92m[ DONE ][39m [1mimport[22m
[0m
[  29% ] [90m[1mreimport[22m | Wall_type_C_067.glb[39m[0m
[   0% ] [90m[1mimport[22m | Started Import Scene (104 steps)[39m[0m
[   0% ] [90m[1mimport[22m | Importing Scene...[39m[0m
[   1% ] [90m[1mimport[22m | Running Custom Script...[39m[0m
[  99% ] [90m[1mimport[22m | Saving...[39m[0m
[92m[ DONE ][39m [1mimport[22m
[0m
[  29% ] [90m[1mreimport[22m | Wall_type_C_068.glb[39m[0m
[   0% ] [90m[1mimport[22m | Started Import Scene (104 steps)[39m[0m
[   0% ] [90m[1mimport[22m | Importing Scene...[39m[0m
[   1% ] [90m[1mimport[22m | Running Custom Script...[39m[0m
[  99% ] [90m[1mimport[22m | Saving...[39m[0m
[92m[ DONE ][39m [1mimport[22m
[0m
[  30% ] [90m[1mreimport[22m | Wall_type_C_069.glb[39m[0m
[   0% ] [90m[1mimport[22m | Started Import Scene (104 steps)[39m[0m
[   0% ] [90m[1mimport[22m | Importing Scene...[39m[0m
[   1% ] [90m[1mimport[22m | Running Custom Script...[39m[0m
[  99% ] [90m[1mimport[22m | Saving...[39m[0m
[92m[ DONE ][39m [1mimport[22m
[0m
[  30% ] [90m[1mreimport[22m | Wall_type_C_070.glb[39m[0m
[   0% ] [90m[1mimport[22m | Started Import Scene (104 steps)[39m[0m
[   0% ] [90m[1mimport[22m | Importing Scene...[39m[0m
[   1% ] [90m[1mimport[22m | Running Custom Script...[39m[0m
[  99% ] [90m[1mimport[22m | Saving...[39m[0m
[92m[ DONE ][39m [1mimport[22m
[0m
[  30% ] [90m[1mreimport[22m | Wall_type_C_071.glb[39m[0m
[   0% ] [90m[1mimport[22m | Started Import Scene (104 steps)[39m[0m
[   0% ] [90m[1mimport[22m | Importing Scene...[39m[0m
[   1% ] [90m[1mimport[22m | Running Custom Script...[39m[0m
[  99% ] [90m[1mimport[22m | Saving...[39m[0m
[92m[ DONE ][39m [1mimport[22m
[0m
[  30% ] [90m[1mreimport[22m | Wall_type_C_072.glb[39m[0m
[   0% ] [90m[1mimport[22m | Started Import Scene (104 steps)[39m[0m
[   0% ] [90m[1mimport[22m | Importing Scene...[39m[0m
[   1% ] [90m[1mimport[22m | Running Custom Script...[39m[0m
[  99% ] [90m[1mimport[22m | Saving...[39m[0m
[92m[ DONE ][39m [1mimport[22m
[0m
[  30% ] [90m[1mreimport[22m | Wall_type_C_073.glb[39m[0m
[   0% ] [90m[1mimport[22m | Started Import Scene (104 steps)[39m[0m
[   0% ] [90m[1mimport[22m | Importing Scene...[39m[0m
[   1% ] [90m[1mimport[22m | Running Custom Script...[39m[0m
[  99% ] [90m[1mimport[22m | Saving...[39m[0m
[92m[ DONE ][39m [1mimport[22m
[0m
[  30% ] [90m[1mreimport[22m | Bullet.glb[39m[0m
[   0% ] [90m[1mimport[22m | Started Import Scene (104 steps)[39m[0m
[   0% ] [90m[1mimport[22m | Importing Scene...[39m[0m
[   1% ] [90m[1mimport[22m | Running Custom Script...[39m[0m
[  99% ] [90m[1mimport[22m | Saving...[39m[0m
[92m[ DONE ][39m [1mimport[22m
[0m
[  30% ] [90m[1mreimport[22m | Gauss_ammo.glb[39m[0m
[   0% ] [90m[1mimport[22m | Started Import Scene (104 steps)[39m[0m
[   0% ] [90m[1mimport[22m | Importing Scene...[39m[0m
[   1% ] [90m[1mimport[22m | Running Custom Script...[39m[0m
[  99% ] [90m[1mimport[22m | Saving...[39m[0m
[92m[ DONE ][39m [1mimport[22m
[0m
[  30% ] [90m[1mreimport[22m | Hive_ammo.glb[39m[0m
[   0% ] [90m[1mimport[22m | Started Import Scene (104 steps)[39m[0m
[   0% ] [90m[1mimport[22m | Importing Scene...[39m[0m
[   1% ] [90m[1mimport[22m | Running Custom Script...[39m[0m
[  99% ] [90m[1mimport[22m | Saving...[39m[0m
[92m[ DONE ][39m [1mimport[22m
[0m
[  30% ] [90m[1mreimport[22m | Laser_beam_001.glb[39m[0m
[   0% ] [90m[1mimport[22m | Started Import Scene (104 steps)[39m[0m
[   0% ] [90m[1mimport[22m | Importing Scene...[39m[0m
[   1% ] [90m[1mimport[22m | Running Custom Script...[39m[0m
[  99% ] [90m[1mimport[22m | Saving...[39m[0m
[92m[ DONE ][39m [1mimport[22m
[0m
[  30% ] [90m[1mreimport[22m | Laser_beam_002.glb[39m[0m
[   0% ] [90m[1mimport[22m | Started Import Scene (104 steps)[39m[0m
[   0% ] [90m[1mimport[22m | Importing Scene...[39m[0m
[   1% ] [90m[1mimport[22m | Running Custom Script...[39m[0m
[  99% ] [90m[1mimport[22m | Saving...[39m[0m
[92m[ DONE ][39m [1mimport[22m
[0m
[  31% ] [90m[1mreimport[22m | Laser_beam_003.glb[39m[0m
[   0% ] [90m[1mimport[22m | Started Import Scene (104 steps)[39m[0m
[   0% ] [90m[1mimport[22m | Importing Scene...[39m[0m
[   1% ] [90m[1mimport[22m | Running Custom Script...[39m[0m
[  99% ] [90m[1mimport[22m | Saving...[39m[0m
[92m[ DONE ][39m [1mimport[22m
[0m
[  31% ] [90m[1mreimport[22m | corridor_floor_1x2_damaged.glb[39m[0m
[   0% ] [90m[1mimport[22m | Started Import Scene (104 steps)[39m[0m
[   0% ] [90m[1mimport[22m | Importing Scene...[39m[0m
[   1% ] [90m[1mimport[22m | Running Custom Script...[39m[0m
[  99% ] [90m[1mimport[22m | Saving...[39m[0m
[92m[ DONE ][39m [1mimport[22m
[0m
[  31% ] [90m[1mreimport[22m | corridor_floor_1x2_textured.glb[39m[0m
[   0% ] [90m[1mimport[22m | Started Import Scene (104 steps)[39m[0m
[   0% ] [90m[1mimport[22m | Importing Scene...[39m[0m
[   1% ] [90m[1mimport[22m | Running Custom Script...[39m[0m
[  99% ] [90m[1mimport[22m | Saving...[39m[0m
[92m[ DONE ][39m [1mimport[22m
[0m
[  31% ] [90m[1mreimport[22m | doorway_frame_blocked_1x1_textured.glb[39m[0m
[   0% ] [90m[1mimport[22m | Started Import Scene (104 steps)[39m[0m
[   0% ] [90m[1mimport[22m | Importing Scene...[39m[0m
[   1% ] [90m[1mimport[22m | Running Custom Script...[39m[0m
[  99% ] [90m[1mimport[22m | Saving...[39m[0m
[92m[ DONE ][39m [1mimport[22m
[0m
[  31% ] [90m[1mreimport[22m | doorway_frame_open_1x1.glb[39m[0m
[   0% ] [90m[1mimport[22m | Started Import Scene (104 steps)[39m[0m
[   0% ] [90m[1mimport[22m | Importing Scene...[39m[0m
[   1% ] [90m[1mimport[22m | Running Custom Script...[39m[0m
[  99% ] [90m[1mimport[22m | Saving...[39m[0m
[92m[ DONE ][39m [1mimport[22m
[0m
[  31% ] [90m[1mreimport[22m | doorway_frame_open_1x1_breached.glb[39m[0m
[   0% ] [90m[1mimport[22m | Started Import Scene (104 steps)[39m[0m
[   0% ] [90m[1mimport[22m | Importing Scene...[39m[0m
[   1% ] [90m[1mimport[22m | Running Custom Script...[39m[0m
[  99% ] [90m[1mimport[22m | Saving...[39m[0m
[92m[ DONE ][39m [1mimport[22m
[0m
[  31% ] [90m[1mreimport[22m | doorway_frame_open_1x1_damaged.glb[39m[0m
[   0% ] [90m[1mimport[22m | Started Import Scene (104 steps)[39m[0m
[   0% ] [90m[1mimport[22m | Importing Scene...[39m[0m
[   1% ] [90m[1mimport[22m | Running Custom Script...[39m[0m
[  99% ] [90m[1mimport[22m | Saving...[39m[0m
[92m[ DONE ][39m [1mimport[22m
[0m
[  31% ] [90m[1mreimport[22m | doorway_frame_open_1x1_textured.glb[39m[0m
[   0% ] [90m[1mimport[22m | Started Import Scene (104 steps)[39m[0m
[   0% ] [90m[1mimport[22m | Importing Scene...[39m[0m
[   1% ] [90m[1mimport[22m | Running Custom Script...[39m[0m
[  99% ] [90m[1mimport[22m | Saving...[39m[0m
[92m[ DONE ][39m [1mimport[22m
[0m
[  31% ] [90m[1mreimport[22m | floor_1x1.glb[39m[0m
[   0% ] [90m[1mimport[22m | Started Import Scene (104 steps)[39m[0m
[   0% ] [90m[1mimport[22m | Importing Scene...[39m[0m
[   1% ] [90m[1mimport[22m | Running Custom Script...[39m[0m
[  99% ] [90m[1mimport[22m | Saving...[39m[0m
[92m[ DONE ][39m [1mimport[22m
[0m
[  31% ] [90m[1mreimport[22m | floor_1x1_breached.glb[39m[0m
[   0% ] [90m[1mimport[22m | Started Import Scene (104 steps)[39m[0m
[   0% ] [90m[1mimport[22m | Importing Scene...[39m[0m
[   1% ] [90m[1mimport[22m | Running Custom Script...[39m[0m
[  99% ] [90m[1mimport[22m | Saving...[39m[0m
[92m[ DONE ][39m [1mimport[22m
[0m
[  32% ] [90m[1mreimport[22m | floor_1x1_damaged.glb[39m[0m
[   0% ] [90m[1mimport[22m | Started Import Scene (104 steps)[39m[0m
[   0% ] [90m[1mimport[22m | Importing Scene...[39m[0m
[   1% ] [90m[1mimport[22m | Running Custom Script...[39m[0m
[  99% ] [90m[1mimport[22m | Saving...[39m[0m
[92m[ DONE ][39m [1mimport[22m
[0m
[  32% ] [90m[1mreimport[22m | floor_1x1_textured.glb[39m[0m
[   0% ] [90m[1mimport[22m | Started Import Scene (104 steps)[39m[0m
[   0% ] [90m[1mimport[22m | Importing Scene...[39m[0m
[   1% ] [90m[1mimport[22m | Running Custom Script...[39m[0m
[  99% ] [90m[1mimport[22m | Saving...[39m[0m
[92m[ DONE ][39m [1mimport[22m
[0m
[  32% ] [90m[1mreimport[22m | floor_2x1_breached.glb[39m[0m
[   0% ] [90m[1mimport[22m | Started Import Scene (104 steps)[39m[0m
[   0% ] [90m[1mimport[22m | Importing Scene...[39m[0m
[   1% ] [90m[1mimport[22m | Running Custom Script...[39m[0m
[  99% ] [90m[1mimport[22m | Saving...[39m[0m
[92m[ DONE ][39m [1mimport[22m
[0m
[  32% ] [90m[1mreimport[22m | floor_2x1_damaged.glb[39m[0m
[   0% ] [90m[1mimport[22m | Started Import Scene (104 steps)[39m[0m
[   0% ] [90m[1mimport[22m | Importing Scene...[39m[0m
[   1% ] [90m[1mimport[22m | Running Custom Script...[39m[0m
[  99% ] [90m[1mimport[22m | Saving...[39m[0m
[92m[ DONE ][39m [1mimport[22m
[0m
[  32% ] [90m[1mreimport[22m | floor_2x1_textured.glb[39m[0m
[   0% ] [90m[1mimport[22m | Started Import Scene (104 steps)[39m[0m
[   0% ] [90m[1mimport[22m | Importing Scene...[39m[0m
[   1% ] [90m[1mimport[22m | Running Custom Script...[39m[0m
[  99% ] [90m[1mimport[22m | Saving...[39m[0m
[92m[ DONE ][39m [1mimport[22m
[0m
[  32% ] [90m[1mreimport[22m | pillar_support_1x1.glb[39m[0m
[   0% ] [90m[1mimport[22m | Started Import Scene (104 steps)[39m[0m
[   0% ] [90m[1mimport[22m | Importing Scene...[39m[0m
[   1% ] [90m[1mimport[22m | Running Custom Script...[39m[0m
[  99% ] [90m[1mimport[22m | Saving...[39m[0m
[92m[ DONE ][39m [1mimport[22m
[0m
[  32% ] [90m[1mreimport[22m | pillar_support_1x1_breached.glb[39m[0m
[   0% ] [90m[1mimport[22m | Started Import Scene (104 steps)[39m[0m
[   0% ] [90m[1mimport[22m | Importing Scene...[39m[0m
[   1% ] [90m[1mimport[22m | Running Custom Script...[39m[0m
[  99% ] [90m[1mimport[22m | Saving...[39m[0m
[92m[ DONE ][39m [1mimport[22m
[0m
[  32% ] [90m[1mreimport[22m | pillar_support_1x1_damaged.glb[39m[0m
[   0% ] [90m[1mimport[22m | Started Import Scene (104 steps)[39m[0m
[   0% ] [90m[1mimport[22m | Importing Scene...[39m[0m
[   1% ] [90m[1mimport[22m | Running Custom Script...[39m[0m
[  99% ] [90m[1mimport[22m | Saving...[39m[0m
[92m[ DONE ][39m [1mimport[22m
[0m
[  32% ] [90m[1mreimport[22m | pillar_support_1x1_textured.glb[39m[0m
[   0% ] [90m[1mimport[22m | Started Import Scene (104 steps)[39m[0m
[   0% ] [90m[1mimport[22m | Importing Scene...[39m[0m
[   1% ] [90m[1mimport[22m | Running Custom Script...[39m[0m
[  99% ] [90m[1mimport[22m | Saving...[39m[0m
[92m[ DONE ][39m [1mimport[22m
[0m
[  32% ] [90m[1mreimport[22m | ramp_up_1x2.glb[39m[0m
[   0% ] [90m[1mimport[22m | Started Import Scene (104 steps)[39m[0m
[   0% ] [90m[1mimport[22m | Importing Scene...[39m[0m
[   1% ] [90m[1mimport[22m | Running Custom Script...[39m[0m
[  99% ] [90m[1mimport[22m | Saving...[39m[0m
[92m[ DONE ][39m [1mimport[22m
[0m
[  33% ] [90m[1mreimport[22m | ramp_up_1x2_breached.glb[39m[0m
[   0% ] [90m[1mimport[22m | Started Import Scene (104 steps)[39m[0m
[   0% ] [90m[1mimport[22m | Importing Scene...[39m[0m
[   1% ] [90m[1mimport[22m | Running Custom Script...[39m[0m
[  99% ] [90m[1mimport[22m | Saving...[39m[0m
[92m[ DONE ][39m [1mimport[22m
[0m
[  33% ] [90m[1mreimport[22m | ramp_up_1x2_damaged.glb[39m[0m
[   0% ] [90m[1mimport[22m | Started Import Scene (104 steps)[39m[0m
[   0% ] [90m[1mimport[22m | Importing Scene...[39m[0m
[   1% ] [90m[1mimport[22m | Running Custom Script...[39m[0m
[  99% ] [90m[1mimport[22m | Saving...[39m[0m
[92m[ DONE ][39m [1mimport[22m
[0m
[  33% ] [90m[1mreimport[22m | ramp_up_1x2_textured.glb[39m[0m
[   0% ] [90m[1mimport[22m | Started Import Scene (104 steps)[39m[0m
[   0% ] [90m[1mimport[22m | Importing Scene...[39m[0m
[   1% ] [90m[1mimport[22m | Running Custom Script...[39m[0m
[  99% ] [90m[1mimport[22m | Saving...[39m[0m
[92m[ DONE ][39m [1mimport[22m
[0m
[  33% ] [90m[1mreimport[22m | wall_end_cap_textured.glb[39m[0m
[   0% ] [90m[1mimport[22m | Started Import Scene (104 steps)[39m[0m
[   0% ] [90m[1mimport[22m | Importing Scene...[39m[0m
[   1% ] [90m[1mimport[22m | Running Custom Script...[39m[0m
[  99% ] [90m[1mimport[22m | Saving...[39m[0m
[92m[ DONE ][39m [1mimport[22m
[0m
[  33% ] [90m[1mreimport[22m | wall_inner_corner_textured.glb[39m[0m
[   0% ] [90m[1mimport[22m | Started Import Scene (104 steps)[39m[0m
[   0% ] [90m[1mimport[22m | Importing Scene...[39m[0m
[   1% ] [90m[1mimport[22m | Running Custom Script...[39m[0m
[  99% ] [90m[1mimport[22m | Saving...[39m[0m
[92m[ DONE ][39m [1mimport[22m
[0m
[  33% ] [90m[1mreimport[22m | wall_outer_corner_textured.glb[39m[0m
[   0% ] [90m[1mimport[22m | Started Import Scene (104 steps)[39m[0m
[   0% ] [90m[1mimport[22m | Importing Scene...[39m[0m
[   1% ] [90m[1mimport[22m | Running Custom Script...[39m[0m
[  99% ] [90m[1mimport[22m | Saving...[39m[0m
[92m[ DONE ][39m [1mimport[22m
[0m
[  33% ] [90m[1mreimport[22m | wall_straight_1x1.glb[39m[0m
[   0% ] [90m[1mimport[22m | Started Import Scene (104 steps)[39m[0m
[   0% ] [90m[1mimport[22m | Importing Scene...[39m[0m
[   1% ] [90m[1mimport[22m | Running Custom Script...[39m[0m
[  99% ] [90m[1mimport[22m | Saving...[39m[0m
[92m[ DONE ][39m [1mimport[22m
[0m
[  33% ] [90m[1mreimport[22m | wall_straight_1x1_breached.glb[39m[0m
[   0% ] [90m[1mimport[22m | Started Import Scene (104 steps)[39m[0m
[   0% ] [90m[1mimport[22m | Importing Scene...[39m[0m
[   1% ] [90m[1mimport[22m | Running Custom Script...[39m[0m
[  99% ] [90m[1mimport[22m | Saving...[39m[0m
[92m[ DONE ][39m [1mimport[22m
[0m
[  33% ] [90m[1mreimport[22m | wall_straight_1x1_damaged.glb[39m[0m
[   0% ] [90m[1mimport[22m | Started Import Scene (104 steps)[39m[0m
[   0% ] [90m[1mimport[22m | Importing Scene...[39m[0m
[   1% ] [90m[1mimport[22m | Running Custom Script...[39m[0m
[  99% ] [90m[1mimport[22m | Saving...[39m[0m
[92m[ DONE ][39m [1mimport[22m
[0m
[  33% ] [90m[1mreimport[22m | wall_straight_1x1_textured.glb[39m[0m
[   0% ] [90m[1mimport[22m | Started Import Scene (104 steps)[39m[0m
[   0% ] [90m[1mimport[22m | Importing Scene...[39m[0m
[   1% ] [90m[1mimport[22m | Running Custom Script...[39m[0m
[  99% ] [90m[1mimport[22m | Saving...[39m[0m
[92m[ DONE ][39m [1mimport[22m
[0m
[  33% ] [90m[1mreimport[22m | wall_t_junction_textured.glb[39m[0m
[   0% ] [90m[1mimport[22m | Started Import Scene (104 steps)[39m[0m
[   0% ] [90m[1mimport[22m | Importing Scene...[39m[0m
[   1% ] [90m[1mimport[22m | Running Custom Script...[39m[0m
[  99% ] [90m[1mimport[22m | Saving...[39m[0m
[92m[ DONE ][39m [1mimport[22m
[0m
[  34% ] [90m[1mreimport[22m | fixture_triangle.glb[39m[0m
[   0% ] [90m[1mimport[22m | Started Import Scene (104 steps)[39m[0m
[   0% ] [90m[1mimport[22m | Importing Scene...[39m[0m
[   1% ] [90m[1mimport[22m | Running Custom Script...[39m[0m
[  99% ] [90m[1mimport[22m | Saving...[39m[0m
[92m[ DONE ][39m [1mimport[22m
[0m
[  34% ] [90m[1mreimport[22m | floor_2x1_breached.glb[39m[0m
[   0% ] [90m[1mimport[22m | Started Import Scene (104 steps)[39m[0m
[   0% ] [90m[1mimport[22m | Importing Scene...[39m[0m
[   1% ] [90m[1mimport[22m | Running Custom Script...[39m[0m
[  99% ] [90m[1mimport[22m | Saving...[39m[0m
[92m[ DONE ][39m [1mimport[22m
[0m
[  34% ] [90m[1mreimport[22m | floor_2x1_damaged.glb[39m[0m
[   0% ] [90m[1mimport[22m | Started Import Scene (104 steps)[39m[0m
[   0% ] [90m[1mimport[22m | Importing Scene...[39m[0m
[   1% ] [90m[1mimport[22m | Running Custom Script...[39m[0m
[  99% ] [90m[1mimport[22m | Saving...[39m[0m
[92m[ DONE ][39m [1mimport[22m
[0m
[  34% ] [90m[1mreimport[22m | pillar_support_1x1.glb[39m[0m
[   0% ] [90m[1mimport[22m | Started Import Scene (104 steps)[39m[0m
[   0% ] [90m[1mimport[22m | Importing Scene...[39m[0m
[   1% ] [90m[1mimport[22m | Running Custom Script...[39m[0m
[  99% ] [90m[1mimport[22m | Saving...[39m[0m
[92m[ DONE ][39m [1mimport[22m
[0m
[  34% ] [90m[1mreimport[22m | pillar_support_1x1_breached.glb[39m[0m
[   0% ] [90m[1mimport[22m | Started Import Scene (104 steps)[39m[0m
[   0% ] [90m[1mimport[22m | Importing Scene...[39m[0m
[   1% ] [90m[1mimport[22m | Running Custom Script...[39m[0m
[  99% ] [90m[1mimport[22m | Saving...[39m[0m
[92m[ DONE ][39m [1mimport[22m
[0m
[  34% ] [90m[1mreimport[22m | pillar_support_1x1_damaged.glb[39m[0m
[   0% ] [90m[1mimport[22m | Started Import Scene (104 steps)[39m[0m
[   0% ] [90m[1mimport[22m | Importing Scene...[39m[0m
[   1% ] [90m[1mimport[22m | Running Custom Script...[39m[0m
[  99% ] [90m[1mimport[22m | Saving...[39m[0m
[92m[ DONE ][39m [1mimport[22m
[0m
[  34% ] [90m[1mreimport[22m | ramp_up_1x2.glb[39m[0m
[   0% ] [90m[1mimport[22m | Started Import Scene (104 steps)[39m[0m
[   0% ] [90m[1mimport[22m | Importing Scene...[39m[0m
[   1% ] [90m[1mimport[22m | Running Custom Script...[39m[0m
[  99% ] [90m[1mimport[22m | Saving...[39m[0m
[92m[ DONE ][39m [1mimport[22m
[0m
[  34% ] [90m[1mreimport[22m | ramp_up_1x2_breached.glb[39m[0m
[   0% ] [90m[1mimport[22m | Started Import Scene (104 steps)[39m[0m
[   0% ] [90m[1mimport[22m | Importing Scene...[39m[0m
[   1% ] [90m[1mimport[22m | Running Custom Script...[39m[0m
[  99% ] [90m[1mimport[22m | Saving...[39m[0m
[92m[ DONE ][39m [1mimport[22m
[0m
[  34% ] [90m[1mreimport[22m | ramp_up_1x2_damaged.glb[39m[0m
[   0% ] [90m[1mimport[22m | Started Import Scene (104 steps)[39m[0m
[   0% ] [90m[1mimport[22m | Importing Scene...[39m[0m
[   1% ] [90m[1mimport[22m | Running Custom Script...[39m[0m
[  99% ] [90m[1mimport[22m | Saving...[39m[0m
[92m[ DONE ][39m [1mimport[22m
[0m
[  34% ] [90m[1mreimport[22m | wall_end_cap.glb[39m[0m
[   0% ] [90m[1mimport[22m | Started Import Scene (104 steps)[39m[0m
[   0% ] [90m[1mimport[22m | Importing Scene...[39m[0m
[   1% ] [90m[1mimport[22m | Running Custom Script...[39m[0m
[  99% ] [90m[1mimport[22m | Saving...[39m[0m
[92m[ DONE ][39m [1mimport[22m
[0m
[  35% ] [90m[1mreimport[22m | wall_end_cap_breached.glb[39m[0m
[   0% ] [90m[1mimport[22m | Started Import Scene (104 steps)[39m[0m
[   0% ] [90m[1mimport[22m | Importing Scene...[39m[0m
[   1% ] [90m[1mimport[22m | Running Custom Script...[39m[0m
[  99% ] [90m[1mimport[22m | Saving...[39m[0m
[92m[ DONE ][39m [1mimport[22m
[0m
[  35% ] [90m[1mreimport[22m | wall_end_cap_damaged.glb[39m[0m
[   0% ] [90m[1mimport[22m | Started Import Scene (104 steps)[39m[0m
[   0% ] [90m[1mimport[22m | Importing Scene...[39m[0m
[   1% ] [90m[1mimport[22m | Running Custom Script...[39m[0m
[  99% ] [90m[1mimport[22m | Saving...[39m[0m
[92m[ DONE ][39m [1mimport[22m
[0m
[  35% ] [90m[1mreimport[22m | wall_inner_corner.glb[39m[0m
[   0% ] [90m[1mimport[22m | Started Import Scene (104 steps)[39m[0m
[   0% ] [90m[1mimport[22m | Importing Scene...[39m[0m
[   1% ] [90m[1mimport[22m | Running Custom Script...[39m[0m
[  99% ] [90m[1mimport[22m | Saving...[39m[0m
[92m[ DONE ][39m [1mimport[22m
[0m
[  35% ] [90m[1mreimport[22m | wall_inner_corner_breached.glb[39m[0m
[   0% ] [90m[1mimport[22m | Started Import Scene (104 steps)[39m[0m
[   0% ] [90m[1mimport[22m | Importing Scene...[39m[0m
[   1% ] [90m[1mimport[22m | Running Custom Script...[39m[0m
[  99% ] [90m[1mimport[22m | Saving...[39m[0m
[92m[ DONE ][39m [1mimport[22m
[0m
[  35% ] [90m[1mreimport[22m | wall_inner_corner_damaged.glb[39m[0m
[   0% ] [90m[1mimport[22m | Started Import Scene (104 steps)[39m[0m
[   0% ] [90m[1mimport[22m | Importing Scene...[39m[0m
[   1% ] [90m[1mimport[22m | Running Custom Script...[39m[0m
[  99% ] [90m[1mimport[22m | Saving...[39m[0m
[92m[ DONE ][39m [1mimport[22m
[0m
[  35% ] [90m[1mreimport[22m | wall_outer_corner.glb[39m[0m
[   0% ] [90m[1mimport[22m | Started Import Scene (104 steps)[39m[0m
[   0% ] [90m[1mimport[22m | Importing Scene...[39m[0m
[   1% ] [90m[1mimport[22m | Running Custom Script...[39m[0m
[  99% ] [90m[1mimport[22m | Saving...[39m[0m
[92m[ DONE ][39m [1mimport[22m
[0m
[  35% ] [90m[1mreimport[22m | wall_outer_corner_breached.glb[39m[0m
[   0% ] [90m[1mimport[22m | Started Import Scene (104 steps)[39m[0m
[   0% ] [90m[1mimport[22m | Importing Scene...[39m[0m
[   1% ] [90m[1mimport[22m | Running Custom Script...[39m[0m
[  99% ] [90m[1mimport[22m | Saving...[39m[0m
[92m[ DONE ][39m [1mimport[22m
[0m
[  35% ] [90m[1mreimport[22m | wall_outer_corner_damaged.glb[39m[0m
[   0% ] [90m[1mimport[22m | Started Import Scene (104 steps)[39m[0m
[   0% ] [90m[1mimport[22m | Importing Scene...[39m[0m
[   1% ] [90m[1mimport[22m | Running Custom Script...[39m[0m
[  99% ] [90m[1mimport[22m | Saving...[39m[0m
[92m[ DONE ][39m [1mimport[22m
[0m
[  35% ] [90m[1mreimport[22m | wall_straight_1x1.glb[39m[0m
[   0% ] [90m[1mimport[22m | Started Import Scene (104 steps)[39m[0m
[   0% ] [90m[1mimport[22m | Importing Scene...[39m[0m
[   1% ] [90m[1mimport[22m | Running Custom Script...[39m[0m
[  99% ] [90m[1mimport[22m | Saving...[39m[0m
[92m[ DONE ][39m [1mimport[22m
[0m
[  35% ] [90m[1mreimport[22m | wall_straight_1x1_breached.glb[39m[0m
[   0% ] [90m[1mimport[22m | Started Import Scene (104 steps)[39m[0m
[   0% ] [90m[1mimport[22m | Importing Scene...[39m[0m
[   1% ] [90m[1mimport[22m | Running Custom Script...[39m[0m
[  99% ] [90m[1mimport[22m | Saving...[39m[0m
[92m[ DONE ][39m [1mimport[22m
[0m
[  36% ] [90m[1mreimport[22m | wall_straight_1x1_damaged.glb[39m[0m
[   0% ] [90m[1mimport[22m | Started Import Scene (104 steps)[39m[0m
[   0% ] [90m[1mimport[22m | Importing Scene...[39m[0m
[   1% ] [90m[1mimport[22m | Running Custom Script...[39m[0m
[  99% ] [90m[1mimport[22m | Saving...[39m[0m
[92m[ DONE ][39m [1mimport[22m
[0m
[  36% ] [90m[1mreimport[22m | wall_t_junction.glb[39m[0m
[   0% ] [90m[1mimport[22m | Started Import Scene (104 steps)[39m[0m
[   0% ] [90m[1mimport[22m | Importing Scene...[39m[0m
[   1% ] [90m[1mimport[22m | Running Custom Script...[39m[0m
[  99% ] [90m[1mimport[22m | Saving...[39m[0m
[92m[ DONE ][39m [1mimport[22m
[0m
[  36% ] [90m[1mreimport[22m | wall_t_junction_breached.glb[39m[0m
[   0% ] [90m[1mimport[22m | Started Import Scene (104 steps)[39m[0m
[   0% ] [90m[1mimport[22m | Importing Scene...[39m[0m
[   1% ] [90m[1mimport[22m | Running Custom Script...[39m[0m
[  99% ] [90m[1mimport[22m | Saving...[39m[0m
[92m[ DONE ][39m [1mimport[22m
[0m
[  36% ] [90m[1mreimport[22m | wall_t_junction_damaged.glb[39m[0m
[   0% ] [90m[1mimport[22m | Started Import Scene (104 steps)[39m[0m
[   0% ] [90m[1mimport[22m | Importing Scene...[39m[0m
[   1% ] [90m[1mimport[22m | Running Custom Script...[39m[0m
[  99% ] [90m[1mimport[22m | Saving...[39m[0m
[92m[ DONE ][39m [1mimport[22m
[0m
[  36% ] [90m[1mreimport[22m | bulkhead_portal_2x1_textured.glb[39m[0m
[   0% ] [90m[1mimport[22m | Started Import Scene (104 steps)[39m[0m
[   0% ] [90m[1mimport[22m | Importing Scene...[39m[0m
[   1% ] [90m[1mimport[22m | Running Custom Script...[39m[0m
[  99% ] [90m[1mimport[22m | Saving...[39m[0m
[92m[ DONE ][39m [1mimport[22m
[0m
[  36% ] [90m[1mreimport[22m | ceiling_cap_1x1.glb[39m[0m
[   0% ] [90m[1mimport[22m | Started Import Scene (104 steps)[39m[0m
[   0% ] [90m[1mimport[22m | Importing Scene...[39m[0m
[   1% ] [90m[1mimport[22m | Running Custom Script...[39m[0m
[  99% ] [90m[1mimport[22m | Saving...[39m[0m
[92m[ DONE ][39m [1mimport[22m
[0m
[  36% ] [90m[1mreimport[22m | ceiling_cap_1x1_textured.glb[39m[0m
[   0% ] [90m[1mimport[22m | Started Import Scene (104 steps)[39m[0m
[   0% ] [90m[1mimport[22m | Importing Scene...[39m[0m
[   1% ] [90m[1mimport[22m | Running Custom Script...[39m[0m
[  99% ] [90m[1mimport[22m | Saving...[39m[0m
[92m[ DONE ][39m [1mimport[22m
[0m
[  36% ] [90m[1mreimport[22m | corridor_floor_1x1.glb[39m[0m
[   0% ] [90m[1mimport[22m | Started Import Scene (104 steps)[39m[0m
[   0% ] [90m[1mimport[22m | Importing Scene...[39m[0m
[   1% ] [90m[1mimport[22m | Running Custom Script...[39m[0m
[  99% ] [90m[1mimport[22m | Saving...[39m[0m
[92m[ DONE ][39m [1mimport[22m
[0m
[  36% ] [90m[1mreimport[22m | corridor_floor_1x1_breached.glb[39m[0m
[   0% ] [90m[1mimport[22m | Started Import Scene (104 steps)[39m[0m
[   0% ] [90m[1mimport[22m | Importing Scene...[39m[0m
[   1% ] [90m[1mimport[22m | Running Custom Script...[39m[0m
[  99% ] [90m[1mimport[22m | Saving...[39m[0m
[92m[ DONE ][39m [1mimport[22m
[0m
[  36% ] [90m[1mreimport[22m | corridor_floor_1x1_damaged.glb[39m[0m
[   0% ] [90m[1mimport[22m | Started Import Scene (104 steps)[39m[0m
[   0% ] [90m[1mimport[22m | Importing Scene...[39m[0m
[   1% ] [90m[1mimport[22m | Running Custom Script...[39m[0m
[  99% ] [90m[1mimport[22m | Saving...[39m[0m
[92m[ DONE ][39m [1mimport[22m
[0m
[  37% ] [90m[1mreimport[22m | corridor_floor_1x1_textured.glb[39m[0m
[   0% ] [90m[1mimport[22m | Started Import Scene (104 steps)[39m[0m
[   0% ] [90m[1mimport[22m | Importing Scene...[39m[0m
[   1% ] [90m[1mimport[22m | Running Custom Script...[39m[0m
[  99% ] [90m[1mimport[22m | Saving...[39m[0m
[92m[ DONE ][39m [1mimport[22m
[0m
[  37% ] [90m[1mreimport[22m | corridor_floor_1x2.glb[39m[0m
[   0% ] [90m[1mimport[22m | Started Import Scene (104 steps)[39m[0m
[   0% ] [90m[1mimport[22m | Importing Scene...[39m[0m
[   1% ] [90m[1mimport[22m | Running Custom Script...[39m[0m
[  99% ] [90m[1mimport[22m | Saving...[39m[0m
[92m[ DONE ][39m [1mimport[22m
[0m
[  37% ] [90m[1mreimport[22m | corridor_floor_1x2_breached.glb[39m[0m
[   0% ] [90m[1mimport[22m | Started Import Scene (104 steps)[39m[0m
[   0% ] [90m[1mimport[22m | Importing Scene...[39m[0m
[   1% ] [90m[1mimport[22m | Running Custom Script...[39m[0m
[  99% ] [90m[1mimport[22m | Saving...[39m[0m
[92m[ DONE ][39m [1mimport[22m
[0m
[  37% ] [90m[1mreimport[22m | Floor_type_A_029.glb[39m[0m
[   0% ] [90m[1mimport[22m | Started Import Scene (104 steps)[39m[0m
[   0% ] [90m[1mimport[22m | Importing Scene...[39m[0m
[   1% ] [90m[1mimport[22m | Running Custom Script...[39m[0m
[  99% ] [90m[1mimport[22m | Saving...[39m[0m
[92m[ DONE ][39m [1mimport[22m
[0m
[  37% ] [90m[1mreimport[22m | Floor_type_A_030.glb[39m[0m
[   0% ] [90m[1mimport[22m | Started Import Scene (104 steps)[39m[0m
[   0% ] [90m[1mimport[22m | Importing Scene...[39m[0m
[   1% ] [90m[1mimport[22m | Running Custom Script...[39m[0m
[  99% ] [90m[1mimport[22m | Saving...[39m[0m
[92m[ DONE ][39m [1mimport[22m
[0m
[  37% ] [90m[1mreimport[22m | Floor_type_A_031.glb[39m[0m
[   0% ] [90m[1mimport[22m | Started Import Scene (104 steps)[39m[0m
[   0% ] [90m[1mimport[22m | Importing Scene...[39m[0m
[   1% ] [90m[1mimport[22m | Running Custom Script...[39m[0m
[  99% ] [90m[1mimport[22m | Saving...[39m[0m
[92m[ DONE ][39m [1mimport[22m
[0m
[  37% ] [90m[1mreimport[22m | Floor_type_A_032.glb[39m[0m
[   0% ] [90m[1mimport[22m | Started Import Scene (104 steps)[39m[0m
[   0% ] [90m[1mimport[22m | Importing Scene...[39m[0m
[   1% ] [90m[1mimport[22m | Running Custom Script...[39m[0m
[  99% ] [90m[1mimport[22m | Saving...[39m[0m
[92m[ DONE ][39m [1mimport[22m
[0m
[  37% ] [90m[1mreimport[22m | Floor_type_A_033.glb[39m[0m
[   0% ] [90m[1mimport[22m | Started Import Scene (104 steps)[39m[0m
[   0% ] [90m[1mimport[22m | Importing Scene...[39m[0m
[   1% ] [90m[1mimport[22m | Running Custom Script...[39m[0m
[  99% ] [90m[1mimport[22m | Saving...[39m[0m
[92m[ DONE ][39m [1mimport[22m
[0m
[  37% ] [90m[1mreimport[22m | Floor_type_A_034.glb[39m[0m
[   0% ] [90m[1mimport[22m | Started Import Scene (104 steps)[39m[0m
[   0% ] [90m[1mimport[22m | Importing Scene...[39m[0m
[   1% ] [90m[1mimport[22m | Running Custom Script...[39m[0m
[  99% ] [90m[1mimport[22m | Saving...[39m[0m
[92m[ DONE ][39m [1mimport[22m
[0m
[  37% ] [90m[1mreimport[22m | Floor_type_A_035.glb[39m[0m
[   0% ] [90m[1mimport[22m | Started Import Scene (104 steps)[39m[0m
[   0% ] [90m[1mimport[22m | Importing Scene...[39m[0m
[   1% ] [90m[1mimport[22m | Running Custom Script...[39m[0m
[  99% ] [90m[1mimport[22m | Saving...[39m[0m
[92m[ DONE ][39m [1mimport[22m
[0m
[  38% ] [90m[1mreimport[22m | Floor_type_A_036.glb[39m[0m
[   0% ] [90m[1mimport[22m | Started Import Scene (104 steps)[39m[0m
[   0% ] [90m[1mimport[22m | Importing Scene...[39m[0m
[   1% ] [90m[1mimport[22m | Running Custom Script...[39m[0m
[  99% ] [90m[1mimport[22m | Saving...[39m[0m
[92m[ DONE ][39m [1mimport[22m
[0m
[  38% ] [90m[1mreimport[22m | Floor_type_A_037.glb[39m[0m
[   0% ] [90m[1mimport[22m | Started Import Scene (104 steps)[39m[0m
[   0% ] [90m[1mimport[22m | Importing Scene...[39m[0m
[   1% ] [90m[1mimport[22m | Running Custom Script...[39m[0m
[  99% ] [90m[1mimport[22m | Saving...[39m[0m
[92m[ DONE ][39m [1mimport[22m
[0m
[  38% ] [90m[1mreimport[22m | Floor_type_B_001.glb[39m[0m
[   0% ] [90m[1mimport[22m | Started Import Scene (104 steps)[39m[0m
[   0% ] [90m[1mimport[22m | Importing Scene...[39m[0m
[   1% ] [90m[1mimport[22m | Running Custom Script...[39m[0m
[  99% ] [90m[1mimport[22m | Saving...[39m[0m
[92m[ DONE ][39m [1mimport[22m
[0m
[  38% ] [90m[1mreimport[22m | Floor_type_B_002.glb[39m[0m
[   0% ] [90m[1mimport[22m | Started Import Scene (104 steps)[39m[0m
[   0% ] [90m[1mimport[22m | Importing Scene...[39m[0m
[   1% ] [90m[1mimport[22m | Running Custom Script...[39m[0m
[  99% ] [90m[1mimport[22m | Saving...[39m[0m
[92m[ DONE ][39m [1mimport[22m
[0m
[  38% ] [90m[1mreimport[22m | Floor_type_B_003.glb[39m[0m
[   0% ] [90m[1mimport[22m | Started Import Scene (104 steps)[39m[0m
[   0% ] [90m[1mimport[22m | Importing Scene...[39m[0m
[   1% ] [90m[1mimport[22m | Running Custom Script...[39m[0m
[  99% ] [90m[1mimport[22m | Saving...[39m[0m
[92m[ DONE ][39m [1mimport[22m
[0m
[  38% ] [90m[1mreimport[22m | Floor_type_B_004.glb[39m[0m
[   0% ] [90m[1mimport[22m | Started Import Scene (104 steps)[39m[0m
[   0% ] [90m[1mimport[22m | Importing Scene...[39m[0m
[   1% ] [90m[1mimport[22m | Running Custom Script...[39m[0m
[  99% ] [90m[1mimport[22m | Saving...[39m[0m
[92m[ DONE ][39m [1mimport[22m
[0m
[  38% ] [90m[1mreimport[22m | Floor_type_B_005.glb[39m[0m
[   0% ] [90m[1mimport[22m | Started Import Scene (104 steps)[39m[0m
[   0% ] [90m[1mimport[22m | Importing Scene...[39m[0m
[   1% ] [90m[1mimport[22m | Running Custom Script...[39m[0m
[  99% ] [90m[1mimport[22m | Saving...[39m[0m
[92m[ DONE ][39m [1mimport[22m
[0m
[  38% ] [90m[1mreimport[22m | Floor_type_B_006.glb[39m[0m
[   0% ] [90m[1mimport[22m | Started Import Scene (104 steps)[39m[0m
[   0% ] [90m[1mimport[22m | Importing Scene...[39m[0m
[   1% ] [90m[1mimport[22m | Running Custom Script...[39m[0m
[  99% ] [90m[1mimport[22m | Saving...[39m[0m
[92m[ DONE ][39m [1mimport[22m
[0m
[  38% ] [90m[1mreimport[22m | Floor_type_B_007.glb[39m[0m
[   0% ] [90m[1mimport[22m | Started Import Scene (104 steps)[39m[0m
[   0% ] [90m[1mimport[22m | Importing Scene...[39m[0m
[   1% ] [90m[1mimport[22m | Running Custom Script...[39m[0m
[  99% ] [90m[1mimport[22m | Saving...[39m[0m
[92m[ DONE ][39m [1mimport[22m
[0m
[  38% ] [90m[1mreimport[22m | Floor_type_B_007_002.glb[39m[0m
[   0% ] [90m[1mimport[22m | Started Import Scene (104 steps)[39m[0m
[   0% ] [90m[1mimport[22m | Importing Scene...[39m[0m
[   1% ] [90m[1mimport[22m | Running Custom Script...[39m[0m
[  99% ] [90m[1mimport[22m | Saving...[39m[0m
[92m[ DONE ][39m [1mimport[22m
[0m
[  39% ] [90m[1mreimport[22m | Floor_type_B_008.glb[39m[0m
[   0% ] [90m[1mimport[22m | Started Import Scene (104 steps)[39m[0m
[   0% ] [90m[1mimport[22m | Importing Scene...[39m[0m
[   1% ] [90m[1mimport[22m | Running Custom Script...[39m[0m
[  99% ] [90m[1mimport[22m | Saving...[39m[0m
[92m[ DONE ][39m [1mimport[22m
[0m
[  39% ] [90m[1mreimport[22m | Floor_type_B_009.glb[39m[0m
[   0% ] [90m[1mimport[22m | Started Import Scene (104 steps)[39m[0m
[   0% ] [90m[1mimport[22m | Importing Scene...[39m[0m
[   1% ] [90m[1mimport[22m | Running Custom Script...[39m[0m
[  99% ] [90m[1mimport[22m | Saving...[39m[0m
[92m[ DONE ][39m [1mimport[22m
[0m
[  39% ] [90m[1mreimport[22m | Floor_type_B_010.glb[39m[0m
[   0% ] [90m[1mimport[22m | Started Import Scene (104 steps)[39m[0m
[   0% ] [90m[1mimport[22m | Importing Scene...[39m[0m
[   1% ] [90m[1mimport[22m | Running Custom Script...[39m[0m
[  99% ] [90m[1mimport[22m | Saving...[39m[0m
[92m[ DONE ][39m [1mimport[22m
[0m
[  39% ] [90m[1mreimport[22m | Floor_type_B_011.glb[39m[0m
[   0% ] [90m[1mimport[22m | Started Import Scene (104 steps)[39m[0m
[   0% ] [90m[1mimport[22m | Importing Scene...[39m[0m
[   1% ] [90m[1mimport[22m | Running Custom Script...[39m[0m
[  99% ] [90m[1mimport[22m | Saving...[39m[0m
[92m[ DONE ][39m [1mimport[22m
[0m
[  39% ] [90m[1mreimport[22m | Floor_type_B_012.glb[39m[0m
[   0% ] [90m[1mimport[22m | Started Import Scene (104 steps)[39m[0m
[   0% ] [90m[1mimport[22m | Importing Scene...[39m[0m
[   1% ] [90m[1mimport[22m | Running Custom Script...[39m[0m
[  99% ] [90m[1mimport[22m | Saving...[39m[0m
[92m[ DONE ][39m [1mimport[22m
[0m
[  39% ] [90m[1mreimport[22m | Floor_type_B_013.glb[39m[0m
[   0% ] [90m[1mimport[22m | Started Import Scene (104 steps)[39m[0m
[   0% ] [90m[1mimport[22m | Importing Scene...[39m[0m
[   1% ] [90m[1mimport[22m | Running Custom Script...[39m[0m
[  99% ] [90m[1mimport[22m | Saving...[39m[0m
[92m[ DONE ][39m [1mimport[22m
[0m
[  39% ] [90m[1mreimport[22m | Floor_type_B_014.glb[39m[0m
[   0% ] [90m[1mimport[22m | Started Import Scene (104 steps)[39m[0m
[   0% ] [90m[1mimport[22m | Importing Scene...[39m[0m
[   1% ] [90m[1mimport[22m | Running Custom Script...[39m[0m
[  99% ] [90m[1mimport[22m | Saving...[39m[0m
[92m[ DONE ][39m [1mimport[22m
[0m
[  39% ] [90m[1mreimport[22m | Floor_type_B_015.glb[39m[0m
[   0% ] [90m[1mimport[22m | Started Import Scene (104 steps)[39m[0m
[   0% ] [90m[1mimport[22m | Importing Scene...[39m[0m
[   1% ] [90m[1mimport[22m | Running Custom Script...[39m[0m
[  99% ] [90m[1mimport[22m | Saving...[39m[0m
[92m[ DONE ][39m [1mimport[22m
[0m
[  39% ] [90m[1mreimport[22m | Floor_type_B_016.glb[39m[0m
[   0% ] [90m[1mimport[22m | Started Import Scene (104 steps)[39m[0m
[   0% ] [90m[1mimport[22m | Importing Scene...[39m[0m
[   1% ] [90m[1mimport[22m | Running Custom Script...[39m[0m
[  99% ] [90m[1mimport[22m | Saving...[39m[0m
[92m[ DONE ][39m [1mimport[22m
[0m
[  39% ] [90m[1mreimport[22m | Floor_type_B_017.glb[39m[0m
[   0% ] [90m[1mimport[22m | Started Import Scene (104 steps)[39m[0m
[   0% ] [90m[1mimport[22m | Importing Scene...[39m[0m
[   1% ] [90m[1mimport[22m | Running Custom Script...[39m[0m
[  99% ] [90m[1mimport[22m | Saving...[39m[0m
[92m[ DONE ][39m [1mimport[22m
[0m
[  40% ] [90m[1mreimport[22m | Floor_type_B_018.glb[39m[0m
[   0% ] [90m[1mimport[22m | Started Import Scene (104 steps)[39m[0m
[   0% ] [90m[1mimport[22m | Importing Scene...[39m[0m
[   1% ] [90m[1mimport[22m | Running Custom Script...[39m[0m
[  99% ] [90m[1mimport[22m | Saving...[39m[0m
[92m[ DONE ][39m [1mimport[22m
[0m
[  40% ] [90m[1mreimport[22m | Floor_type_B_019.glb[39m[0m
[   0% ] [90m[1mimport[22m | Started Import Scene (104 steps)[39m[0m
[   0% ] [90m[1mimport[22m | Importing Scene...[39m[0m
[   1% ] [90m[1mimport[22m | Running Custom Script...[39m[0m
[  99% ] [90m[1mimport[22m | Saving...[39m[0m
[92m[ DONE ][39m [1mimport[22m
[0m
[  40% ] [90m[1mreimport[22m | Floor_type_B_019_013.glb[39m[0m
[   0% ] [90m[1mimport[22m | Started Import Scene (104 steps)[39m[0m
[   0% ] [90m[1mimport[22m | Importing Scene...[39m[0m
[   1% ] [90m[1mimport[22m | Running Custom Script...[39m[0m
[  99% ] [90m[1mimport[22m | Saving...[39m[0m
[92m[ DONE ][39m [1mimport[22m
[0m
[  40% ] [90m[1mreimport[22m | Floor_type_B_020.glb[39m[0m
[   0% ] [90m[1mimport[22m | Started Import Scene (104 steps)[39m[0m
[   0% ] [90m[1mimport[22m | Importing Scene...[39m[0m
[   1% ] [90m[1mimport[22m | Running Custom Script...[39m[0m
[  99% ] [90m[1mimport[22m | Saving...[39m[0m
[92m[ DONE ][39m [1mimport[22m
[0m
[  40% ] [90m[1mreimport[22m | Ceiling_type_C_055.glb[39m[0m
[   0% ] [90m[1mimport[22m | Started Import Scene (104 steps)[39m[0m
[   0% ] [90m[1mimport[22m | Importing Scene...[39m[0m
[   1% ] [90m[1mimport[22m | Running Custom Script...[39m[0m
[  99% ] [90m[1mimport[22m | Saving...[39m[0m
[92m[ DONE ][39m [1mimport[22m
[0m
[  40% ] [90m[1mreimport[22m | Floor_type_A_001.glb[39m[0m
[   0% ] [90m[1mimport[22m | Started Import Scene (104 steps)[39m[0m
[   0% ] [90m[1mimport[22m | Importing Scene...[39m[0m
[   1% ] [90m[1mimport[22m | Running Custom Script...[39m[0m
[  99% ] [90m[1mimport[22m | Saving...[39m[0m
[92m[ DONE ][39m [1mimport[22m
[0m
[  40% ] [90m[1mreimport[22m | Floor_type_A_002.glb[39m[0m
[   0% ] [90m[1mimport[22m | Started Import Scene (104 steps)[39m[0m
[   0% ] [90m[1mimport[22m | Importing Scene...[39m[0m
[   1% ] [90m[1mimport[22m | Running Custom Script...[39m[0m
[  99% ] [90m[1mimport[22m | Saving...[39m[0m
[92m[ DONE ][39m [1mimport[22m
[0m
[  40% ] [90m[1mreimport[22m | Floor_type_A_003.glb[39m[0m
[   0% ] [90m[1mimport[22m | Started Import Scene (104 steps)[39m[0m
[   0% ] [90m[1mimport[22m | Importing Scene...[39m[0m
[   1% ] [90m[1mimport[22m | Running Custom Script...[39m[0m
[  99% ] [90m[1mimport[22m | Saving...[39m[0m
[92m[ DONE ][39m [1mimport[22m
[0m
[  40% ] [90m[1mreimport[22m | Floor_type_A_004.glb[39m[0m
[   0% ] [90m[1mimport[22m | Started Import Scene (104 steps)[39m[0m
[   0% ] [90m[1mimport[22m | Importing Scene...[39m[0m
[   1% ] [90m[1mimport[22m | Running Custom Script...[39m[0m
[  99% ] [90m[1mimport[22m | Saving...[39m[0m
[92m[ DONE ][39m [1mimport[22m
[0m
[  40% ] [90m[1mreimport[22m | Floor_type_A_005.glb[39m[0m
[   0% ] [90m[1mimport[22m | Started Import Scene (104 steps)[39m[0m
[   0% ] [90m[1mimport[22m | Importing Scene...[39m[0m
[   1% ] [90m[1mimport[22m | Running Custom Script...[39m[0m
[  99% ] [90m[1mimport[22m | Saving...[39m[0m
[92m[ DONE ][39m [1mimport[22m
[0m
[  41% ] [90m[1mreimport[22m | Floor_type_A_006.glb[39m[0m
[   0% ] [90m[1mimport[22m | Started Import Scene (104 steps)[39m[0m
[   0% ] [90m[1mimport[22m | Importing Scene...[39m[0m
[   1% ] [90m[1mimport[22m | Running Custom Script...[39m[0m
[  99% ] [90m[1mimport[22m | Saving...[39m[0m
[92m[ DONE ][39m [1mimport[22m
[0m
[  41% ] [90m[1mreimport[22m | Floor_type_A_007.glb[39m[0m
[   0% ] [90m[1mimport[22m | Started Import Scene (104 steps)[39m[0m
[   0% ] [90m[1mimport[22m | Importing Scene...[39m[0m
[   1% ] [90m[1mimport[22m | Running Custom Script...[39m[0m
[  99% ] [90m[1mimport[22m | Saving...[39m[0m
[92m[ DONE ][39m [1mimport[22m
[0m
[  41% ] [90m[1mreimport[22m | Floor_type_A_007_001.glb[39m[0m
[   0% ] [90m[1mimport[22m | Started Import Scene (104 steps)[39m[0m
[   0% ] [90m[1mimport[22m | Importing Scene...[39m[0m
[   1% ] [90m[1mimport[22m | Running Custom Script...[39m[0m
[  99% ] [90m[1mimport[22m | Saving...[39m[0m
[92m[ DONE ][39m [1mimport[22m
[0m
[  41% ] [90m[1mreimport[22m | Floor_type_A_008.glb[39m[0m
[   0% ] [90m[1mimport[22m | Started Import Scene (104 steps)[39m[0m
[   0% ] [90m[1mimport[22m | Importing Scene...[39m[0m
[   1% ] [90m[1mimport[22m | Running Custom Script...[39m[0m
[  99% ] [90m[1mimport[22m | Saving...[39m[0m
[92m[ DONE ][39m [1mimport[22m
[0m
[  41% ] [90m[1mreimport[22m | Floor_type_A_009.glb[39m[0m
[   0% ] [90m[1mimport[22m | Started Import Scene (104 steps)[39m[0m
[   0% ] [90m[1mimport[22m | Importing Scene...[39m[0m
[   1% ] [90m[1mimport[22m | Running Custom Script...[39m[0m
[  99% ] [90m[1mimport[22m | Saving...[39m[0m
[92m[ DONE ][39m [1mimport[22m
[0m
[  41% ] [90m[1mreimport[22m | Floor_type_A_010.glb[39m[0m
[   0% ] [90m[1mimport[22m | Started Import Scene (104 steps)[39m[0m
[   0% ] [90m[1mimport[22m | Importing Scene...[39m[0m
[   1% ] [90m[1mimport[22m | Running Custom Script...[39m[0m
[  99% ] [90m[1mimport[22m | Saving...[39m[0m
[92m[ DONE ][39m [1mimport[22m
[0m
[  41% ] [90m[1mreimport[22m | Floor_type_A_011.glb[39m[0m
[   0% ] [90m[1mimport[22m | Started Import Scene (104 steps)[39m[0m
[   0% ] [90m[1mimport[22m | Importing Scene...[39m[0m
[   1% ] [90m[1mimport[22m | Running Custom Script...[39m[0m
[  99% ] [90m[1mimport[22m | Saving...[39m[0m
[92m[ DONE ][39m [1mimport[22m
[0m
[  41% ] [90m[1mreimport[22m | Floor_type_A_012.glb[39m[0m
[   0% ] [90m[1mimport[22m | Started Import Scene (104 steps)[39m[0m
[   0% ] [90m[1mimport[22m | Importing Scene...[39m[0m
[   1% ] [90m[1mimport[22m | Running Custom Script...[39m[0m
[  99% ] [90m[1mimport[22m | Saving...[39m[0m
[92m[ DONE ][39m [1mimport[22m
[0m
[  41% ] [90m[1mreimport[22m | Floor_type_A_013.glb[39m[0m
[   0% ] [90m[1mimport[22m | Started Import Scene (104 steps)[39m[0m
[   0% ] [90m[1mimport[22m | Importing Scene...[39m[0m
[   1% ] [90m[1mimport[22m | Running Custom Script...[39m[0m
[  99% ] [90m[1mimport[22m | Saving...[39m[0m
[92m[ DONE ][39m [1mimport[22m
[0m
[  41% ] [90m[1mreimport[22m | Floor_type_A_013_001.glb[39m[0m
[   0% ] [90m[1mimport[22m | Started Import Scene (104 steps)[39m[0m
[   0% ] [90m[1mimport[22m | Importing Scene...[39m[0m
[   1% ] [90m[1mimport[22m | Running Custom Script...[39m[0m
[  99% ] [90m[1mimport[22m | Saving...[39m[0m
[92m[ DONE ][39m [1mimport[22m
[0m
[  42% ] [90m[1mreimport[22m | Floor_type_A_014.glb[39m[0m
[   0% ] [90m[1mimport[22m | Started Import Scene (104 steps)[39m[0m
[   0% ] [90m[1mimport[22m | Importing Scene...[39m[0m
[   1% ] [90m[1mimport[22m | Running Custom Script...[39m[0m
[  99% ] [90m[1mimport[22m | Saving...[39m[0m
[92m[ DONE ][39m [1mimport[22m
[0m
[  42% ] [90m[1mreimport[22m | Floor_type_A_015.glb[39m[0m
[   0% ] [90m[1mimport[22m | Started Import Scene (104 steps)[39m[0m
[   0% ] [90m[1mimport[22m | Importing Scene...[39m[0m
[   1% ] [90m[1mimport[22m | Running Custom Script...[39m[0m
[  99% ] [90m[1mimport[22m | Saving...[39m[0m
[92m[ DONE ][39m [1mimport[22m
[0m
[  42% ] [90m[1mreimport[22m | Floor_type_A_016.glb[39m[0m
[   0% ] [90m[1mimport[22m | Started Import Scene (104 steps)[39m[0m
[   0% ] [90m[1mimport[22m | Importing Scene...[39m[0m
[   1% ] [90m[1mimport[22m | Running Custom Script...[39m[0m
[  99% ] [90m[1mimport[22m | Saving...[39m[0m
[92m[ DONE ][39m [1mimport[22m
[0m
[  42% ] [90m[1mreimport[22m | Floor_type_A_017.glb[39m[0m
[   0% ] [90m[1mimport[22m | Started Import Scene (104 steps)[39m[0m
[   0% ] [90m[1mimport[22m | Importing Scene...[39m[0m
[   1% ] [90m[1mimport[22m | Running Custom Script...[39m[0m
[  99% ] [90m[1mimport[22m | Saving...[39m[0m
[92m[ DONE ][39m [1mimport[22m
[0m
[  42% ] [90m[1mreimport[22m | Floor_type_A_018.glb[39m[0m
[   0% ] [90m[1mimport[22m | Started Import Scene (104 steps)[39m[0m
[   0% ] [90m[1mimport[22m | Importing Scene...[39m[0m
[   1% ] [90m[1mimport[22m | Running Custom Script...[39m[0m
[  99% ] [90m[1mimport[22m | Saving...[39m[0m
[92m[ DONE ][39m [1mimport[22m
[0m
[  42% ] [90m[1mreimport[22m | Floor_type_A_019.glb[39m[0m
[   0% ] [90m[1mimport[22m | Started Import Scene (104 steps)[39m[0m
[   0% ] [90m[1mimport[22m | Importing Scene...[39m[0m
[   1% ] [90m[1mimport[22m | Running Custom Script...[39m[0m
[  99% ] [90m[1mimport[22m | Saving...[39m[0m
[92m[ DONE ][39m [1mimport[22m
[0m
[  42% ] [90m[1mreimport[22m | Floor_type_A_020.glb[39m[0m
[   0% ] [90m[1mimport[22m | Started Import Scene (104 steps)[39m[0m
[   0% ] [90m[1mimport[22m | Importing Scene...[39m[0m
[   1% ] [90m[1mimport[22m | Running Custom Script...[39m[0m
[  99% ] [90m[1mimport[22m | Saving...[39m[0m
[92m[ DONE ][39m [1mimport[22m
[0m
[  42% ] [90m[1mreimport[22m | Floor_type_A_021.glb[39m[0m
[   0% ] [90m[1mimport[22m | Started Import Scene (104 steps)[39m[0m
[   0% ] [90m[1mimport[22m | Importing Scene...[39m[0m
[   1% ] [90m[1mimport[22m | Running Custom Script...[39m[0m
[  99% ] [90m[1mimport[22m | Saving...[39m[0m
[92m[ DONE ][39m [1mimport[22m
[0m
[  42% ] [90m[1mreimport[22m | Floor_type_A_022.glb[39m[0m
[   0% ] [90m[1mimport[22m | Started Import Scene (104 steps)[39m[0m
[   0% ] [90m[1mimport[22m | Importing Scene...[39m[0m
[   1% ] [90m[1mimport[22m | Running Custom Script...[39m[0m
[  99% ] [90m[1mimport[22m | Saving...[39m[0m
[92m[ DONE ][39m [1mimport[22m
[0m
[  42% ] [90m[1mreimport[22m | Floor_type_A_023.glb[39m[0m
[   0% ] [90m[1mimport[22m | Started Import Scene (104 steps)[39m[0m
[   0% ] [90m[1mimport[22m | Importing Scene...[39m[0m
[   1% ] [90m[1mimport[22m | Running Custom Script...[39m[0m
[  99% ] [90m[1mimport[22m | Saving...[39m[0m
[92m[ DONE ][39m [1mimport[22m
[0m
[  43% ] [90m[1mreimport[22m | Floor_type_A_024.glb[39m[0m
[   0% ] [90m[1mimport[22m | Started Import Scene (104 steps)[39m[0m
[   0% ] [90m[1mimport[22m | Importing Scene...[39m[0m
[   1% ] [90m[1mimport[22m | Running Custom Script...[39m[0m
[  99% ] [90m[1mimport[22m | Saving...[39m[0m
[92m[ DONE ][39m [1mimport[22m
[0m
[  43% ] [90m[1mreimport[22m | Floor_type_A_025.glb[39m[0m
[   0% ] [90m[1mimport[22m | Started Import Scene (104 steps)[39m[0m
[   0% ] [90m[1mimport[22m | Importing Scene...[39m[0m
[   1% ] [90m[1mimport[22m | Running Custom Script...[39m[0m
[  99% ] [90m[1mimport[22m | Saving...[39m[0m
[92m[ DONE ][39m [1mimport[22m
[0m
[  43% ] [90m[1mreimport[22m | Floor_type_A_026.glb[39m[0m
[   0% ] [90m[1mimport[22m | Started Import Scene (104 steps)[39m[0m
[   0% ] [90m[1mimport[22m | Importing Scene...[39m[0m
[   1% ] [90m[1mimport[22m | Running Custom Script...[39m[0m
[  99% ] [90m[1mimport[22m | Saving...[39m[0m
[92m[ DONE ][39m [1mimport[22m
[0m
[  43% ] [90m[1mreimport[22m | Floor_type_A_026_001.glb[39m[0m
[   0% ] [90m[1mimport[22m | Started Import Scene (104 steps)[39m[0m
[   0% ] [90m[1mimport[22m | Importing Scene...[39m[0m
[   1% ] [90m[1mimport[22m | Running Custom Script...[39m[0m
[  99% ] [90m[1mimport[22m | Saving...[39m[0m
[92m[ DONE ][39m [1mimport[22m
[0m
[  43% ] [90m[1mreimport[22m | Floor_type_A_027.glb[39m[0m
[   0% ] [90m[1mimport[22m | Started Import Scene (104 steps)[39m[0m
[   0% ] [90m[1mimport[22m | Importing Scene...[39m[0m
[   1% ] [90m[1mimport[22m | Running Custom Script...[39m[0m
[  99% ] [90m[1mimport[22m | Saving...[39m[0m
[92m[ DONE ][39m [1mimport[22m
[0m
[  43% ] [90m[1mreimport[22m | Floor_type_A_028.glb[39m[0m
[   0% ] [90m[1mimport[22m | Started Import Scene (104 steps)[39m[0m
[   0% ] [90m[1mimport[22m | Importing Scene...[39m[0m
[   1% ] [90m[1mimport[22m | Running Custom Script...[39m[0m
[  99% ] [90m[1mimport[22m | Saving...[39m[0m
[92m[ DONE ][39m [1mimport[22m
[0m
[  43% ] [90m[1mreimport[22m | Floor_type_C_014.glb[39m[0m
[   0% ] [90m[1mimport[22m | Started Import Scene (104 steps)[39m[0m
[   0% ] [90m[1mimport[22m | Importing Scene...[39m[0m
[   1% ] [90m[1mimport[22m | Running Custom Script...[39m[0m
[  99% ] [90m[1mimport[22m | Saving...[39m[0m
[92m[ DONE ][39m [1mimport[22m
[0m
[  43% ] [90m[1mreimport[22m | Floor_type_C_015.glb[39m[0m
[   0% ] [90m[1mimport[22m | Started Import Scene (104 steps)[39m[0m
[   0% ] [90m[1mimport[22m | Importing Scene...[39m[0m
[   1% ] [90m[1mimport[22m | Running Custom Script...[39m[0m
[  99% ] [90m[1mimport[22m | Saving...[39m[0m
[92m[ DONE ][39m [1mimport[22m
[0m
[  43% ] [90m[1mreimport[22m | Floor_type_C_016.glb[39m[0m
[   0% ] [90m[1mimport[22m | Started Import Scene (104 steps)[39m[0m
[   0% ] [90m[1mimport[22m | Importing Scene...[39m[0m
[   1% ] [90m[1mimport[22m | Running Custom Script...[39m[0m
[  99% ] [90m[1mimport[22m | Saving...[39m[0m
[92m[ DONE ][39m [1mimport[22m
[0m
[  43% ] [90m[1mreimport[22m | Wall_type_A_013.glb[39m[0m
[   0% ] [90m[1mimport[22m | Started Import Scene (104 steps)[39m[0m
[   0% ] [90m[1mimport[22m | Importing Scene...[39m[0m
[   1% ] [90m[1mimport[22m | Running Custom Script...[39m[0m
[  99% ] [90m[1mimport[22m | Saving...[39m[0m
[92m[ DONE ][39m [1mimport[22m
[0m
[  44% ] [90m[1mreimport[22m | Wall_type_A_014.glb[39m[0m
[   0% ] [90m[1mimport[22m | Started Import Scene (104 steps)[39m[0m
[   0% ] [90m[1mimport[22m | Importing Scene...[39m[0m
[   1% ] [90m[1mimport[22m | Running Custom Script...[39m[0m
[  99% ] [90m[1mimport[22m | Saving...[39m[0m
[92m[ DONE ][39m [1mimport[22m
[0m
[  44% ] [90m[1mreimport[22m | Wall_type_A_015.glb[39m[0m
[   0% ] [90m[1mimport[22m | Started Import Scene (104 steps)[39m[0m
[   0% ] [90m[1mimport[22m | Importing Scene...[39m[0m
[   1% ] [90m[1mimport[22m | Running Custom Script...[39m[0m
[  99% ] [90m[1mimport[22m | Saving...[39m[0m
[92m[ DONE ][39m [1mimport[22m
[0m
[  44% ] [90m[1mreimport[22m | Wall_type_A_016.glb[39m[0m
[   0% ] [90m[1mimport[22m | Started Import Scene (104 steps)[39m[0m
[   0% ] [90m[1mimport[22m | Importing Scene...[39m[0m
[   1% ] [90m[1mimport[22m | Running Custom Script...[39m[0m
[  99% ] [90m[1mimport[22m | Saving...[39m[0m
[92m[ DONE ][39m [1mimport[22m
[0m
[  44% ] [90m[1mreimport[22m | Wall_type_A_017.glb[39m[0m
[   0% ] [90m[1mimport[22m | Started Import Scene (104 steps)[39m[0m
[   0% ] [90m[1mimport[22m | Importing Scene...[39m[0m
[   1% ] [90m[1mimport[22m | Running Custom Script...[39m[0m
[  99% ] [90m[1mimport[22m | Saving...[39m[0m
[92m[ DONE ][39m [1mimport[22m
[0m
[  44% ] [90m[1mreimport[22m | Wall_type_A_018.glb[39m[0m
[   0% ] [90m[1mimport[22m | Started Import Scene (104 steps)[39m[0m
[   0% ] [90m[1mimport[22m | Importing Scene...[39m[0m
[   1% ] [90m[1mimport[22m | Running Custom Script...[39m[0m
[  99% ] [90m[1mimport[22m | Saving...[39m[0m
[92m[ DONE ][39m [1mimport[22m
[0m
[  44% ] [90m[1mreimport[22m | Wall_type_A_019.glb[39m[0m
[   0% ] [90m[1mimport[22m | Started Import Scene (104 steps)[39m[0m
[   0% ] [90m[1mimport[22m | Importing Scene...[39m[0m
[   1% ] [90m[1mimport[22m | Running Custom Script...[39m[0m
[  99% ] [90m[1mimport[22m | Saving...[39m[0m
[92m[ DONE ][39m [1mimport[22m
[0m
[  44% ] [90m[1mreimport[22m | Wall_type_A_020.glb[39m[0m
[   0% ] [90m[1mimport[22m | Started Import Scene (104 steps)[39m[0m
[   0% ] [90m[1mimport[22m | Importing Scene...[39m[0m
[   1% ] [90m[1mimport[22m | Running Custom Script...[39m[0m
[  99% ] [90m[1mimport[22m | Saving...[39m[0m
[92m[ DONE ][39m [1mimport[22m
[0m
[  44% ] [90m[1mreimport[22m | Wall_type_A_021.glb[39m[0m
[   0% ] [90m[1mimport[22m | Started Import Scene (104 steps)[39m[0m
[   0% ] [90m[1mimport[22m | Importing Scene...[39m[0m
[   1% ] [90m[1mimport[22m | Running Custom Script...[39m[0m
[  99% ] [90m[1mimport[22m | Saving...[39m[0m
[92m[ DONE ][39m [1mimport[22m
[0m
[  44% ] [90m[1mreimport[22m | Wall_type_A_022.glb[39m[0m
[   0% ] [90m[1mimport[22m | Started Import Scene (104 steps)[39m[0m
[   0% ] [90m[1mimport[22m | Importing Scene...[39m[0m
[   1% ] [90m[1mimport[22m | Running Custom Script...[39m[0m
[  99% ] [90m[1mimport[22m | Saving...[39m[0m
[92m[ DONE ][39m [1mimport[22m
[0m
[  44% ] [90m[1mreimport[22m | Wall_type_A_023.glb[39m[0m
[   0% ] [90m[1mimport[22m | Started Import Scene (104 steps)[39m[0m
[   0% ] [90m[1mimport[22m | Importing Scene...[39m[0m
[   1% ] [90m[1mimport[22m | Running Custom Script...[39m[0m
[  99% ] [90m[1mimport[22m | Saving...[39m[0m
[92m[ DONE ][39m [1mimport[22m
[0m
[  45% ] [90m[1mreimport[22m | Wall_type_A_024.glb[39m[0m
[   0% ] [90m[1mimport[22m | Started Import Scene (104 steps)[39m[0m
[   0% ] [90m[1mimport[22m | Importing Scene...[39m[0m
[   1% ] [90m[1mimport[22m | Running Custom Script...[39m[0m
[  99% ] [90m[1mimport[22m | Saving...[39m[0m
[92m[ DONE ][39m [1mimport[22m
[0m
[  45% ] [90m[1mreimport[22m | Wall_type_A_025.glb[39m[0m
[   0% ] [90m[1mimport[22m | Started Import Scene (104 steps)[39m[0m
[   0% ] [90m[1mimport[22m | Importing Scene...[39m[0m
[   1% ] [90m[1mimport[22m | Running Custom Script...[39m[0m
[  99% ] [90m[1mimport[22m | Saving...[39m[0m
[92m[ DONE ][39m [1mimport[22m
[0m
[  45% ] [90m[1mreimport[22m | Wall_type_A_026.glb[39m[0m
[   0% ] [90m[1mimport[22m | Started Import Scene (104 steps)[39m[0m
[   0% ] [90m[1mimport[22m | Importing Scene...[39m[0m
[   1% ] [90m[1mimport[22m | Running Custom Script...[39m[0m
[  99% ] [90m[1mimport[22m | Saving...[39m[0m
[92m[ DONE ][39m [1mimport[22m
[0m
[  45% ] [90m[1mreimport[22m | Wall_type_A_027.glb[39m[0m
[   0% ] [90m[1mimport[22m | Started Import Scene (104 steps)[39m[0m
[   0% ] [90m[1mimport[22m | Importing Scene...[39m[0m
[   1% ] [90m[1mimport[22m | Running Custom Script...[39m[0m
[  99% ] [90m[1mimport[22m | Saving...[39m[0m
[92m[ DONE ][39m [1mimport[22m
[0m
[  45% ] [90m[1mreimport[22m | Wall_type_A_028.glb[39m[0m
[   0% ] [90m[1mimport[22m | Started Import Scene (104 steps)[39m[0m
[   0% ] [90m[1mimport[22m | Importing Scene...[39m[0m
[   1% ] [90m[1mimport[22m | Running Custom Script...[39m[0m
[  99% ] [90m[1mimport[22m | Saving...[39m[0m
[92m[ DONE ][39m [1mimport[22m
[0m
[  45% ] [90m[1mreimport[22m | Wall_type_A_029.glb[39m[0m
[   0% ] [90m[1mimport[22m | Started Import Scene (104 steps)[39m[0m
[   0% ] [90m[1mimport[22m | Importing Scene...[39m[0m
[   1% ] [90m[1mimport[22m | Running Custom Script...[39m[0m
[  99% ] [90m[1mimport[22m | Saving...[39m[0m
[92m[ DONE ][39m [1mimport[22m
[0m
[  45% ] [90m[1mreimport[22m | Wall_type_A_030.glb[39m[0m
[   0% ] [90m[1mimport[22m | Started Import Scene (104 steps)[39m[0m
[   0% ] [90m[1mimport[22m | Importing Scene...[39m[0m
[   1% ] [90m[1mimport[22m | Running Custom Script...[39m[0m
[  99% ] [90m[1mimport[22m | Saving...[39m[0m
[92m[ DONE ][39m [1mimport[22m
[0m
[  45% ] [90m[1mreimport[22m | Wall_type_A_040.glb[39m[0m
[   0% ] [90m[1mimport[22m | Started Import Scene (104 steps)[39m[0m
[   0% ] [90m[1mimport[22m | Importing Scene...[39m[0m
[   1% ] [90m[1mimport[22m | Running Custom Script...[39m[0m
[  99% ] [90m[1mimport[22m | Saving...[39m[0m
[92m[ DONE ][39m [1mimport[22m
[0m
[  45% ] [90m[1mreimport[22m | Wall_type_A_041.glb[39m[0m
[   0% ] [90m[1mimport[22m | Started Import Scene (104 steps)[39m[0m
[   0% ] [90m[1mimport[22m | Importing Scene...[39m[0m
[   1% ] [90m[1mimport[22m | Running Custom Script...[39m[0m
[  99% ] [90m[1mimport[22m | Saving...[39m[0m
[92m[ DONE ][39m [1mimport[22m
[0m
[  45% ] [90m[1mreimport[22m | Wall_type_C_042.glb[39m[0m
[   0% ] [90m[1mimport[22m | Started Import Scene (104 steps)[39m[0m
[   0% ] [90m[1mimport[22m | Importing Scene...[39m[0m
[   1% ] [90m[1mimport[22m | Running Custom Script...[39m[0m
[  99% ] [90m[1mimport[22m | Saving...[39m[0m
[92m[ DONE ][39m [1mimport[22m
[0m
[  46% ] [90m[1mreimport[22m | Wall_type_C_043.glb[39m[0m
[   0% ] [90m[1mimport[22m | Started Import Scene (104 steps)[39m[0m
[   0% ] [90m[1mimport[22m | Importing Scene...[39m[0m
[   1% ] [90m[1mimport[22m | Running Custom Script...[39m[0m
[  99% ] [90m[1mimport[22m | Saving...[39m[0m
[92m[ DONE ][39m [1mimport[22m
[0m
[  46% ] [90m[1mreimport[22m | Wall_type_C_044.glb[39m[0m
[   0% ] [90m[1mimport[22m | Started Import Scene (104 steps)[39m[0m
[   0% ] [90m[1mimport[22m | Importing Scene...[39m[0m
[   1% ] [90m[1mimport[22m | Running Custom Script...[39m[0m
[  99% ] [90m[1mimport[22m | Saving...[39m[0m
[92m[ DONE ][39m [1mimport[22m
[0m
[  46% ] [90m[1mreimport[22m | Wall_type_C_045.glb[39m[0m
[   0% ] [90m[1mimport[22m | Started Import Scene (104 steps)[39m[0m
[   0% ] [90m[1mimport[22m | Importing Scene...[39m[0m
[   1% ] [90m[1mimport[22m | Running Custom Script...[39m[0m
[  99% ] [90m[1mimport[22m | Saving...[39m[0m
[92m[ DONE ][39m [1mimport[22m
[0m
[  46% ] [90m[1mreimport[22m | Wall_type_C_046.glb[39m[0m
[   0% ] [90m[1mimport[22m | Started Import Scene (104 steps)[39m[0m
[   0% ] [90m[1mimport[22m | Importing Scene...[39m[0m
[   1% ] [90m[1mimport[22m | Running Custom Script...[39m[0m
[  99% ] [90m[1mimport[22m | Saving...[39m[0m
[92m[ DONE ][39m [1mimport[22m
[0m
[  46% ] [90m[1mreimport[22m | Wall_type_C_047.glb[39m[0m
[   0% ] [90m[1mimport[22m | Started Import Scene (104 steps)[39m[0m
[   0% ] [90m[1mimport[22m | Importing Scene...[39m[0m
[   1% ] [90m[1mimport[22m | Running Custom Script...[39m[0m
[  99% ] [90m[1mimport[22m | Saving...[39m[0m
[92m[ DONE ][39m [1mimport[22m
[0m
[  46% ] [90m[1mreimport[22m | Wall_type_C_048.glb[39m[0m
[   0% ] [90m[1mimport[22m | Started Import Scene (104 steps)[39m[0m
[   0% ] [90m[1mimport[22m | Importing Scene...[39m[0m
[   1% ] [90m[1mimport[22m | Running Custom Script...[39m[0m
[  99% ] [90m[1mimport[22m | Saving...[39m[0m
[92m[ DONE ][39m [1mimport[22m
[0m
[  46% ] [90m[1mreimport[22m | Wall_type_C_049.glb[39m[0m
[   0% ] [90m[1mimport[22m | Started Import Scene (104 steps)[39m[0m
[   0% ] [90m[1mimport[22m | Importing Scene...[39m[0m
[   1% ] [90m[1mimport[22m | Running Custom Script...[39m[0m
[  99% ] [90m[1mimport[22m | Saving...[39m[0m
[92m[ DONE ][39m [1mimport[22m
[0m
[  46% ] [90m[1mreimport[22m | Floor_type_B_021.glb[39m[0m
[   0% ] [90m[1mimport[22m | Started Import Scene (104 steps)[39m[0m
[   0% ] [90m[1mimport[22m | Importing Scene...[39m[0m
[   1% ] [90m[1mimport[22m | Running Custom Script...[39m[0m
[  99% ] [90m[1mimport[22m | Saving...[39m[0m
[92m[ DONE ][39m [1mimport[22m
[0m
[  46% ] [90m[1mreimport[22m | Floor_type_B_022.glb[39m[0m
[   0% ] [90m[1mimport[22m | Started Import Scene (104 steps)[39m[0m
[   0% ] [90m[1mimport[22m | Importing Scene...[39m[0m
[   1% ] [90m[1mimport[22m | Running Custom Script...[39m[0m
[  99% ] [90m[1mimport[22m | Saving...[39m[0m
[92m[ DONE ][39m [1mimport[22m
[0m
[  46% ] [90m[1mreimport[22m | Floor_type_B_023.glb[39m[0m
[   0% ] [90m[1mimport[22m | Started Import Scene (104 steps)[39m[0m
[   0% ] [90m[1mimport[22m | Importing Scene...[39m[0m
[   1% ] [90m[1mimport[22m | Running Custom Script...[39m[0m
[  99% ] [90m[1mimport[22m | Saving...[39m[0m
[92m[ DONE ][39m [1mimport[22m
[0m
[  47% ] [90m[1mreimport[22m | Floor_type_B_024.glb[39m[0m
[   0% ] [90m[1mimport[22m | Started Import Scene (104 steps)[39m[0m
[   0% ] [90m[1mimport[22m | Importing Scene...[39m[0m
[   1% ] [90m[1mimport[22m | Running Custom Script...[39m[0m
[  99% ] [90m[1mimport[22m | Saving...[39m[0m
[92m[ DONE ][39m [1mimport[22m
[0m
[  47% ] [90m[1mreimport[22m | Floor_type_B_025.glb[39m[0m
[   0% ] [90m[1mimport[22m | Started Import Scene (104 steps)[39m[0m
[   0% ] [90m[1mimport[22m | Importing Scene...[39m[0m
[   1% ] [90m[1mimport[22m | Running Custom Script...[39m[0m
[  99% ] [90m[1mimport[22m | Saving...[39m[0m
[92m[ DONE ][39m [1mimport[22m
[0m
[  47% ] [90m[1mreimport[22m | Floor_type_B_026.glb[39m[0m
[   0% ] [90m[1mimport[22m | Started Import Scene (104 steps)[39m[0m
[   0% ] [90m[1mimport[22m | Importing Scene...[39m[0m
[   1% ] [90m[1mimport[22m | Running Custom Script...[39m[0m
[  99% ] [90m[1mimport[22m | Saving...[39m[0m
[92m[ DONE ][39m [1mimport[22m
[0m
[  47% ] [90m[1mreimport[22m | Floor_type_B_027.glb[39m[0m
[   0% ] [90m[1mimport[22m | Started Import Scene (104 steps)[39m[0m
[   0% ] [90m[1mimport[22m | Importing Scene...[39m[0m
[   1% ] [90m[1mimport[22m | Running Custom Script...[39m[0m
[  99% ] [90m[1mimport[22m | Saving...[39m[0m
[92m[ DONE ][39m [1mimport[22m
[0m
[  47% ] [90m[1mreimport[22m | Floor_type_B_028.glb[39m[0m
[   0% ] [90m[1mimport[22m | Started Import Scene (104 steps)[39m[0m
[   0% ] [90m[1mimport[22m | Importing Scene...[39m[0m
[   1% ] [90m[1mimport[22m | Running Custom Script...[39m[0m
[  99% ] [90m[1mimport[22m | Saving...[39m[0m
[92m[ DONE ][39m [1mimport[22m
[0m
[  47% ] [90m[1mreimport[22m | Floor_type_B_029.glb[39m[0m
[   0% ] [90m[1mimport[22m | Started Import Scene (104 steps)[39m[0m
[   0% ] [90m[1mimport[22m | Importing Scene...[39m[0m
[   1% ] [90m[1mimport[22m | Running Custom Script...[39m[0m
[  99% ] [90m[1mimport[22m | Saving...[39m[0m
[92m[ DONE ][39m [1mimport[22m
[0m
[  47% ] [90m[1mreimport[22m | Floor_type_B_030.glb[39m[0m
[   0% ] [90m[1mimport[22m | Started Import Scene (104 steps)[39m[0m
[   0% ] [90m[1mimport[22m | Importing Scene...[39m[0m
[   1% ] [90m[1mimport[22m | Running Custom Script...[39m[0m
[  99% ] [90m[1mimport[22m | Saving...[39m[0m
[92m[ DONE ][39m [1mimport[22m
[0m
[  47% ] [90m[1mreimport[22m | Floor_type_B_031.glb[39m[0m
[   0% ] [90m[1mimport[22m | Started Import Scene (104 steps)[39m[0m
[   0% ] [90m[1mimport[22m | Importing Scene...[39m[0m
[   1% ] [90m[1mimport[22m | Running Custom Script...[39m[0m
[  99% ] [90m[1mimport[22m | Saving...[39m[0m
[92m[ DONE ][39m [1mimport[22m
[0m
[  47% ] [90m[1mreimport[22m | Floor_type_B_032.glb[39m[0m
[   0% ] [90m[1mimport[22m | Started Import Scene (104 steps)[39m[0m
[   0% ] [90m[1mimport[22m | Importing Scene...[39m[0m
[   1% ] [90m[1mimport[22m | Running Custom Script...[39m[0m
[  99% ] [90m[1mimport[22m | Saving...[39m[0m
[92m[ DONE ][39m [1mimport[22m
[0m
[  47% ] [90m[1mreimport[22m | Floor_type_B_032_002.glb[39m[0m
[   0% ] [90m[1mimport[22m | Started Import Scene (104 steps)[39m[0m
[   0% ] [90m[1mimport[22m | Importing Scene...[39m[0m
[   1% ] [90m[1mimport[22m | Running Custom Script...[39m[0m
[  99% ] [90m[1mimport[22m | Saving...[39m[0m
[92m[ DONE ][39m [1mimport[22m
[0m
[  48% ] [90m[1mreimport[22m | Floor_type_B_033.glb[39m[0m
[   0% ] [90m[1mimport[22m | Started Import Scene (104 steps)[39m[0m
[   0% ] [90m[1mimport[22m | Importing Scene...[39m[0m
[   1% ] [90m[1mimport[22m | Running Custom Script...[39m[0m
[  99% ] [90m[1mimport[22m | Saving...[39m[0m
[92m[ DONE ][39m [1mimport[22m
[0m
[  48% ] [90m[1mreimport[22m | Floor_type_B_034.glb[39m[0m
[   0% ] [90m[1mimport[22m | Started Import Scene (104 steps)[39m[0m
[   0% ] [90m[1mimport[22m | Importing Scene...[39m[0m
[   1% ] [90m[1mimport[22m | Running Custom Script...[39m[0m
[  99% ] [90m[1mimport[22m | Saving...[39m[0m
[92m[ DONE ][39m [1mimport[22m
[0m
[  48% ] [90m[1mreimport[22m | Floor_type_B_035.glb[39m[0m
[   0% ] [90m[1mimport[22m | Started Import Scene (104 steps)[39m[0m
[   0% ] [90m[1mimport[22m | Importing Scene...[39m[0m
[   1% ] [90m[1mimport[22m | Running Custom Script...[39m[0m
[  99% ] [90m[1mimport[22m | Saving...[39m[0m
[92m[ DONE ][39m [1mimport[22m
[0m
[  48% ] [90m[1mreimport[22m | Floor_type_B_036.glb[39m[0m
[   0% ] [90m[1mimport[22m | Started Import Scene (104 steps)[39m[0m
[   0% ] [90m[1mimport[22m | Importing Scene...[39m[0m
[   1% ] [90m[1mimport[22m | Running Custom Script...[39m[0m
[  99% ] [90m[1mimport[22m | Saving...[39m[0m
[92m[ DONE ][39m [1mimport[22m
[0m
[  48% ] [90m[1mreimport[22m | Floor_type_B_037.glb[39m[0m
[   0% ] [90m[1mimport[22m | Started Import Scene (104 steps)[39m[0m
[   0% ] [90m[1mimport[22m | Importing Scene...[39m[0m
[   1% ] [90m[1mimport[22m | Running Custom Script...[39m[0m
[  99% ] [90m[1mimport[22m | Saving...[39m[0m
[92m[ DONE ][39m [1mimport[22m
[0m
[  48% ] [90m[1mreimport[22m | Floor_type_C_001.glb[39m[0m
[   0% ] [90m[1mimport[22m | Started Import Scene (104 steps)[39m[0m
[   0% ] [90m[1mimport[22m | Importing Scene...[39m[0m
[   1% ] [90m[1mimport[22m | Running Custom Script...[39m[0m
[  99% ] [90m[1mimport[22m | Saving...[39m[0m
[92m[ DONE ][39m [1mimport[22m
[0m
[  48% ] [90m[1mreimport[22m | Floor_type_C_002.glb[39m[0m
[   0% ] [90m[1mimport[22m | Started Import Scene (104 steps)[39m[0m
[   0% ] [90m[1mimport[22m | Importing Scene...[39m[0m
[   1% ] [90m[1mimport[22m | Running Custom Script...[39m[0m
[  99% ] [90m[1mimport[22m | Saving...[39m[0m
[92m[ DONE ][39m [1mimport[22m
[0m
[  48% ] [90m[1mreimport[22m | Floor_type_C_003.glb[39m[0m
[   0% ] [90m[1mimport[22m | Started Import Scene (104 steps)[39m[0m
[   0% ] [90m[1mimport[22m | Importing Scene...[39m[0m
[   1% ] [90m[1mimport[22m | Running Custom Script...[39m[0m
[  99% ] [90m[1mimport[22m | Saving...[39m[0m
[92m[ DONE ][39m [1mimport[22m
[0m
[  48% ] [90m[1mreimport[22m | Floor_type_C_004.glb[39m[0m
[   0% ] [90m[1mimport[22m | Started Import Scene (104 steps)[39m[0m
[   0% ] [90m[1mimport[22m | Importing Scene...[39m[0m
[   1% ] [90m[1mimport[22m | Running Custom Script...[39m[0m
[  99% ] [90m[1mimport[22m | Saving...[39m[0m
[92m[ DONE ][39m [1mimport[22m
[0m
[  48% ] [90m[1mreimport[22m | Floor_type_C_005.glb[39m[0m
[   0% ] [90m[1mimport[22m | Started Import Scene (104 steps)[39m[0m
[   0% ] [90m[1mimport[22m | Importing Scene...[39m[0m
[   1% ] [90m[1mimport[22m | Running Custom Script...[39m[0m
[  99% ] [90m[1mimport[22m | Saving...[39m[0m
[92m[ DONE ][39m [1mimport[22m
[0m
[  49% ] [90m[1mreimport[22m | Floor_type_C_006.glb[39m[0m
[   0% ] [90m[1mimport[22m | Started Import Scene (104 steps)[39m[0m
[   0% ] [90m[1mimport[22m | Importing Scene...[39m[0m
[   1% ] [90m[1mimport[22m | Running Custom Script...[39m[0m
[  99% ] [90m[1mimport[22m | Saving...[39m[0m
[92m[ DONE ][39m [1mimport[22m
[0m
[  49% ] [90m[1mreimport[22m | Floor_type_C_007.glb[39m[0m
[   0% ] [90m[1mimport[22m | Started Import Scene (104 steps)[39m[0m
[   0% ] [90m[1mimport[22m | Importing Scene...[39m[0m
[   1% ] [90m[1mimport[22m | Running Custom Script...[39m[0m
[  99% ] [90m[1mimport[22m | Saving...[39m[0m
[92m[ DONE ][39m [1mimport[22m
[0m
[  49% ] [90m[1mreimport[22m | Floor_type_C_007_002.glb[39m[0m
[   0% ] [90m[1mimport[22m | Started Import Scene (104 steps)[39m[0m
[   0% ] [90m[1mimport[22m | Importing Scene...[39m[0m
[   1% ] [90m[1mimport[22m | Running Custom Script...[39m[0m
[  99% ] [90m[1mimport[22m | Saving...[39m[0m
[92m[ DONE ][39m [1mimport[22m
[0m
[  49% ] [90m[1mreimport[22m | Floor_type_C_008.glb[39m[0m
[   0% ] [90m[1mimport[22m | Started Import Scene (104 steps)[39m[0m
[   0% ] [90m[1mimport[22m | Importing Scene...[39m[0m
[   1% ] [90m[1mimport[22m | Running Custom Script...[39m[0m
[  99% ] [90m[1mimport[22m | Saving...[39m[0m
[92m[ DONE ][39m [1mimport[22m
[0m
[  49% ] [90m[1mreimport[22m | Floor_type_C_009.glb[39m[0m
[   0% ] [90m[1mimport[22m | Started Import Scene (104 steps)[39m[0m
[   0% ] [90m[1mimport[22m | Importing Scene...[39m[0m
[   1% ] [90m[1mimport[22m | Running Custom Script...[39m[0m
[  99% ] [90m[1mimport[22m | Saving...[39m[0m
[92m[ DONE ][39m [1mimport[22m
[0m
[  49% ] [90m[1mreimport[22m | Floor_type_C_010.glb[39m[0m
[   0% ] [90m[1mimport[22m | Started Import Scene (104 steps)[39m[0m
[   0% ] [90m[1mimport[22m | Importing Scene...[39m[0m
[   1% ] [90m[1mimport[22m | Running Custom Script...[39m[0m
[  99% ] [90m[1mimport[22m | Saving...[39m[0m
[92m[ DONE ][39m [1mimport[22m
[0m
[  49% ] [90m[1mreimport[22m | Floor_type_C_011.glb[39m[0m
[   0% ] [90m[1mimport[22m | Started Import Scene (104 steps)[39m[0m
[   0% ] [90m[1mimport[22m | Importing Scene...[39m[0m
[   1% ] [90m[1mimport[22m | Running Custom Script...[39m[0m
[  99% ] [90m[1mimport[22m | Saving...[39m[0m
[92m[ DONE ][39m [1mimport[22m
[0m
[  49% ] [90m[1mreimport[22m | Floor_type_C_012.glb[39m[0m
[   0% ] [90m[1mimport[22m | Started Import Scene (104 steps)[39m[0m
[   0% ] [90m[1mimport[22m | Importing Scene...[39m[0m
[   1% ] [90m[1mimport[22m | Running Custom Script...[39m[0m
[  99% ] [90m[1mimport[22m | Saving...[39m[0m
[92m[ DONE ][39m [1mimport[22m
[0m
[  49% ] [90m[1mreimport[22m | Floor_type_C_013.glb[39m[0m
[   0% ] [90m[1mimport[22m | Started Import Scene (104 steps)[39m[0m
[   0% ] [90m[1mimport[22m | Importing Scene...[39m[0m
[   1% ] [90m[1mimport[22m | Running Custom Script...[39m[0m
[  99% ] [90m[1mimport[22m | Saving...[39m[0m
[92m[ DONE ][39m [1mimport[22m
[0m
[  49% ] [90m[1mreimport[22m | Barriaer_005.glb[39m[0m
[   0% ] [90m[1mimport[22m | Started Import Scene (104 steps)[39m[0m
[   0% ] [90m[1mimport[22m | Importing Scene...[39m[0m
[   1% ] [90m[1mimport[22m | Running Custom Script...[39m[0m
[  99% ] [90m[1mimport[22m | Saving...[39m[0m
[92m[ DONE ][39m [1mimport[22m
[0m
[  50% ] [90m[1mreimport[22m | Barriaer_006.glb[39m[0m
[   0% ] [90m[1mimport[22m | Started Import Scene (104 steps)[39m[0m
[   0% ] [90m[1mimport[22m | Importing Scene...[39m[0m
[   1% ] [90m[1mimport[22m | Running Custom Script...[39m[0m
[  99% ] [90m[1mimport[22m | Saving...[39m[0m
[92m[ DONE ][39m [1mimport[22m
[0m
[  50% ] [90m[1mreimport[22m | Barriaer_007.glb[39m[0m
[   0% ] [90m[1mimport[22m | Started Import Scene (104 steps)[39m[0m
[   0% ] [90m[1mimport[22m | Importing Scene...[39m[0m
[   1% ] [90m[1mimport[22m | Running Custom Script...[39m[0m
[  99% ] [90m[1mimport[22m | Saving...[39m[0m
[92m[ DONE ][39m [1mimport[22m
[0m
[  50% ] [90m[1mreimport[22m | Barriaer_008.glb[39m[0m
[   0% ] [90m[1mimport[22m | Started Import Scene (104 steps)[39m[0m
[   0% ] [90m[1mimport[22m | Importing Scene...[39m[0m
[   1% ] [90m[1mimport[22m | Running Custom Script...[39m[0m
[  99% ] [90m[1mimport[22m | Saving...[39m[0m
[92m[ DONE ][39m [1mimport[22m
[0m
[  50% ] [90m[1mreimport[22m | Barriaer_009.glb[39m[0m
[   0% ] [90m[1mimport[22m | Started Import Scene (104 steps)[39m[0m
[   0% ] [90m[1mimport[22m | Importing Scene...[39m[0m
[   1% ] [90m[1mimport[22m | Running Custom Script...[39m[0m
[  99% ] [90m[1mimport[22m | Saving...[39m[0m
[92m[ DONE ][39m [1mimport[22m
[0m
[  50% ] [90m[1mreimport[22m | Barriaer_010.glb[39m[0m
[   0% ] [90m[1mimport[22m | Started Import Scene (104 steps)[39m[0m
[   0% ] [90m[1mimport[22m | Importing Scene...[39m[0m
[   1% ] [90m[1mimport[22m | Running Custom Script...[39m[0m
[  99% ] [90m[1mimport[22m | Saving...[39m[0m
[92m[ DONE ][39m [1mimport[22m
[0m
[  50% ] [90m[1mreimport[22m | Trash_001.glb[39m[0m
[   0% ] [90m[1mimport[22m | Started Import Scene (104 steps)[39m[0m
[   0% ] [90m[1mimport[22m | Importing Scene...[39m[0m
[   1% ] [90m[1mimport[22m | Running Custom Script...[39m[0m
[  99% ] [90m[1mimport[22m | Saving...[39m[0m
[92m[ DONE ][39m [1mimport[22m
[0m
[  50% ] [90m[1mreimport[22m | Trash_003.glb[39m[0m
[   0% ] [90m[1mimport[22m | Started Import Scene (104 steps)[39m[0m
[   0% ] [90m[1mimport[22m | Importing Scene...[39m[0m
[   1% ] [90m[1mimport[22m | Running Custom Script...[39m[0m
[  99% ] [90m[1mimport[22m | Saving...[39m[0m
[92m[ DONE ][39m [1mimport[22m
[0m
[  50% ] [90m[1mreimport[22m | Trash_004.glb[39m[0m
[   0% ] [90m[1mimport[22m | Started Import Scene (104 steps)[39m[0m
[   0% ] [90m[1mimport[22m | Importing Scene...[39m[0m
[   1% ] [90m[1mimport[22m | Running Custom Script...[39m[0m
[  99% ] [90m[1mimport[22m | Saving...[39m[0m
[92m[ DONE ][39m [1mimport[22m
[0m
[  50% ] [90m[1mreimport[22m | Trash_005.glb[39m[0m
[   0% ] [90m[1mimport[22m | Started Import Scene (104 steps)[39m[0m
[   0% ] [90m[1mimport[22m | Importing Scene...[39m[0m
[   1% ] [90m[1mimport[22m | Running Custom Script...[39m[0m
[  99% ] [90m[1mimport[22m | Saving...[39m[0m
[92m[ DONE ][39m [1mimport[22m
[0m
[  50% ] [90m[1mreimport[22m | Trash_006.glb[39m[0m
[   0% ] [90m[1mimport[22m | Started Import Scene (104 steps)[39m[0m
[   0% ] [90m[1mimport[22m | Importing Scene...[39m[0m
[   1% ] [90m[1mimport[22m | Running Custom Script...[39m[0m
[  99% ] [90m[1mimport[22m | Saving...[39m[0m
[92m[ DONE ][39m [1mimport[22m
[0m
[  51% ] [90m[1mreimport[22m | Trash_007.glb[39m[0m
[   0% ] [90m[1mimport[22m | Started Import Scene (104 steps)[39m[0m
[   0% ] [90m[1mimport[22m | Importing Scene...[39m[0m
[   1% ] [90m[1mimport[22m | Running Custom Script...[39m[0m
[  99% ] [90m[1mimport[22m | Saving...[39m[0m
[92m[ DONE ][39m [1mimport[22m
[0m
[  51% ] [90m[1mreimport[22m | Trash_008.glb[39m[0m
[   0% ] [90m[1mimport[22m | Started Import Scene (104 steps)[39m[0m
[   0% ] [90m[1mimport[22m | Importing Scene...[39m[0m
[   1% ] [90m[1mimport[22m | Running Custom Script...[39m[0m
[  99% ] [90m[1mimport[22m | Saving...[39m[0m
[92m[ DONE ][39m [1mimport[22m
[0m
[  51% ] [90m[1mreimport[22m | Trash_009.glb[39m[0m
[   0% ] [90m[1mimport[22m | Started Import Scene (104 steps)[39m[0m
[   0% ] [90m[1mimport[22m | Importing Scene...[39m[0m
[   1% ] [90m[1mimport[22m | Running Custom Script...[39m[0m
[  99% ] [90m[1mimport[22m | Saving...[39m[0m
[92m[ DONE ][39m [1mimport[22m
[0m
[  51% ] [90m[1mreimport[22m | Trash_011.glb[39m[0m
[   0% ] [90m[1mimport[22m | Started Import Scene (104 steps)[39m[0m
[   0% ] [90m[1mimport[22m | Importing Scene...[39m[0m
[   1% ] [90m[1mimport[22m | Running Custom Script...[39m[0m
[  99% ] [90m[1mimport[22m | Saving...[39m[0m
[92m[ DONE ][39m [1mimport[22m
[0m
[  51% ] [90m[1mreimport[22m | Trash_012.glb[39m[0m
[   0% ] [90m[1mimport[22m | Started Import Scene (104 steps)[39m[0m
[   0% ] [90m[1mimport[22m | Importing Scene...[39m[0m
[   1% ] [90m[1mimport[22m | Running Custom Script...[39m[0m
[  99% ] [90m[1mimport[22m | Saving...[39m[0m
[92m[ DONE ][39m [1mimport[22m
[0m
[  51% ] [90m[1mreimport[22m | Trash_bag_001.glb[39m[0m
[   0% ] [90m[1mimport[22m | Started Import Scene (104 steps)[39m[0m
[   0% ] [90m[1mimport[22m | Importing Scene...[39m[0m
[   1% ] [90m[1mimport[22m | Running Custom Script...[39m[0m
[  99% ] [90m[1mimport[22m | Saving...[39m[0m
[92m[ DONE ][39m [1mimport[22m
[0m
[  51% ] [90m[1mreimport[22m | Trash_bag_002.glb[39m[0m
[   0% ] [90m[1mimport[22m | Started Import Scene (104 steps)[39m[0m
[   0% ] [90m[1mimport[22m | Importing Scene...[39m[0m
[   1% ] [90m[1mimport[22m | Running Custom Script...[39m[0m
[  99% ] [90m[1mimport[22m | Saving...[39m[0m
[92m[ DONE ][39m [1mimport[22m
[0m
[  51% ] [90m[1mreimport[22m | Trash_bag_003.glb[39m[0m
[   0% ] [90m[1mimport[22m | Started Import Scene (104 steps)[39m[0m
[   0% ] [90m[1mimport[22m | Importing Scene...[39m[0m
[   1% ] [90m[1mimport[22m | Running Custom Script...[39m[0m
[  99% ] [90m[1mimport[22m | Saving...[39m[0m
[92m[ DONE ][39m [1mimport[22m
[0m
[  51% ] [90m[1mreimport[22m | Trash_bag_004.glb[39m[0m
[   0% ] [90m[1mimport[22m | Started Import Scene (104 steps)[39m[0m
[   0% ] [90m[1mimport[22m | Importing Scene...[39m[0m
[   1% ] [90m[1mimport[22m | Running Custom Script...[39m[0m
[  99% ] [90m[1mimport[22m | Saving...[39m[0m
[92m[ DONE ][39m [1mimport[22m
[0m
[  51% ] [90m[1mreimport[22m | Trash_pile_001.glb[39m[0m
[   0% ] [90m[1mimport[22m | Started Import Scene (104 steps)[39m[0m
[   0% ] [90m[1mimport[22m | Importing Scene...[39m[0m
[   1% ] [90m[1mimport[22m | Running Custom Script...[39m[0m
[  99% ] [90m[1mimport[22m | Saving...[39m[0m
[92m[ DONE ][39m [1mimport[22m
[0m
[  52% ] [90m[1mreimport[22m | Trash_pile_002.glb[39m[0m
[   0% ] [90m[1mimport[22m | Started Import Scene (104 steps)[39m[0m
[   0% ] [90m[1mimport[22m | Importing Scene...[39m[0m
[   1% ] [90m[1mimport[22m | Running Custom Script...[39m[0m
[  99% ] [90m[1mimport[22m | Saving...[39m[0m
[92m[ DONE ][39m [1mimport[22m
[0m
[  52% ] [90m[1mreimport[22m | Trash_pile_003.glb[39m[0m
[   0% ] [90m[1mimport[22m | Started Import Scene (104 steps)[39m[0m
[   0% ] [90m[1mimport[22m | Importing Scene...[39m[0m
[   1% ] [90m[1mimport[22m | Running Custom Script...[39m[0m
[  99% ] [90m[1mimport[22m | Saving...[39m[0m
[92m[ DONE ][39m [1mimport[22m
[0m
[  52% ] [90m[1mreimport[22m | Trash_pile_004.glb[39m[0m
[   0% ] [90m[1mimport[22m | Started Import Scene (104 steps)[39m[0m
[   0% ] [90m[1mimport[22m | Importing Scene...[39m[0m
[   1% ] [90m[1mimport[22m | Running Custom Script...[39m[0m
[  99% ] [90m[1mimport[22m | Saving...[39m[0m
[92m[ DONE ][39m [1mimport[22m
[0m
[  52% ] [90m[1mreimport[22m | Trash_pile_005.glb[39m[0m
[   0% ] [90m[1mimport[22m | Started Import Scene (104 steps)[39m[0m
[   0% ] [90m[1mimport[22m | Importing Scene...[39m[0m
[   1% ] [90m[1mimport[22m | Running Custom Script...[39m[0m
[  99% ] [90m[1mimport[22m | Saving...[39m[0m
[92m[ DONE ][39m [1mimport[22m
[0m
[  52% ] [90m[1mreimport[22m | Trash_pile_006.glb[39m[0m
[   0% ] [90m[1mimport[22m | Started Import Scene (104 steps)[39m[0m
[   0% ] [90m[1mimport[22m | Importing Scene...[39m[0m
[   1% ] [90m[1mimport[22m | Running Custom Script...[39m[0m
[  99% ] [90m[1mimport[22m | Saving...[39m[0m
[92m[ DONE ][39m [1mimport[22m
[0m
[  52% ] [90m[1mreimport[22m | Door_001.glb[39m[0m
[   0% ] [90m[1mimport[22m | Started Import Scene (104 steps)[39m[0m
[   0% ] [90m[1mimport[22m | Importing Scene...[39m[0m
[   1% ] [90m[1mimport[22m | Running Custom Script...[39m[0m
[  99% ] [90m[1mimport[22m | Saving...[39m[0m
[92m[ DONE ][39m [1mimport[22m
[0m
[  52% ] [90m[1mreimport[22m | Door_002.glb[39m[0m
[   0% ] [90m[1mimport[22m | Started Import Scene (104 steps)[39m[0m
[   0% ] [90m[1mimport[22m | Importing Scene...[39m[0m
[   1% ] [90m[1mimport[22m | Running Custom Script...[39m[0m
[  99% ] [90m[1mimport[22m | Saving...[39m[0m
[92m[ DONE ][39m [1mimport[22m
[0m
[  52% ] [90m[1mreimport[22m | Door_003.glb[39m[0m
[   0% ] [90m[1mimport[22m | Started Import Scene (104 steps)[39m[0m
[   0% ] [90m[1mimport[22m | Importing Scene...[39m[0m
[   1% ] [90m[1mimport[22m | Running Custom Script...[39m[0m
[  99% ] [90m[1mimport[22m | Saving...[39m[0m
[92m[ DONE ][39m [1mimport[22m
[0m
[  52% ] [90m[1mreimport[22m | Door_004.glb[39m[0m
[   0% ] [90m[1mimport[22m | Started Import Scene (104 steps)[39m[0m
[   0% ] [90m[1mimport[22m | Importing Scene...[39m[0m
[   1% ] [90m[1mimport[22m | Running Custom Script...[39m[0m
[  99% ] [90m[1mimport[22m | Saving...[39m[0m
[92m[ DONE ][39m [1mimport[22m
[0m
[  52% ] [90m[1mreimport[22m | Armchair_001.glb[39m[0m
[   0% ] [90m[1mimport[22m | Started Import Scene (104 steps)[39m[0m
[   0% ] [90m[1mimport[22m | Importing Scene...[39m[0m
[   1% ] [90m[1mimport[22m | Running Custom Script...[39m[0m
[  99% ] [90m[1mimport[22m | Saving...[39m[0m
[92m[ DONE ][39m [1mimport[22m
[0m
[  53% ] [90m[1mreimport[22m | Crate_006.glb[39m[0m
[   0% ] [90m[1mimport[22m | Started Import Scene (104 steps)[39m[0m
[   0% ] [90m[1mimport[22m | Importing Scene...[39m[0m
[   1% ] [90m[1mimport[22m | Running Custom Script...[39m[0m
[  99% ] [90m[1mimport[22m | Saving...[39m[0m
[92m[ DONE ][39m [1mimport[22m
[0m
[  53% ] [90m[1mreimport[22m | Crate_007.glb[39m[0m
[   0% ] [90m[1mimport[22m | Started Import Scene (104 steps)[39m[0m
[   0% ] [90m[1mimport[22m | Importing Scene...[39m[0m
[   1% ] [90m[1mimport[22m | Running Custom Script...[39m[0m
[  99% ] [90m[1mimport[22m | Saving...[39m[0m
[92m[ DONE ][39m [1mimport[22m
[0m
[  53% ] [90m[1mreimport[22m | Crate_008.glb[39m[0m
[   0% ] [90m[1mimport[22m | Started Import Scene (104 steps)[39m[0m
[   0% ] [90m[1mimport[22m | Importing Scene...[39m[0m
[   1% ] [90m[1mimport[22m | Running Custom Script...[39m[0m
[  99% ] [90m[1mimport[22m | Saving...[39m[0m
[92m[ DONE ][39m [1mimport[22m
[0m
[  53% ] [90m[1mreimport[22m | Crate_009.glb[39m[0m
[   0% ] [90m[1mimport[22m | Started Import Scene (104 steps)[39m[0m
[   0% ] [90m[1mimport[22m | Importing Scene...[39m[0m
[   1% ] [90m[1mimport[22m | Running Custom Script...[39m[0m
[  99% ] [90m[1mimport[22m | Saving...[39m[0m
[92m[ DONE ][39m [1mimport[22m
[0m
[  53% ] [90m[1mreimport[22m | Crate_010.glb[39m[0m
[   0% ] [90m[1mimport[22m | Started Import Scene (104 steps)[39m[0m
[   0% ] [90m[1mimport[22m | Importing Scene...[39m[0m
[   1% ] [90m[1mimport[22m | Running Custom Script...[39m[0m
[  99% ] [90m[1mimport[22m | Saving...[39m[0m
[92m[ DONE ][39m [1mimport[22m
[0m
[  53% ] [90m[1mreimport[22m | Crate_011.glb[39m[0m
[   0% ] [90m[1mimport[22m | Started Import Scene (104 steps)[39m[0m
[   0% ] [90m[1mimport[22m | Importing Scene...[39m[0m
[   1% ] [90m[1mimport[22m | Running Custom Script...[39m[0m
[  99% ] [90m[1mimport[22m | Saving...[39m[0m
[92m[ DONE ][39m [1mimport[22m
[0m
[  53% ] [90m[1mreimport[22m | Crate_012.glb[39m[0m
[   0% ] [90m[1mimport[22m | Started Import Scene (104 steps)[39m[0m
[   0% ] [90m[1mimport[22m | Importing Scene...[39m[0m
[   1% ] [90m[1mimport[22m | Running Custom Script...[39m[0m
[  99% ] [90m[1mimport[22m | Saving...[39m[0m
[92m[ DONE ][39m [1mimport[22m
[0m
[  53% ] [90m[1mreimport[22m | Crate_013.glb[39m[0m
[   0% ] [90m[1mimport[22m | Started Import Scene (104 steps)[39m[0m
[   0% ] [90m[1mimport[22m | Importing Scene...[39m[0m
[   1% ] [90m[1mimport[22m | Running Custom Script...[39m[0m
[  99% ] [90m[1mimport[22m | Saving...[39m[0m
[92m[ DONE ][39m [1mimport[22m
[0m
[  53% ] [90m[1mreimport[22m | Crate_013_cap_001.glb[39m[0m
[   0% ] [90m[1mimport[22m | Started Import Scene (104 steps)[39m[0m
[   0% ] [90m[1mimport[22m | Importing Scene...[39m[0m
[   1% ] [90m[1mimport[22m | Running Custom Script...[39m[0m
[  99% ] [90m[1mimport[22m | Saving...[39m[0m
[92m[ DONE ][39m [1mimport[22m
[0m
[  53% ] [90m[1mreimport[22m | Crate_014.glb[39m[0m
[   0% ] [90m[1mimport[22m | Started Import Scene (104 steps)[39m[0m
[   0% ] [90m[1mimport[22m | Importing Scene...[39m[0m
[   1% ] [90m[1mimport[22m | Running Custom Script...[39m[0m
[  99% ] [90m[1mimport[22m | Saving...[39m[0m
[92m[ DONE ][39m [1mimport[22m
[0m
[  54% ] [90m[1mreimport[22m | Crate_015.glb[39m[0m
[   0% ] [90m[1mimport[22m | Started Import Scene (104 steps)[39m[0m
[   0% ] [90m[1mimport[22m | Importing Scene...[39m[0m
[   1% ] [90m[1mimport[22m | Running Custom Script...[39m[0m
[  99% ] [90m[1mimport[22m | Saving...[39m[0m
[92m[ DONE ][39m [1mimport[22m
[0m
[  54% ] [90m[1mreimport[22m | Crate_016.glb[39m[0m
[   0% ] [90m[1mimport[22m | Started Import Scene (104 steps)[39m[0m
[   0% ] [90m[1mimport[22m | Importing Scene...[39m[0m
[   1% ] [90m[1mimport[22m | Running Custom Script...[39m[0m
[  99% ] [90m[1mimport[22m | Saving...[39m[0m
[92m[ DONE ][39m [1mimport[22m
[0m
[  54% ] [90m[1mreimport[22m | Garbage_Container_01.glb[39m[0m
[   0% ] [90m[1mimport[22m | Started Import Scene (104 steps)[39m[0m
[   0% ] [90m[1mimport[22m | Importing Scene...[39m[0m
[   1% ] [90m[1mimport[22m | Running Custom Script...[39m[0m
[  99% ] [90m[1mimport[22m | Saving...[39m[0m
[92m[ DONE ][39m [1mimport[22m
[0m
[  54% ] [90m[1mreimport[22m | Pallete_01.glb[39m[0m
[   0% ] [90m[1mimport[22m | Started Import Scene (104 steps)[39m[0m
[   0% ] [90m[1mimport[22m | Importing Scene...[39m[0m
[   1% ] [90m[1mimport[22m | Running Custom Script...[39m[0m
[  99% ] [90m[1mimport[22m | Saving...[39m[0m
[92m[ DONE ][39m [1mimport[22m
[0m
[  54% ] [90m[1mreimport[22m | Pallete_02.glb[39m[0m
[   0% ] [90m[1mimport[22m | Started Import Scene (104 steps)[39m[0m
[   0% ] [90m[1mimport[22m | Importing Scene...[39m[0m
[   1% ] [90m[1mimport[22m | Running Custom Script...[39m[0m
[  99% ] [90m[1mimport[22m | Saving...[39m[0m
[92m[ DONE ][39m [1mimport[22m
[0m
[  54% ] [90m[1mreimport[22m | Pallete_03.glb[39m[0m
[   0% ] [90m[1mimport[22m | Started Import Scene (104 steps)[39m[0m
[   0% ] [90m[1mimport[22m | Importing Scene...[39m[0m
[   1% ] [90m[1mimport[22m | Running Custom Script...[39m[0m
[  99% ] [90m[1mimport[22m | Saving...[39m[0m
[92m[ DONE ][39m [1mimport[22m
[0m
[  54% ] [90m[1mreimport[22m | Baloon_001.glb[39m[0m
[   0% ] [90m[1mimport[22m | Started Import Scene (104 steps)[39m[0m
[   0% ] [90m[1mimport[22m | Importing Scene...[39m[0m
[   1% ] [90m[1mimport[22m | Running Custom Script...[39m[0m
[  99% ] [90m[1mimport[22m | Saving...[39m[0m
[92m[ DONE ][39m [1mimport[22m
[0m
[  54% ] [90m[1mreimport[22m | Baloon_002.glb[39m[0m
[   0% ] [90m[1mimport[22m | Started Import Scene (104 steps)[39m[0m
[   0% ] [90m[1mimport[22m | Importing Scene...[39m[0m
[   1% ] [90m[1mimport[22m | Running Custom Script...[39m[0m
[  99% ] [90m[1mimport[22m | Saving...[39m[0m
[92m[ DONE ][39m [1mimport[22m
[0m
[  54% ] [90m[1mreimport[22m | Baloon_003.glb[39m[0m
[   0% ] [90m[1mimport[22m | Started Import Scene (104 steps)[39m[0m
[   0% ] [90m[1mimport[22m | Importing Scene...[39m[0m
[   1% ] [90m[1mimport[22m | Running Custom Script...[39m[0m
[  99% ] [90m[1mimport[22m | Saving...[39m[0m
[92m[ DONE ][39m [1mimport[22m
[0m
[  54% ] [90m[1mreimport[22m | Baloon_004.glb[39m[0m
[   0% ] [90m[1mimport[22m | Started Import Scene (104 steps)[39m[0m
[   0% ] [90m[1mimport[22m | Importing Scene...[39m[0m
[   1% ] [90m[1mimport[22m | Running Custom Script...[39m[0m
[  99% ] [90m[1mimport[22m | Saving...[39m[0m
[92m[ DONE ][39m [1mimport[22m
[0m
[  55% ] [90m[1mreimport[22m | Baloon_005.glb[39m[0m
[   0% ] [90m[1mimport[22m | Started Import Scene (104 steps)[39m[0m
[   0% ] [90m[1mimport[22m | Importing Scene...[39m[0m
[   1% ] [90m[1mimport[22m | Running Custom Script...[39m[0m
[  99% ] [90m[1mimport[22m | Saving...[39m[0m
[92m[ DONE ][39m [1mimport[22m
[0m
[  55% ] [90m[1mreimport[22m | Baloon_006.glb[39m[0m
[   0% ] [90m[1mimport[22m | Started Import Scene (104 steps)[39m[0m
[   0% ] [90m[1mimport[22m | Importing Scene...[39m[0m
[   1% ] [90m[1mimport[22m | Running Custom Script...[39m[0m
[  99% ] [90m[1mimport[22m | Saving...[39m[0m
[92m[ DONE ][39m [1mimport[22m
[0m
[  55% ] [90m[1mreimport[22m | Baloon_007.glb[39m[0m
[   0% ] [90m[1mimport[22m | Started Import Scene (104 steps)[39m[0m
[   0% ] [90m[1mimport[22m | Importing Scene...[39m[0m
[   1% ] [90m[1mimport[22m | Running Custom Script...[39m[0m
[  99% ] [90m[1mimport[22m | Saving...[39m[0m
[92m[ DONE ][39m [1mimport[22m
[0m
[  55% ] [90m[1mreimport[22m | Baloon_008.glb[39m[0m
[   0% ] [90m[1mimport[22m | Started Import Scene (104 steps)[39m[0m
[   0% ] [90m[1mimport[22m | Importing Scene...[39m[0m
[   1% ] [90m[1mimport[22m | Running Custom Script...[39m[0m
[  99% ] [90m[1mimport[22m | Saving...[39m[0m
[92m[ DONE ][39m [1mimport[22m
[0m
[  55% ] [90m[1mreimport[22m | Baloon_009.glb[39m[0m
[   0% ] [90m[1mimport[22m | Started Import Scene (104 steps)[39m[0m
[   0% ] [90m[1mimport[22m | Importing Scene...[39m[0m
[   1% ] [90m[1mimport[22m | Running Custom Script...[39m[0m
[  99% ] [90m[1mimport[22m | Saving...[39m[0m
[92m[ DONE ][39m [1mimport[22m
[0m
[  55% ] [90m[1mreimport[22m | Baloon_010.glb[39m[0m
[   0% ] [90m[1mimport[22m | Started Import Scene (104 steps)[39m[0m
[   0% ] [90m[1mimport[22m | Importing Scene...[39m[0m
[   1% ] [90m[1mimport[22m | Running Custom Script...[39m[0m
[  99% ] [90m[1mimport[22m | Saving...[39m[0m
[92m[ DONE ][39m [1mimport[22m
[0m
[  55% ] [90m[1mreimport[22m | Baloon_014.glb[39m[0m
[   0% ] [90m[1mimport[22m | Started Import Scene (104 steps)[39m[0m
[   0% ] [90m[1mimport[22m | Importing Scene...[39m[0m
[   1% ] [90m[1mimport[22m | Running Custom Script...[39m[0m
[  99% ] [90m[1mimport[22m | Saving...[39m[0m
[92m[ DONE ][39m [1mimport[22m
[0m
[  55% ] [90m[1mreimport[22m | Barriaer_001.glb[39m[0m
[   0% ] [90m[1mimport[22m | Started Import Scene (104 steps)[39m[0m
[   0% ] [90m[1mimport[22m | Importing Scene...[39m[0m
[   1% ] [90m[1mimport[22m | Running Custom Script...[39m[0m
[  99% ] [90m[1mimport[22m | Saving...[39m[0m
[92m[ DONE ][39m [1mimport[22m
[0m
[  55% ] [90m[1mreimport[22m | Barriaer_002.glb[39m[0m
[   0% ] [90m[1mimport[22m | Started Import Scene (104 steps)[39m[0m
[   0% ] [90m[1mimport[22m | Importing Scene...[39m[0m
[   1% ] [90m[1mimport[22m | Running Custom Script...[39m[0m
[  99% ] [90m[1mimport[22m | Saving...[39m[0m
[92m[ DONE ][39m [1mimport[22m
[0m
[  55% ] [90m[1mreimport[22m | Barriaer_003.glb[39m[0m
[   0% ] [90m[1mimport[22m | Started Import Scene (104 steps)[39m[0m
[   0% ] [90m[1mimport[22m | Importing Scene...[39m[0m
[   1% ] [90m[1mimport[22m | Running Custom Script...[39m[0m
[  99% ] [90m[1mimport[22m | Saving...[39m[0m
[92m[ DONE ][39m [1mimport[22m
[0m
[  56% ] [90m[1mreimport[22m | Barriaer_004.glb[39m[0m
[   0% ] [90m[1mimport[22m | Started Import Scene (104 steps)[39m[0m
[   0% ] [90m[1mimport[22m | Importing Scene...[39m[0m
[   1% ] [90m[1mimport[22m | Running Custom Script...[39m[0m
[  99% ] [90m[1mimport[22m | Saving...[39m[0m
[92m[ DONE ][39m [1mimport[22m
[0m
[  56% ] [90m[1mreimport[22m | Desk_008.glb[39m[0m
[   0% ] [90m[1mimport[22m | Started Import Scene (104 steps)[39m[0m
[   0% ] [90m[1mimport[22m | Importing Scene...[39m[0m
[   1% ] [90m[1mimport[22m | Running Custom Script...[39m[0m
[  99% ] [90m[1mimport[22m | Saving...[39m[0m
[92m[ DONE ][39m [1mimport[22m
[0m
[  56% ] [90m[1mreimport[22m | Desk_009.glb[39m[0m
[   0% ] [90m[1mimport[22m | Started Import Scene (104 steps)[39m[0m
[   0% ] [90m[1mimport[22m | Importing Scene...[39m[0m
[   1% ] [90m[1mimport[22m | Running Custom Script...[39m[0m
[  99% ] [90m[1mimport[22m | Saving...[39m[0m
[92m[ DONE ][39m [1mimport[22m
[0m
[  56% ] [90m[1mreimport[22m | Desk_010.glb[39m[0m
[   0% ] [90m[1mimport[22m | Started Import Scene (104 steps)[39m[0m
[   0% ] [90m[1mimport[22m | Importing Scene...[39m[0m
[   1% ] [90m[1mimport[22m | Running Custom Script...[39m[0m
[  99% ] [90m[1mimport[22m | Saving...[39m[0m
[92m[ DONE ][39m [1mimport[22m
[0m
[  56% ] [90m[1mreimport[22m | Desk_011.glb[39m[0m
[   0% ] [90m[1mimport[22m | Started Import Scene (104 steps)[39m[0m
[   0% ] [90m[1mimport[22m | Importing Scene...[39m[0m
[   1% ] [90m[1mimport[22m | Running Custom Script...[39m[0m
[  99% ] [90m[1mimport[22m | Saving...[39m[0m
[92m[ DONE ][39m [1mimport[22m
[0m
[  56% ] [90m[1mreimport[22m | Desk_012.glb[39m[0m
[   0% ] [90m[1mimport[22m | Started Import Scene (104 steps)[39m[0m
[   0% ] [90m[1mimport[22m | Importing Scene...[39m[0m
[   1% ] [90m[1mimport[22m | Running Custom Script...[39m[0m
[  99% ] [90m[1mimport[22m | Saving...[39m[0m
[92m[ DONE ][39m [1mimport[22m
[0m
[  56% ] [90m[1mreimport[22m | Desk_013.glb[39m[0m
[   0% ] [90m[1mimport[22m | Started Import Scene (104 steps)[39m[0m
[   0% ] [90m[1mimport[22m | Importing Scene...[39m[0m
[   1% ] [90m[1mimport[22m | Running Custom Script...[39m[0m
[  99% ] [90m[1mimport[22m | Saving...[39m[0m
[92m[ DONE ][39m [1mimport[22m
[0m
[  56% ] [90m[1mreimport[22m | Desk_014.glb[39m[0m
[   0% ] [90m[1mimport[22m | Started Import Scene (104 steps)[39m[0m
[   0% ] [90m[1mimport[22m | Importing Scene...[39m[0m
[   1% ] [90m[1mimport[22m | Running Custom Script...[39m[0m
[  99% ] [90m[1mimport[22m | Saving...[39m[0m
[92m[ DONE ][39m [1mimport[22m
[0m
[  56% ] [90m[1mreimport[22m | Desk_015.glb[39m[0m
[   0% ] [90m[1mimport[22m | Started Import Scene (104 steps)[39m[0m
[   0% ] [90m[1mimport[22m | Importing Scene...[39m[0m
[   1% ] [90m[1mimport[22m | Running Custom Script...[39m[0m
[  99% ] [90m[1mimport[22m | Saving...[39m[0m
[92m[ DONE ][39m [1mimport[22m
[0m
[  56% ] [90m[1mreimport[22m | Desk_016.glb[39m[0m
[   0% ] [90m[1mimport[22m | Started Import Scene (104 steps)[39m[0m
[   0% ] [90m[1mimport[22m | Importing Scene...[39m[0m
[   1% ] [90m[1mimport[22m | Running Custom Script...[39m[0m
[  99% ] [90m[1mimport[22m | Saving...[39m[0m
[92m[ DONE ][39m [1mimport[22m
[0m
[  57% ] [90m[1mreimport[22m | Desk_017.glb[39m[0m
[   0% ] [90m[1mimport[22m | Started Import Scene (104 steps)[39m[0m
[   0% ] [90m[1mimport[22m | Importing Scene...[39m[0m
[   1% ] [90m[1mimport[22m | Running Custom Script...[39m[0m
[  99% ] [90m[1mimport[22m | Saving...[39m[0m
[92m[ DONE ][39m [1mimport[22m
[0m
[  57% ] [90m[1mreimport[22m | Desk_018.glb[39m[0m
[   0% ] [90m[1mimport[22m | Started Import Scene (104 steps)[39m[0m
[   0% ] [90m[1mimport[22m | Importing Scene...[39m[0m
[   1% ] [90m[1mimport[22m | Running Custom Script...[39m[0m
[  99% ] [90m[1mimport[22m | Saving...[39m[0m
[92m[ DONE ][39m [1mimport[22m
[0m
[  57% ] [90m[1mreimport[22m | Desk_019.glb[39m[0m
[   0% ] [90m[1mimport[22m | Started Import Scene (104 steps)[39m[0m
[   0% ] [90m[1mimport[22m | Importing Scene...[39m[0m
[   1% ] [90m[1mimport[22m | Running Custom Script...[39m[0m
[  99% ] [90m[1mimport[22m | Saving...[39m[0m
[92m[ DONE ][39m [1mimport[22m
[0m
[  57% ] [90m[1mreimport[22m | Desk_020.glb[39m[0m
[   0% ] [90m[1mimport[22m | Started Import Scene (104 steps)[39m[0m
[   0% ] [90m[1mimport[22m | Importing Scene...[39m[0m
[   1% ] [90m[1mimport[22m | Running Custom Script...[39m[0m
[  99% ] [90m[1mimport[22m | Saving...[39m[0m
[92m[ DONE ][39m [1mimport[22m
[0m
[  57% ] [90m[1mreimport[22m | Desk_021.glb[39m[0m
[   0% ] [90m[1mimport[22m | Started Import Scene (104 steps)[39m[0m
[   0% ] [90m[1mimport[22m | Importing Scene...[39m[0m
[   1% ] [90m[1mimport[22m | Running Custom Script...[39m[0m
[  99% ] [90m[1mimport[22m | Saving...[39m[0m
[92m[ DONE ][39m [1mimport[22m
[0m
[  57% ] [90m[1mreimport[22m | Desk_022.glb[39m[0m
[   0% ] [90m[1mimport[22m | Started Import Scene (104 steps)[39m[0m
[   0% ] [90m[1mimport[22m | Importing Scene...[39m[0m
[   1% ] [90m[1mimport[22m | Running Custom Script...[39m[0m
[  99% ] [90m[1mimport[22m | Saving...[39m[0m
[92m[ DONE ][39m [1mimport[22m
[0m
[  57% ] [90m[1mreimport[22m | Desk_023.glb[39m[0m
[   0% ] [90m[1mimport[22m | Started Import Scene (104 steps)[39m[0m
[   0% ] [90m[1mimport[22m | Importing Scene...[39m[0m
[   1% ] [90m[1mimport[22m | Running Custom Script...[39m[0m
[  99% ] [90m[1mimport[22m | Saving...[39m[0m
[92m[ DONE ][39m [1mimport[22m
[0m
[  57% ] [90m[1mreimport[22m | Desk_024.glb[39m[0m
[   0% ] [90m[1mimport[22m | Started Import Scene (104 steps)[39m[0m
[   0% ] [90m[1mimport[22m | Importing Scene...[39m[0m
[   1% ] [90m[1mimport[22m | Running Custom Script...[39m[0m
[  99% ] [90m[1mimport[22m | Saving...[39m[0m
[92m[ DONE ][39m [1mimport[22m
[0m
[  57% ] [90m[1mreimport[22m | Desk_025.glb[39m[0m
[   0% ] [90m[1mimport[22m | Started Import Scene (104 steps)[39m[0m
[   0% ] [90m[1mimport[22m | Importing Scene...[39m[0m
[   1% ] [90m[1mimport[22m | Running Custom Script...[39m[0m
[  99% ] [90m[1mimport[22m | Saving...[39m[0m
[92m[ DONE ][39m [1mimport[22m
[0m
[  57% ] [90m[1mreimport[22m | Desk_026.glb[39m[0m
[   0% ] [90m[1mimport[22m | Started Import Scene (104 steps)[39m[0m
[   0% ] [90m[1mimport[22m | Importing Scene...[39m[0m
[   1% ] [90m[1mimport[22m | Running Custom Script...[39m[0m
[  99% ] [90m[1mimport[22m | Saving...[39m[0m
[92m[ DONE ][39m [1mimport[22m
[0m
[  58% ] [90m[1mreimport[22m | Desk_027.glb[39m[0m
[   0% ] [90m[1mimport[22m | Started Import Scene (104 steps)[39m[0m
[   0% ] [90m[1mimport[22m | Importing Scene...[39m[0m
[   1% ] [90m[1mimport[22m | Running Custom Script...[39m[0m
[  99% ] [90m[1mimport[22m | Saving...[39m[0m
[92m[ DONE ][39m [1mimport[22m
[0m
[  58% ] [90m[1mreimport[22m | Desk_028.glb[39m[0m
[   0% ] [90m[1mimport[22m | Started Import Scene (104 steps)[39m[0m
[   0% ] [90m[1mimport[22m | Importing Scene...[39m[0m
[   1% ] [90m[1mimport[22m | Running Custom Script...[39m[0m
[  99% ] [90m[1mimport[22m | Saving...[39m[0m
[92m[ DONE ][39m [1mimport[22m
[0m
[  58% ] [90m[1mreimport[22m | Desk_029.glb[39m[0m
[   0% ] [90m[1mimport[22m | Started Import Scene (104 steps)[39m[0m
[   0% ] [90m[1mimport[22m | Importing Scene...[39m[0m
[   1% ] [90m[1mimport[22m | Running Custom Script...[39m[0m
[  99% ] [90m[1mimport[22m | Saving...[39m[0m
[92m[ DONE ][39m [1mimport[22m
[0m
[  58% ] [90m[1mreimport[22m | Desk_030.glb[39m[0m
[   0% ] [90m[1mimport[22m | Started Import Scene (104 steps)[39m[0m
[   0% ] [90m[1mimport[22m | Importing Scene...[39m[0m
[   1% ] [90m[1mimport[22m | Running Custom Script...[39m[0m
[  99% ] [90m[1mimport[22m | Saving...[39m[0m
[92m[ DONE ][39m [1mimport[22m
[0m
[  58% ] [90m[1mreimport[22m | Desk_031.glb[39m[0m
[   0% ] [90m[1mimport[22m | Started Import Scene (104 steps)[39m[0m
[   0% ] [90m[1mimport[22m | Importing Scene...[39m[0m
[   1% ] [90m[1mimport[22m | Running Custom Script...[39m[0m
[  99% ] [90m[1mimport[22m | Saving...[39m[0m
[92m[ DONE ][39m [1mimport[22m
[0m
[  58% ] [90m[1mreimport[22m | Desk_032.glb[39m[0m
[   0% ] [90m[1mimport[22m | Started Import Scene (104 steps)[39m[0m
[   0% ] [90m[1mimport[22m | Importing Scene...[39m[0m
[   1% ] [90m[1mimport[22m | Running Custom Script...[39m[0m
[  99% ] [90m[1mimport[22m | Saving...[39m[0m
[92m[ DONE ][39m [1mimport[22m
[0m
[  58% ] [90m[1mreimport[22m | Desk_033.glb[39m[0m
[   0% ] [90m[1mimport[22m | Started Import Scene (104 steps)[39m[0m
[   0% ] [90m[1mimport[22m | Importing Scene...[39m[0m
[   1% ] [90m[1mimport[22m | Running Custom Script...[39m[0m
[  99% ] [90m[1mimport[22m | Saving...[39m[0m
[92m[ DONE ][39m [1mimport[22m
[0m
[  58% ] [90m[1mreimport[22m | Desk_034.glb[39m[0m
[   0% ] [90m[1mimport[22m | Started Import Scene (104 steps)[39m[0m
[   0% ] [90m[1mimport[22m | Importing Scene...[39m[0m
[   1% ] [90m[1mimport[22m | Running Custom Script...[39m[0m
[  99% ] [90m[1mimport[22m | Saving...[39m[0m
[92m[ DONE ][39m [1mimport[22m
[0m
[  58% ] [90m[1mreimport[22m | Desk_035.glb[39m[0m
[   0% ] [90m[1mimport[22m | Started Import Scene (104 steps)[39m[0m
[   0% ] [90m[1mimport[22m | Importing Scene...[39m[0m
[   1% ] [90m[1mimport[22m | Running Custom Script...[39m[0m
[  99% ] [90m[1mimport[22m | Saving...[39m[0m
[92m[ DONE ][39m [1mimport[22m
[0m
[  58% ] [90m[1mreimport[22m | Desk_036.glb[39m[0m
[   0% ] [90m[1mimport[22m | Started Import Scene (104 steps)[39m[0m
[   0% ] [90m[1mimport[22m | Importing Scene...[39m[0m
[   1% ] [90m[1mimport[22m | Running Custom Script...[39m[0m
[  99% ] [90m[1mimport[22m | Saving...[39m[0m
[92m[ DONE ][39m [1mimport[22m
[0m
[  59% ] [90m[1mreimport[22m | Desk_037.glb[39m[0m
[   0% ] [90m[1mimport[22m | Started Import Scene (104 steps)[39m[0m
[   0% ] [90m[1mimport[22m | Importing Scene...[39m[0m
[   1% ] [90m[1mimport[22m | Running Custom Script...[39m[0m
[  99% ] [90m[1mimport[22m | Saving...[39m[0m
[92m[ DONE ][39m [1mimport[22m
[0m
[  59% ] [90m[1mreimport[22m | Desk_038.glb[39m[0m
[   0% ] [90m[1mimport[22m | Started Import Scene (104 steps)[39m[0m
[   0% ] [90m[1mimport[22m | Importing Scene...[39m[0m
[   1% ] [90m[1mimport[22m | Running Custom Script...[39m[0m
[  99% ] [90m[1mimport[22m | Saving...[39m[0m
[92m[ DONE ][39m [1mimport[22m
[0m
[  59% ] [90m[1mreimport[22m | Armchair_002.glb[39m[0m
[   0% ] [90m[1mimport[22m | Started Import Scene (104 steps)[39m[0m
[   0% ] [90m[1mimport[22m | Importing Scene...[39m[0m
[   1% ] [90m[1mimport[22m | Running Custom Script...[39m[0m
[  99% ] [90m[1mimport[22m | Saving...[39m[0m
[92m[ DONE ][39m [1mimport[22m
[0m
[  59% ] [90m[1mreimport[22m | Armchair_003.glb[39m[0m
[   0% ] [90m[1mimport[22m | Started Import Scene (104 steps)[39m[0m
[   0% ] [90m[1mimport[22m | Importing Scene...[39m[0m
[   1% ] [90m[1mimport[22m | Running Custom Script...[39m[0m
[  99% ] [90m[1mimport[22m | Saving...[39m[0m
[92m[ DONE ][39m [1mimport[22m
[0m
[  59% ] [90m[1mreimport[22m | Armchair_004.glb[39m[0m
[   0% ] [90m[1mimport[22m | Started Import Scene (104 steps)[39m[0m
[   0% ] [90m[1mimport[22m | Importing Scene...[39m[0m
[   1% ] [90m[1mimport[22m | Running Custom Script...[39m[0m
[  99% ] [90m[1mimport[22m | Saving...[39m[0m
[92m[ DONE ][39m [1mimport[22m
[0m
[  59% ] [90m[1mreimport[22m | Armchair_005.glb[39m[0m
[   0% ] [90m[1mimport[22m | Started Import Scene (104 steps)[39m[0m
[   0% ] [90m[1mimport[22m | Importing Scene...[39m[0m
[   1% ] [90m[1mimport[22m | Running Custom Script...[39m[0m
[  99% ] [90m[1mimport[22m | Saving...[39m[0m
[92m[ DONE ][39m [1mimport[22m
[0m
[  59% ] [90m[1mreimport[22m | Armchair_006.glb[39m[0m
[   0% ] [90m[1mimport[22m | Started Import Scene (104 steps)[39m[0m
[   0% ] [90m[1mimport[22m | Importing Scene...[39m[0m
[   1% ] [90m[1mimport[22m | Running Custom Script...[39m[0m
[  99% ] [90m[1mimport[22m | Saving...[39m[0m
[92m[ DONE ][39m [1mimport[22m
[0m
[  59% ] [90m[1mreimport[22m | Armchair_007.glb[39m[0m
[   0% ] [90m[1mimport[22m | Started Import Scene (104 steps)[39m[0m
[   0% ] [90m[1mimport[22m | Importing Scene...[39m[0m
[   1% ] [90m[1mimport[22m | Running Custom Script...[39m[0m
[  99% ] [90m[1mimport[22m | Saving...[39m[0m
[92m[ DONE ][39m [1mimport[22m
[0m
[  59% ] [90m[1mreimport[22m | Armchair_008.glb[39m[0m
[   0% ] [90m[1mimport[22m | Started Import Scene (104 steps)[39m[0m
[   0% ] [90m[1mimport[22m | Importing Scene...[39m[0m
[   1% ] [90m[1mimport[22m | Running Custom Script...[39m[0m
[  99% ] [90m[1mimport[22m | Saving...[39m[0m
[92m[ DONE ][39m [1mimport[22m
[0m
[  59% ] [90m[1mreimport[22m | Armchair_009.glb[39m[0m
[   0% ] [90m[1mimport[22m | Started Import Scene (104 steps)[39m[0m
[   0% ] [90m[1mimport[22m | Importing Scene...[39m[0m
[   1% ] [90m[1mimport[22m | Running Custom Script...[39m[0m
[  99% ] [90m[1mimport[22m | Saving...[39m[0m
[92m[ DONE ][39m [1mimport[22m
[0m
[  60% ] [90m[1mreimport[22m | Armchair_013.glb[39m[0m
[   0% ] [90m[1mimport[22m | Started Import Scene (104 steps)[39m[0m
[   0% ] [90m[1mimport[22m | Importing Scene...[39m[0m
[   1% ] [90m[1mimport[22m | Running Custom Script...[39m[0m
[  99% ] [90m[1mimport[22m | Saving...[39m[0m
[92m[ DONE ][39m [1mimport[22m
[0m
[  60% ] [90m[1mreimport[22m | Armchair_014.glb[39m[0m
[   0% ] [90m[1mimport[22m | Started Import Scene (104 steps)[39m[0m
[   0% ] [90m[1mimport[22m | Importing Scene...[39m[0m
[   1% ] [90m[1mimport[22m | Running Custom Script...[39m[0m
[  99% ] [90m[1mimport[22m | Saving...[39m[0m
[92m[ DONE ][39m [1mimport[22m
[0m
[  60% ] [90m[1mreimport[22m | Chair_001.glb[39m[0m
[   0% ] [90m[1mimport[22m | Started Import Scene (104 steps)[39m[0m
[   0% ] [90m[1mimport[22m | Importing Scene...[39m[0m
[   1% ] [90m[1mimport[22m | Running Custom Script...[39m[0m
[  99% ] [90m[1mimport[22m | Saving...[39m[0m
[92m[ DONE ][39m [1mimport[22m
[0m
[  60% ] [90m[1mreimport[22m | Chair_002.glb[39m[0m
[   0% ] [90m[1mimport[22m | Started Import Scene (104 steps)[39m[0m
[   0% ] [90m[1mimport[22m | Importing Scene...[39m[0m
[   1% ] [90m[1mimport[22m | Running Custom Script...[39m[0m
[  99% ] [90m[1mimport[22m | Saving...[39m[0m
[92m[ DONE ][39m [1mimport[22m
[0m
[  60% ] [90m[1mreimport[22m | Chair_003.glb[39m[0m
[   0% ] [90m[1mimport[22m | Started Import Scene (104 steps)[39m[0m
[   0% ] [90m[1mimport[22m | Importing Scene...[39m[0m
[   1% ] [90m[1mimport[22m | Running Custom Script...[39m[0m
[  99% ] [90m[1mimport[22m | Saving...[39m[0m
[92m[ DONE ][39m [1mimport[22m
[0m
[  60% ] [90m[1mreimport[22m | Chair_004.glb[39m[0m
[   0% ] [90m[1mimport[22m | Started Import Scene (104 steps)[39m[0m
[   0% ] [90m[1mimport[22m | Importing Scene...[39m[0m
[   1% ] [90m[1mimport[22m | Running Custom Script...[39m[0m
[  99% ] [90m[1mimport[22m | Saving...[39m[0m
[92m[ DONE ][39m [1mimport[22m
[0m
[  60% ] [90m[1mreimport[22m | Chair_005.glb[39m[0m
[   0% ] [90m[1mimport[22m | Started Import Scene (104 steps)[39m[0m
[   0% ] [90m[1mimport[22m | Importing Scene...[39m[0m
[   1% ] [90m[1mimport[22m | Running Custom Script...[39m[0m
[  99% ] [90m[1mimport[22m | Saving...[39m[0m
[92m[ DONE ][39m [1mimport[22m
[0m
[  60% ] [90m[1mreimport[22m | Chair_006.glb[39m[0m
[   0% ] [90m[1mimport[22m | Started Import Scene (104 steps)[39m[0m
[   0% ] [90m[1mimport[22m | Importing Scene...[39m[0m
[   1% ] [90m[1mimport[22m | Running Custom Script...[39m[0m
[  99% ] [90m[1mimport[22m | Saving...[39m[0m
[92m[ DONE ][39m [1mimport[22m
[0m
[  60% ] [90m[1mreimport[22m | Chair_007.glb[39m[0m
[   0% ] [90m[1mimport[22m | Started Import Scene (104 steps)[39m[0m
[   0% ] [90m[1mimport[22m | Importing Scene...[39m[0m
[   1% ] [90m[1mimport[22m | Running Custom Script...[39m[0m
[  99% ] [90m[1mimport[22m | Saving...[39m[0m
[92m[ DONE ][39m [1mimport[22m
[0m
[  60% ] [90m[1mreimport[22m | Chair_008.glb[39m[0m
[   0% ] [90m[1mimport[22m | Started Import Scene (104 steps)[39m[0m
[   0% ] [90m[1mimport[22m | Importing Scene...[39m[0m
[   1% ] [90m[1mimport[22m | Running Custom Script...[39m[0m
[  99% ] [90m[1mimport[22m | Saving...[39m[0m
[92m[ DONE ][39m [1mimport[22m
[0m
[  61% ] [90m[1mreimport[22m | Chair_009.glb[39m[0m
[   0% ] [90m[1mimport[22m | Started Import Scene (104 steps)[39m[0m
[   0% ] [90m[1mimport[22m | Importing Scene...[39m[0m
[   1% ] [90m[1mimport[22m | Running Custom Script...[39m[0m
[  99% ] [90m[1mimport[22m | Saving...[39m[0m
[92m[ DONE ][39m [1mimport[22m
[0m
[  61% ] [90m[1mreimport[22m | Chair_010.glb[39m[0m
[   0% ] [90m[1mimport[22m | Started Import Scene (104 steps)[39m[0m
[   0% ] [90m[1mimport[22m | Importing Scene...[39m[0m
[   1% ] [90m[1mimport[22m | Running Custom Script...[39m[0m
[  99% ] [90m[1mimport[22m | Saving...[39m[0m
[92m[ DONE ][39m [1mimport[22m
[0m
[  61% ] [90m[1mreimport[22m | Chair_011.glb[39m[0m
[   0% ] [90m[1mimport[22m | Started Import Scene (104 steps)[39m[0m
[   0% ] [90m[1mimport[22m | Importing Scene...[39m[0m
[   1% ] [90m[1mimport[22m | Running Custom Script...[39m[0m
[  99% ] [90m[1mimport[22m | Saving...[39m[0m
[92m[ DONE ][39m [1mimport[22m
[0m
[  61% ] [90m[1mreimport[22m | Chair_012.glb[39m[0m
[   0% ] [90m[1mimport[22m | Started Import Scene (104 steps)[39m[0m
[   0% ] [90m[1mimport[22m | Importing Scene...[39m[0m
[   1% ] [90m[1mimport[22m | Running Custom Script...[39m[0m
[  99% ] [90m[1mimport[22m | Saving...[39m[0m
[92m[ DONE ][39m [1mimport[22m
[0m
[  61% ] [90m[1mreimport[22m | Chair_013.glb[39m[0m
[   0% ] [90m[1mimport[22m | Started Import Scene (104 steps)[39m[0m
[   0% ] [90m[1mimport[22m | Importing Scene...[39m[0m
[   1% ] [90m[1mimport[22m | Running Custom Script...[39m[0m
[  99% ] [90m[1mimport[22m | Saving...[39m[0m
[92m[ DONE ][39m [1mimport[22m
[0m
[  61% ] [90m[1mreimport[22m | Chair_014.glb[39m[0m
[   0% ] [90m[1mimport[22m | Started Import Scene (104 steps)[39m[0m
[   0% ] [90m[1mimport[22m | Importing Scene...[39m[0m
[   1% ] [90m[1mimport[22m | Running Custom Script...[39m[0m
[  99% ] [90m[1mimport[22m | Saving...[39m[0m
[92m[ DONE ][39m [1mimport[22m
[0m
[  61% ] [90m[1mreimport[22m | Chair_015.glb[39m[0m
[   0% ] [90m[1mimport[22m | Started Import Scene (104 steps)[39m[0m
[   0% ] [90m[1mimport[22m | Importing Scene...[39m[0m
[   1% ] [90m[1mimport[22m | Running Custom Script...[39m[0m
[  99% ] [90m[1mimport[22m | Saving...[39m[0m
[92m[ DONE ][39m [1mimport[22m
[0m
[  61% ] [90m[1mreimport[22m | Desk_001.glb[39m[0m
[   0% ] [90m[1mimport[22m | Started Import Scene (104 steps)[39m[0m
[   0% ] [90m[1mimport[22m | Importing Scene...[39m[0m
[   1% ] [90m[1mimport[22m | Running Custom Script...[39m[0m
[  99% ] [90m[1mimport[22m | Saving...[39m[0m
[92m[ DONE ][39m [1mimport[22m
[0m
[  61% ] [90m[1mreimport[22m | Desk_002.glb[39m[0m
[   0% ] [90m[1mimport[22m | Started Import Scene (104 steps)[39m[0m
[   0% ] [90m[1mimport[22m | Importing Scene...[39m[0m
[   1% ] [90m[1mimport[22m | Running Custom Script...[39m[0m
[  99% ] [90m[1mimport[22m | Saving...[39m[0m
[92m[ DONE ][39m [1mimport[22m
[0m
[  61% ] [90m[1mreimport[22m | Desk_003.glb[39m[0m
[   0% ] [90m[1mimport[22m | Started Import Scene (104 steps)[39m[0m
[   0% ] [90m[1mimport[22m | Importing Scene...[39m[0m
[   1% ] [90m[1mimport[22m | Running Custom Script...[39m[0m
[  99% ] [90m[1mimport[22m | Saving...[39m[0m
[92m[ DONE ][39m [1mimport[22m
[0m
[  62% ] [90m[1mreimport[22m | Desk_004.glb[39m[0m
[   0% ] [90m[1mimport[22m | Started Import Scene (104 steps)[39m[0m
[   0% ] [90m[1mimport[22m | Importing Scene...[39m[0m
[   1% ] [90m[1mimport[22m | Running Custom Script...[39m[0m
[  99% ] [90m[1mimport[22m | Saving...[39m[0m
[92m[ DONE ][39m [1mimport[22m
[0m
[  62% ] [90m[1mreimport[22m | Desk_005.glb[39m[0m
[   0% ] [90m[1mimport[22m | Started Import Scene (104 steps)[39m[0m
[   0% ] [90m[1mimport[22m | Importing Scene...[39m[0m
[   1% ] [90m[1mimport[22m | Running Custom Script...[39m[0m
[  99% ] [90m[1mimport[22m | Saving...[39m[0m
[92m[ DONE ][39m [1mimport[22m
[0m
[  62% ] [90m[1mreimport[22m | Desk_006.glb[39m[0m
[   0% ] [90m[1mimport[22m | Started Import Scene (104 steps)[39m[0m
[   0% ] [90m[1mimport[22m | Importing Scene...[39m[0m
[   1% ] [90m[1mimport[22m | Running Custom Script...[39m[0m
[  99% ] [90m[1mimport[22m | Saving...[39m[0m
[92m[ DONE ][39m [1mimport[22m
[0m
[  62% ] [90m[1mreimport[22m | Desk_007.glb[39m[0m
[   0% ] [90m[1mimport[22m | Started Import Scene (104 steps)[39m[0m
[   0% ] [90m[1mimport[22m | Importing Scene...[39m[0m
[   1% ] [90m[1mimport[22m | Running Custom Script...[39m[0m
[  99% ] [90m[1mimport[22m | Saving...[39m[0m
[92m[ DONE ][39m [1mimport[22m
[0m
[  62% ] [90m[1mreimport[22m | focused_work_lamp.glb[39m[0m
[   0% ] [90m[1mimport[22m | Started Import Scene (104 steps)[39m[0m
[   0% ] [90m[1mimport[22m | Importing Scene...[39m[0m
[   1% ] [90m[1mimport[22m | Running Custom Script...[39m[0m
[  99% ] [90m[1mimport[22m | Saving...[39m[0m
[92m[ DONE ][39m [1mimport[22m
[0m
[  62% ] [90m[1mreimport[22m | generic_crate.glb[39m[0m
[   0% ] [90m[1mimport[22m | Started Import Scene (104 steps)[39m[0m
[   0% ] [90m[1mimport[22m | Importing Scene...[39m[0m
[   1% ] [90m[1mimport[22m | Running Custom Script...[39m[0m
[  99% ] [90m[1mimport[22m | Saving...[39m[0m
[92m[ DONE ][39m [1mimport[22m
[0m
[  62% ] [90m[1mreimport[22m | generic_locker.glb[39m[0m
[   0% ] [90m[1mimport[22m | Started Import Scene (104 steps)[39m[0m
[   0% ] [90m[1mimport[22m | Importing Scene...[39m[0m
[   1% ] [90m[1mimport[22m | Running Custom Script...[39m[0m
[  99% ] [90m[1mimport[22m | Saving...[39m[0m
[92m[ DONE ][39m [1mimport[22m
[0m
[  62% ] [90m[1mreimport[22m | loot_container_derelict_v1.glb[39m[0m
[   0% ] [90m[1mimport[22m | Started Import Scene (104 steps)[39m[0m
[   0% ] [90m[1mimport[22m | Importing Scene...[39m[0m
[   1% ] [90m[1mimport[22m | Running Custom Script...[39m[0m
[  99% ] [90m[1mimport[22m | Saving...[39m[0m
[92m[ DONE ][39m [1mimport[22m
[0m
[  62% ] [90m[1mreimport[22m | maintenance_bench.glb[39m[0m
[   0% ] [90m[1mimport[22m | Started Import Scene (104 steps)[39m[0m
[   0% ] [90m[1mimport[22m | Importing Scene...[39m[0m
[   1% ] [90m[1mimport[22m | Running Custom Script...[39m[0m
[  99% ] [90m[1mimport[22m | Saving...[39m[0m
[92m[ DONE ][39m [1mimport[22m
[0m
[  62% ] [90m[1mreimport[22m | medical_cabinet.glb[39m[0m
[   0% ] [90m[1mimport[22m | Started Import Scene (104 steps)[39m[0m
[   0% ] [90m[1mimport[22m | Importing Scene...[39m[0m
[   1% ] [90m[1mimport[22m | Running Custom Script...[39m[0m
[  99% ] [90m[1mimport[22m | Saving...[39m[0m
[92m[ DONE ][39m [1mimport[22m
[0m
[  63% ] [90m[1mreimport[22m | medical_stasis_pod_derelict_v1.glb[39m[0m
[   0% ] [90m[1mimport[22m | Started Import Scene (104 steps)[39m[0m
[   0% ] [90m[1mimport[22m | Importing Scene...[39m[0m
[   1% ] [90m[1mimport[22m | Running Custom Script...[39m[0m
[  99% ] [90m[1mimport[22m | Saving...[39m[0m
[92m[ DONE ][39m [1mimport[22m
[0m
[  63% ] [90m[1mreimport[22m | power_cell_cradle_derelict_v1.glb[39m[0m
[   0% ] [90m[1mimport[22m | Started Import Scene (104 steps)[39m[0m
[   0% ] [90m[1mimport[22m | Importing Scene...[39m[0m
[   1% ] [90m[1mimport[22m | Running Custom Script...[39m[0m
[  99% ] [90m[1mimport[22m | Saving...[39m[0m
[92m[ DONE ][39m [1mimport[22m
[0m
[  63% ] [90m[1mreimport[22m | practical_overhead.glb[39m[0m
[   0% ] [90m[1mimport[22m | Started Import Scene (104 steps)[39m[0m
[   0% ] [90m[1mimport[22m | Importing Scene...[39m[0m
[   1% ] [90m[1mimport[22m | Running Custom Script...[39m[0m
[  99% ] [90m[1mimport[22m | Saving...[39m[0m
[92m[ DONE ][39m [1mimport[22m
[0m
[  63% ] [90m[1mreimport[22m | salvage_cart.glb[39m[0m
[   0% ] [90m[1mimport[22m | Started Import Scene (104 steps)[39m[0m
[   0% ] [90m[1mimport[22m | Importing Scene...[39m[0m
[   1% ] [90m[1mimport[22m | Running Custom Script...[39m[0m
[  99% ] [90m[1mimport[22m | Saving...[39m[0m
[92m[ DONE ][39m [1mimport[22m
[0m
[  63% ] [90m[1mreimport[22m | salvage_sorter_derelict_v1.glb[39m[0m
[   0% ] [90m[1mimport[22m | Started Import Scene (104 steps)[39m[0m
[   0% ] [90m[1mimport[22m | Importing Scene...[39m[0m
[   1% ] [90m[1mimport[22m | Running Custom Script...[39m[0m
[  99% ] [90m[1mimport[22m | Saving...[39m[0m
[92m[ DONE ][39m [1mimport[22m
[0m
[  63% ] [90m[1mreimport[22m | service_rack.glb[39m[0m
[   0% ] [90m[1mimport[22m | Started Import Scene (104 steps)[39m[0m
[   0% ] [90m[1mimport[22m | Importing Scene...[39m[0m
[   1% ] [90m[1mimport[22m | Running Custom Script...[39m[0m
[  99% ] [90m[1mimport[22m | Saving...[39m[0m
[92m[ DONE ][39m [1mimport[22m
[0m
[  63% ] [90m[1mreimport[22m | capsule_001.glb[39m[0m
[   0% ] [90m[1mimport[22m | Started Import Scene (104 steps)[39m[0m
[   0% ] [90m[1mimport[22m | Importing Scene...[39m[0m
[   1% ] [90m[1mimport[22m | Running Custom Script...[39m[0m
[  99% ] [90m[1mimport[22m | Saving...[39m[0m
[92m[ DONE ][39m [1mimport[22m
[0m
[  63% ] [90m[1mreimport[22m | capsule_002.glb[39m[0m
[   0% ] [90m[1mimport[22m | Started Import Scene (104 steps)[39m[0m
[   0% ] [90m[1mimport[22m | Importing Scene...[39m[0m
[   1% ] [90m[1mimport[22m | Running Custom Script...[39m[0m
[  99% ] [90m[1mimport[22m | Saving...[39m[0m
[92m[ DONE ][39m [1mimport[22m
[0m
[  63% ] [90m[1mreimport[22m | capsule_003.glb[39m[0m
[   0% ] [90m[1mimport[22m | Started Import Scene (104 steps)[39m[0m
[   0% ] [90m[1mimport[22m | Importing Scene...[39m[0m

BASELINE_TIMEOUT
