=== route control model smoke ===
Initialize godot-rust (API v4.6.stable.official, runtime v4.7.2.stable.mono.official, safeguards balanced)
Godot Engine v4.7.2.stable.mono.official.ed1daf0bf - https://godotengine.org

ROUTE CONTROL STATE PASS gates=2 opened=2 blockers=0 extraction=true
=== main route control smoke ===
Initialize godot-rust (API v4.6.stable.official, runtime v4.7.2.stable.mono.official, safeguards balanced)
Godot Engine v4.7.2.stable.mono.official.ed1daf0bf - https://godotengine.org

The Synaptic Sea coherent proof ship bootstrap loaded.
PLAYABLE SHIP READY player_spawned=true camera_spawned=true objectives=5 collision_shapes=112
ACHIEVEMENT UNLOCKED trigger=objective_completed target=objectives[0] id=objective_complete
SHIP SYSTEM UPDATED sequence=1 type=recover_supplies power=20 reactor=20 extraction=false route_opened=0 blockers=1
PLAYABLE INTERACTION interaction=objective:01:cargo_01:cargo_supply_cache objective=cargo_01:cargo_supply_cache sequence=1 type=recover_supplies room=cargo_01
ACHIEVEMENT UNLOCKED trigger=loot_searched target=start_supply_a id=first_loot
LOOT CONTAINER SEARCHED marker= container=start_supply_a granted=1
OBJECTIVE STEP COMPLETED sequence=2 step=primary_coupling progress=1/2
OBJECTIVE STEP COMPLETED sequence=2 step=secondary_coupling progress=2/2
ACHIEVEMENT UNLOCKED trigger=objective_completed target=restore_systems id=all_systems_restored
SHIP SYSTEM UPDATED sequence=2 type=restore_systems power=20 reactor=20 extraction=false route_opened=1 blockers=0
PLAYABLE INTERACTION interaction=objective:02:maintenance_01:junction_alpha:secondary_coupling objective=maintenance_01:junction_alpha sequence=2 type=restore_systems room=maintenance_01
LOOT CONTAINER SEARCHED marker= container=start_supply_b granted=2
SHIP SYSTEM UPDATED sequence=3 type=download_logs power=20 reactor=20 extraction=false route_opened=1 blockers=0
PLAYABLE INTERACTION interaction=objective:03:medbay_01:medbay_terminal objective=medbay_01:medbay_terminal sequence=3 type=download_logs room=medbay_01
ACHIEVEMENT UNLOCKED trigger=reactor_stabilized target=reactor id=reactor_stabilized
SHIP SYSTEM UPDATED sequence=4 type=stabilize_reactor power=100 reactor=100 extraction=true route_opened=1 blockers=0
PLAYABLE INTERACTION interaction=objective:04:reactor_01:reactor_control_panel objective=reactor_01:reactor_control_panel sequence=4 type=stabilize_reactor room=reactor_01
ACHIEVEMENT UNLOCKED trigger=run_complete target=complete id=extracted
PLAYABLE SLICE COMPLETE objectives_completed=4
META PAYOUT reason=completion payout=40 meta_currency=40 runs_completed=1
MAIN PLAYABLE ROUTE CONTROL PASS gates=1 opened=1 blockers=0 extraction=true
=== oxygen model smoke ===
Initialize godot-rust (API v4.6.stable.official, runtime v4.7.2.stable.mono.official, safeguards balanced)
Godot Engine v4.7.2.stable.mono.official.ed1daf0bf - https://godotengine.org

OXYGEN STATE PASS oxygen=100.0 breach_open=false breach_sealed=true passability_blocked=false recovery_threshold=30.0
=== inventory model smoke ===
Initialize godot-rust (API v4.6.stable.official, runtime v4.7.2.stable.mono.official, safeguards balanced)
Godot Engine v4.7.2.stable.mono.official.ed1daf0bf - https://godotengine.org

INVENTORY STATE PASS tools=1 pump=true drain_multiplier=0.5
=== main inventory smoke ===
Initialize godot-rust (API v4.6.stable.official, runtime v4.7.2.stable.mono.official, safeguards balanced)
Godot Engine v4.7.2.stable.mono.official.ed1daf0bf - https://godotengine.org

The Synaptic Sea coherent proof ship bootstrap loaded.
PLAYABLE SHIP READY player_spawned=true camera_spawned=true objectives=5 collision_shapes=112
PLAYABLE TOOL ACQUIRED tool_id=portable_oxygen_pump
ACHIEVEMENT UNLOCKED trigger=tool_acquired target=portable_oxygen_pump id=first_breath
MAIN PLAYABLE INVENTORY PASS tool=portable_oxygen_pump acquired=true drain_multiplier=0.5
=== main hazard smoke ===
Initialize godot-rust (API v4.6.stable.official, runtime v4.7.2.stable.mono.official, safeguards balanced)
Godot Engine v4.7.2.stable.mono.official.ed1daf0bf - https://godotengine.org

The Synaptic Sea coherent proof ship bootstrap loaded.
PLAYABLE SHIP READY player_spawned=true camera_spawned=true objectives=5 collision_shapes=112
ACHIEVEMENT UNLOCKED trigger=objective_completed target=objectives[0] id=objective_complete
SHIP SYSTEM UPDATED sequence=1 type=recover_supplies power=19 reactor=19 extraction=false route_opened=0 blockers=1
PLAYABLE INTERACTION interaction=objective:01:cargo_01:cargo_supply_cache objective=cargo_01:cargo_supply_cache sequence=1 type=recover_supplies room=cargo_01
ACHIEVEMENT UNLOCKED trigger=loot_searched target=start_supply_a id=first_loot
LOOT CONTAINER SEARCHED marker= container=start_supply_a granted=1
OBJECTIVE STEP COMPLETED sequence=2 step=primary_coupling progress=1/2
OBJECTIVE STEP COMPLETED sequence=2 step=secondary_coupling progress=2/2
ACHIEVEMENT UNLOCKED trigger=objective_completed target=restore_systems id=all_systems_restored
SHIP SYSTEM UPDATED sequence=2 type=restore_systems power=18 reactor=18 extraction=false route_opened=1 blockers=0
PLAYABLE INTERACTION interaction=objective:02:maintenance_01:junction_alpha:secondary_coupling objective=maintenance_01:junction_alpha sequence=2 type=restore_systems room=maintenance_01
LOOT CONTAINER SEARCHED marker= container=start_supply_b granted=2
SHIP SYSTEM UPDATED sequence=3 type=download_logs power=18 reactor=18 extraction=false route_opened=1 blockers=0
PLAYABLE INTERACTION interaction=objective:03:medbay_01:medbay_terminal objective=medbay_01:medbay_terminal sequence=3 type=download_logs room=medbay_01
ACHIEVEMENT UNLOCKED trigger=reactor_stabilized target=reactor id=reactor_stabilized
SHIP SYSTEM UPDATED sequence=4 type=stabilize_reactor power=100 reactor=100 extraction=true route_opened=1 blockers=0
PLAYABLE INTERACTION interaction=objective:04:reactor_01:reactor_control_panel objective=reactor_01:reactor_control_panel sequence=4 type=stabilize_reactor room=reactor_01
ACHIEVEMENT UNLOCKED trigger=run_complete target=complete id=extracted
PLAYABLE SLICE COMPLETE objectives_completed=4
META PAYOUT reason=completion payout=40 meta_currency=80 runs_completed=2
MAIN PLAYABLE HAZARD PASS oxygen=0.02430555555556 breach_open=false breach_sealed=true passability_blocked=false drain_consumed=6.21804806501059 regen_recovered=4.75700543939389
=== fire suppression model smoke ===
Initialize godot-rust (API v4.6.stable.official, runtime v4.7.2.stable.mono.official, safeguards balanced)
Godot Engine v4.7.2.stable.mono.official.ed1daf0bf - https://godotengine.org

FIRE SUPPRESSION STATE PASS ignite=true persist=true extinguish=true auto_suppress=true vent=true spread=true reignite=true cascade=true round_trip=true
=== extinguisher state smoke ===
Initialize godot-rust (API v4.6.stable.official, runtime v4.7.2.stable.mono.official, safeguards balanced)
Godot Engine v4.7.2.stable.mono.official.ed1daf0bf - https://godotengine.org

EXTINGUISHER STATE PASS consume=true recharge=true round_trip=true
=== ship systems damage smoke ===
Initialize godot-rust (API v4.6.stable.official, runtime v4.7.2.stable.mono.official, safeguards balanced)
Godot Engine v4.7.2.stable.mono.official.ed1daf0bf - https://godotengine.org

SHIP SYSTEMS DAMAGE PASS damaged=true unknown_rejected=true
=== fire suppression point smoke ===
Initialize godot-rust (API v4.6.stable.official, runtime v4.7.2.stable.mono.official, safeguards balanced)
Godot Engine v4.7.2.stable.mono.official.ed1daf0bf - https://godotengine.org

FIRE SUPPRESSION POINT PASS extinguished=true charge_spent=true gated=true
=== extinguisher recharge port smoke ===
Initialize godot-rust (API v4.6.stable.official, runtime v4.7.2.stable.mono.official, safeguards balanced)
Godot Engine v4.7.2.stable.mono.official.ed1daf0bf - https://godotengine.org

EXTINGUISHER RECHARGE PORT PASS powered_refills=true unpowered_noop=true
=== main fire smoke ===
Initialize godot-rust (API v4.6.stable.official, runtime v4.7.2.stable.mono.official, safeguards balanced)
Godot Engine v4.7.2.stable.mono.official.ed1daf0bf - https://godotengine.org

The Synaptic Sea coherent proof ship bootstrap loaded.
PLAYABLE SHIP READY player_spawned=true camera_spawned=true objectives=5 collision_shapes=112
MAIN PLAYABLE FIRE PASS passable=true present=true vent=true vitals_drain=true system_damage=true
=== main fire loop smoke ===
Initialize godot-rust (API v4.6.stable.official, runtime v4.7.2.stable.mono.official, safeguards balanced)
Godot Engine v4.7.2.stable.mono.official.ed1daf0bf - https://godotengine.org

The Synaptic Sea coherent proof ship bootstrap loaded.
PLAYABLE SHIP READY player_spawned=true camera_spawned=true objectives=5 collision_shapes=112
MAIN PLAYABLE FIRE LOOP PASS ignite=true teeth=true extinguish=true reignite=true repair_stops=true recharge=true reachable=true
=== golden fire zone source marker smoke ===
Initialize godot-rust (API v4.6.stable.official, runtime v4.7.2.stable.mono.official, safeguards balanced)
Godot Engine v4.7.2.stable.mono.official.ed1daf0bf - https://godotengine.org

GOLDEN FIRE ZONE SOURCE MARKER PASS marker_room=cargo_01 kind=timed_fire breach_room=medbay_01<->reactor_01 target_on_critical_path=false
=== ship systems smoke ===
Initialize godot-rust (API v4.6.stable.official, runtime v4.7.2.stable.mono.official, safeguards balanced)
Godot Engine v4.7.2.stable.mono.official.ed1daf0bf - https://godotengine.org

The Synaptic Sea coherent proof ship bootstrap loaded.
PLAYABLE SHIP READY player_spawned=true camera_spawned=true objectives=5 collision_shapes=112
ACHIEVEMENT UNLOCKED trigger=objective_completed target=objectives[0] id=objective_complete
SHIP SYSTEM UPDATED sequence=1 type=recover_supplies power=0 reactor=0 extraction=false route_opened=0 blockers=1
PLAYABLE INTERACTION interaction=objective:01:cargo_01:cargo_supply_cache objective=cargo_01:cargo_supply_cache sequence=1 type=recover_supplies room=cargo_01
ACHIEVEMENT UNLOCKED trigger=loot_searched target=start_supply_a id=first_loot
LOOT CONTAINER SEARCHED marker= container=start_supply_a granted=1
OBJECTIVE STEP COMPLETED sequence=2 step=primary_coupling progress=1/2
OBJECTIVE STEP COMPLETED sequence=2 step=secondary_coupling progress=2/2
ACHIEVEMENT UNLOCKED trigger=objective_completed target=restore_systems id=all_systems_restored
SHIP SYSTEM UPDATED sequence=2 type=restore_systems power=0 reactor=0 extraction=false route_opened=1 blockers=0
PLAYABLE INTERACTION interaction=objective:02:maintenance_01:junction_alpha:secondary_coupling objective=maintenance_01:junction_alpha sequence=2 type=restore_systems room=maintenance_01
LOOT CONTAINER SEARCHED marker= container=start_supply_b granted=2
SHIP SYSTEM UPDATED sequence=3 type=download_logs power=0 reactor=0 extraction=false route_opened=1 blockers=0
PLAYABLE INTERACTION interaction=objective:03:medbay_01:medbay_terminal objective=medbay_01:medbay_terminal sequence=3 type=download_logs room=medbay_01
ACHIEVEMENT UNLOCKED trigger=reactor_stabilized target=reactor id=reactor_stabilized
SHIP SYSTEM UPDATED sequence=4 type=stabilize_reactor power=100 reactor=100 extraction=true route_opened=1 blockers=0
PLAYABLE INTERACTION interaction=objective:04:reactor_01:reactor_control_panel objective=reactor_01:reactor_control_panel sequence=4 type=stabilize_reactor room=reactor_01
ACHIEVEMENT UNLOCKED trigger=run_complete target=complete id=extracted
PLAYABLE SLICE COMPLETE objectives_completed=4
META PAYOUT reason=completion payout=40 meta_currency=120 runs_completed=3
MAIN PLAYABLE SHIP SYSTEMS PASS power=true breach_sealed=true gates_open=true logs=true reactor=true extraction=true power_pct=100
=== M7-A ship systems expanded smoke ===
Initialize godot-rust (API v4.6.stable.official, runtime v4.7.2.stable.mono.official, safeguards balanced)
Godot Engine v4.7.2.stable.mono.official.ed1daf0bf - https://godotengine.org

The Synaptic Sea coherent proof ship bootstrap loaded.
PLAYABLE SHIP READY player_spawned=true camera_spawned=true objectives=5 collision_shapes=112
PLAYABLE SHIP READY player_spawned=true camera_spawned=true objectives=5 collision_shapes=112
PLAYABLE SHIP LOADED sequence=1 position=(2.00,0.67,2.00)
MAIN PLAYABLE SHIP SYSTEMS EXPANDED PASS propulsion=true hull=true fire=true sustenance=true persistence=true
=== Domain 4 web infestation model smoke ===
Initialize godot-rust (API v4.6.stable.official, runtime v4.7.2.stable.mono.official, safeguards balanced)
Godot Engine v4.7.2.stable.mono.official.ed1daf0bf - https://godotengine.org

WEB INFESTATION PASS grows=true recedes=true damage_live=true save_roundtrip=true reject=true
=== Domain 4 ship systems closure smoke ===
Initialize godot-rust (API v4.6.stable.official, runtime v4.7.2.stable.mono.official, safeguards balanced)
Godot Engine v4.7.2.stable.mono.official.ed1daf0bf - https://godotengine.org

The Synaptic Sea coherent proof ship bootstrap loaded.
PLAYABLE SHIP READY player_spawned=true camera_spawned=true objectives=5 collision_shapes=112
WARNING: AudioManager: stream file missing, path='res://data/audio/voice/log_beacon_01.ogg'
   at: push_warning (core/variant/variant_utility.cpp:1033)
   GDScript backtrace (most recent call first):
       [0] _load_stream_cached (res://scripts/audio/audio_manager.gd:437)
       [1] _play_via_bus (res://scripts/audio/audio_manager.gd:476)
       [2] play_voice_log (res://scripts/audio/audio_manager.gd:397)
       [3] tick (res://scripts/audio/audio_manager.gd:287)
       [4] _tick_audio_runtime (res://scripts/procgen/playable_generated_ship.gd:8753)
       [5] _process (res://scripts/procgen/playable_generated_ship.gd:8619)
       [6] _validate (res://scripts/validation/ship_systems_closure_smoke.gd:57)
       [7] _on_frame (res://scripts/validation/ship_systems_closure_smoke.gd:37)
WARNING: AudioManager: stream file missing, path='res://data/audio/voice/log_pulse_01.ogg'
   at: push_warning (core/variant/variant_utility.cpp:1033)
   GDScript backtrace (most recent call first):
       [0] _load_stream_cached (res://scripts/audio/audio_manager.gd:437)
       [1] _play_via_bus (res://scripts/audio/audio_manager.gd:476)
       [2] play_voice_log (res://scripts/audio/audio_manager.gd:397)
       [3] tick (res://scripts/audio/audio_manager.gd:287)
       [4] _tick_audio_runtime (res://scripts/procgen/playable_generated_ship.gd:8753)
       [5] _process (res://scripts/procgen/playable_generated_ship.gd:8619)
       [6] _validate (res://scripts/validation/ship_systems_closure_smoke.gd:57)
       [7] _on_frame (res://scripts/validation/ship_systems_closure_smoke.gd:37)
SHIP SYSTEMS CLOSURE PASS away_ticks=60 web_grew=true hull_damaged=true breach_to_vitals=true
=== completion smoke ===
Initialize godot-rust (API v4.6.stable.official, runtime v4.7.2.stable.mono.official, safeguards balanced)
Godot Engine v4.7.2.stable.mono.official.ed1daf0bf - https://godotengine.org

The Synaptic Sea coherent proof ship bootstrap loaded.
PLAYABLE SHIP READY player_spawned=true camera_spawned=true objectives=5 collision_shapes=112
ACHIEVEMENT UNLOCKED trigger=objective_completed target=objectives[0] id=objective_complete
SHIP SYSTEM UPDATED sequence=1 type=recover_supplies power=20 reactor=20 extraction=false route_opened=0 blockers=1
PLAYABLE INTERACTION interaction=objective:01:cargo_01:cargo_supply_cache objective=cargo_01:cargo_supply_cache sequence=1 type=recover_supplies room=cargo_01
ACHIEVEMENT UNLOCKED trigger=loot_searched target=start_supply_a id=first_loot
LOOT CONTAINER SEARCHED marker= container=start_supply_a granted=1
OBJECTIVE STEP COMPLETED sequence=2 step=primary_coupling progress=1/2
OBJECTIVE STEP COMPLETED sequence=2 step=secondary_coupling progress=2/2
ACHIEVEMENT UNLOCKED trigger=objective_completed target=restore_systems id=all_systems_restored
SHIP SYSTEM UPDATED sequence=2 type=restore_systems power=20 reactor=20 extraction=false route_opened=1 blockers=0
PLAYABLE INTERACTION interaction=objective:02:maintenance_01:junction_alpha:secondary_coupling objective=maintenance_01:junction_alpha sequence=2 type=restore_systems room=maintenance_01
LOOT CONTAINER SEARCHED marker= container=start_supply_b granted=2
SHIP SYSTEM UPDATED sequence=3 type=download_logs power=20 reactor=20 extraction=false route_opened=1 blockers=0
PLAYABLE INTERACTION interaction=objective:03:medbay_01:medbay_terminal objective=medbay_01:medbay_terminal sequence=3 type=download_logs room=medbay_01
ACHIEVEMENT UNLOCKED trigger=reactor_stabilized target=reactor id=reactor_stabilized
SHIP SYSTEM UPDATED sequence=4 type=stabilize_reactor power=100 reactor=100 extraction=true route_opened=1 blockers=0
PLAYABLE INTERACTION interaction=objective:04:reactor_01:reactor_control_panel objective=reactor_01:reactor_control_panel sequence=4 type=stabilize_reactor room=reactor_01
ACHIEVEMENT UNLOCKED trigger=run_complete target=complete id=extracted
PLAYABLE SLICE COMPLETE objectives_completed=4
META PAYOUT reason=completion payout=40 meta_currency=160 runs_completed=4
MAIN PLAYABLE SLICE COMPLETE PASS completed=4 current_sequence=5 run_complete=true
=== template b completion smoke ===
Initialize godot-rust (API v4.6.stable.official, runtime v4.7.2.stable.mono.official, safeguards balanced)
Godot Engine v4.7.2.stable.mono.official.ed1daf0bf - https://godotengine.org

The Synaptic Sea coherent proof ship bootstrap loaded.
PLAYABLE SHIP READY player_spawned=true camera_spawned=true objectives=6 collision_shapes=164
ACHIEVEMENT UNLOCKED trigger=objective_completed target=objectives[0] id=objective_complete
SHIP SYSTEM UPDATED sequence=1 type=recover_supplies power=20 reactor=20 extraction=false route_opened=0 blockers=2
PLAYABLE INTERACTION interaction=objective:01:cargo_bay_01:cargo_supply_cache objective=cargo_bay_01:cargo_supply_cache sequence=1 type=recover_supplies room=cargo_bay_01
OBJECTIVE STEP COMPLETED sequence=2 step=primary_coupling progress=1/2
OBJECTIVE STEP COMPLETED sequence=2 step=secondary_coupling progress=2/2
ACHIEVEMENT UNLOCKED trigger=objective_completed target=restore_systems id=all_systems_restored
SHIP SYSTEM UPDATED sequence=2 type=restore_systems power=20 reactor=20 extraction=false route_opened=2 blockers=0
PLAYABLE INTERACTION interaction=objective:02:maintenance_bay_01:junction_alpha:secondary_coupling objective=maintenance_bay_01:junction_alpha sequence=2 type=restore_systems room=maintenance_bay_01
SHIP SYSTEM UPDATED sequence=3 type=download_logs power=20 reactor=20 extraction=false route_opened=2 blockers=0
PLAYABLE INTERACTION interaction=objective:03:medbay_01:medbay_terminal objective=medbay_01:medbay_terminal sequence=3 type=download_logs room=medbay_01
SHIP SYSTEM UPDATED sequence=4 type=restore_systems power=20 reactor=20 extraction=false route_opened=2 blockers=0
PLAYABLE INTERACTION interaction=objective:04:bridge_01:power_distribution objective=bridge_01:power_distribution sequence=4 type=restore_systems room=bridge_01
ACHIEVEMENT UNLOCKED trigger=reactor_stabilized target=reactor id=reactor_stabilized
SHIP SYSTEM UPDATED sequence=5 type=stabilize_reactor power=100 reactor=100 extraction=true route_opened=2 blockers=0
PLAYABLE INTERACTION interaction=objective:05:reactor_01:reactor_control_panel objective=reactor_01:reactor_control_panel sequence=5 type=stabilize_reactor room=reactor_01
ACHIEVEMENT UNLOCKED trigger=run_complete target=complete id=extracted
PLAYABLE SLICE COMPLETE objectives_completed=5
META PAYOUT reason=completion payout=50 meta_currency=210 runs_completed=5
MAIN PLAYABLE TEMPLATE B COMPLETE PASS completed=5 current_sequence=6 run_complete=true
=== input smoke ===
Initialize godot-rust (API v4.6.stable.official, runtime v4.7.2.stable.mono.official, safeguards balanced)
Godot Engine v4.7.2.stable.mono.official.ed1daf0bf - https://godotengine.org

The Synaptic Sea coherent proof ship bootstrap loaded.
PLAYABLE SHIP READY player_spawned=true camera_spawned=true objectives=5 collision_shapes=112
ACHIEVEMENT UNLOCKED trigger=objective_completed target=objectives[0] id=objective_complete
SHIP SYSTEM UPDATED sequence=1 type=recover_supplies power=18 reactor=18 extraction=false route_opened=0 blockers=1
PLAYABLE INTERACTION interaction=objective:01:cargo_01:cargo_supply_cache objective=cargo_01:cargo_supply_cache sequence=1 type=recover_supplies room=cargo_01
MAIN PLAYABLE INPUT LOOP PASS moved=true camera_followed=true interaction_input_path=true current_sequence=2
=== readability smoke ===
Initialize godot-rust (API v4.6.stable.official, runtime v4.7.2.stable.mono.official, safeguards balanced)
Godot Engine v4.7.2.stable.mono.official.ed1daf0bf - https://godotengine.org

The Synaptic Sea coherent proof ship bootstrap loaded.
PLAYABLE SHIP READY player_spawned=true camera_spawned=true objectives=5 collision_shapes=112
MAIN PLAYABLE SLICE READABILITY PASS objective_props=5 blocked=1 ramp=1 entry=1 destination=1 route_cues=4 labels=0
=== main objective variation smoke ===
Initialize godot-rust (API v4.6.stable.official, runtime v4.7.2.stable.mono.official, safeguards balanced)
Godot Engine v4.7.2.stable.mono.official.ed1daf0bf - https://godotengine.org

The Synaptic Sea coherent proof ship bootstrap loaded.
PLAYABLE SHIP READY player_spawned=true camera_spawned=true objectives=5 collision_shapes=112
ACHIEVEMENT UNLOCKED trigger=objective_completed target=objectives[0] id=objective_complete
SHIP SYSTEM UPDATED sequence=1 type=recover_supplies power=20 reactor=20 extraction=false route_opened=0 blockers=1
PLAYABLE INTERACTION interaction=objective:01:cargo_01:cargo_supply_cache objective=cargo_01:cargo_supply_cache sequence=1 type=recover_supplies room=cargo_01
ACHIEVEMENT UNLOCKED trigger=loot_searched target=start_supply_a id=first_loot
LOOT CONTAINER SEARCHED marker= container=start_supply_a granted=1
OBJECTIVE STEP COMPLETED sequence=2 step=primary_coupling progress=1/2
OBJECTIVE STEP COMPLETED sequence=2 step=secondary_coupling progress=2/2
ACHIEVEMENT UNLOCKED trigger=objective_completed target=restore_systems id=all_systems_restored
SHIP SYSTEM UPDATED sequence=2 type=restore_systems power=20 reactor=20 extraction=false route_opened=1 blockers=0
PLAYABLE INTERACTION interaction=objective:02:maintenance_01:junction_alpha:secondary_coupling objective=maintenance_01:junction_alpha sequence=2 type=restore_systems room=maintenance_01
LOOT CONTAINER SEARCHED marker= container=start_supply_b granted=2
SHIP SYSTEM UPDATED sequence=3 type=download_logs power=20 reactor=20 extraction=false route_opened=1 blockers=0
PLAYABLE INTERACTION interaction=objective:03:medbay_01:medbay_terminal objective=medbay_01:medbay_terminal sequence=3 type=download_logs room=medbay_01
ACHIEVEMENT UNLOCKED trigger=reactor_stabilized target=reactor id=reactor_stabilized
SHIP SYSTEM UPDATED sequence=4 type=stabilize_reactor power=100 reactor=100 extraction=true route_opened=1 blockers=0
PLAYABLE INTERACTION interaction=objective:04:reactor_01:reactor_control_panel objective=reactor_01:reactor_control_panel sequence=4 type=stabilize_reactor room=reactor_01
ACHIEVEMENT UNLOCKED trigger=run_complete target=complete id=extracted
PLAYABLE SLICE COMPLETE objectives_completed=4
META PAYOUT reason=completion payout=40 meta_currency=250 runs_completed=6
MAIN PLAYABLE OBJECTIVE VARIATION PASS sequence=2 steps=2 complete=true power_restored=true gates_opened=true
=== objective progress state smoke ===
Initialize godot-rust (API v4.6.stable.official, runtime v4.7.2.stable.mono.official, safeguards balanced)
Godot Engine v4.7.2.stable.mono.official.ed1daf0bf - https://godotengine.org

OBJECTIVE PROGRESS STATE PASS sequence=2 required=2 completed=2 applied_once=true
=== objective progress hud label smoke ===
Initialize godot-rust (API v4.6.stable.official, runtime v4.7.2.stable.mono.official, safeguards balanced)
Godot Engine v4.7.2.stable.mono.official.ed1daf0bf - https://godotengine.org

The Synaptic Sea coherent proof ship bootstrap loaded.
PLAYABLE SHIP READY player_spawned=true camera_spawned=true objectives=5 collision_shapes=112
ACHIEVEMENT UNLOCKED trigger=objective_completed target=objectives[0] id=objective_complete
SHIP SYSTEM UPDATED sequence=1 type=recover_supplies power=20 reactor=20 extraction=false route_opened=0 blockers=1
PLAYABLE INTERACTION interaction=objective:01:cargo_01:cargo_supply_cache objective=cargo_01:cargo_supply_cache sequence=1 type=recover_supplies room=cargo_01
ACHIEVEMENT UNLOCKED trigger=loot_searched target=start_supply_a id=first_loot
LOOT CONTAINER SEARCHED marker= container=start_supply_a granted=1
OBJECTIVE STEP COMPLETED sequence=2 step=primary_coupling progress=1/2
OBJECTIVE STEP COMPLETED sequence=2 step=secondary_coupling progress=2/2
ACHIEVEMENT UNLOCKED trigger=objective_completed target=restore_systems id=all_systems_restored
SHIP SYSTEM UPDATED sequence=2 type=restore_systems power=20 reactor=20 extraction=false route_opened=1 blockers=0
PLAYABLE INTERACTION interaction=objective:02:maintenance_01:junction_alpha:secondary_coupling objective=maintenance_01:junction_alpha sequence=2 type=restore_systems room=maintenance_01
OBJECTIVE PROGRESS HUD LABEL PASS repair_junction=Repair_junction restore_systems_suppressed=true sequence_3=Download_Logs
=== save/load service smoke ===
Initialize godot-rust (API v4.6.stable.official, runtime v4.7.2.stable.mono.official, safeguards balanced)
Godot Engine v4.7.2.stable.mono.official.ed1daf0bf - https://godotengine.org

WARNING: SaveLoadService: slot rejected by migration (newer than current), slot_id=autosave_active
   at: push_warning (core/variant/variant_utility.cpp:1033)
   GDScript backtrace (most recent call first):
       [0] load_from_slot (res://scripts/systems/save_load_service.gd:333)
       [1] load_current_run (res://scripts/systems/save_load_service.gd:97)
       [2] _initialize (res://scripts/validation/save_load_service_smoke.gd:357)
WARNING: SaveLoadService: world save rejected by migration (newer than current version)
   at: push_warning (core/variant/variant_utility.cpp:1033)
   GDScript backtrace (most recent call first):
       [0] load_world (res://scripts/systems/save_load_service.gd:175)
       [1] _initialize (res://scripts/validation/save_load_service_smoke.gd:413)
SAVE LOAD SERVICE PASS round_trip=true version_match=true summaries=32 survival_roundtrip=true
=== main save/load smoke ===
Initialize godot-rust (API v4.6.stable.official, runtime v4.7.2.stable.mono.official, safeguards balanced)
Godot Engine v4.7.2.stable.mono.official.ed1daf0bf - https://godotengine.org

The Synaptic Sea coherent proof ship bootstrap loaded.
PLAYABLE SHIP READY player_spawned=true camera_spawned=true objectives=5 collision_shapes=112
ACHIEVEMENT UNLOCKED trigger=objective_completed target=objectives[0] id=objective_complete
SHIP SYSTEM UPDATED sequence=1 type=recover_supplies power=20 reactor=20 extraction=false route_opened=0 blockers=1
PLAYABLE INTERACTION interaction=objective:01:cargo_01:cargo_supply_cache objective=cargo_01:cargo_supply_cache sequence=1 type=recover_supplies room=cargo_01
PLAYABLE SHIP SAVED location= sequence=2
PLAYABLE SHIP READY player_spawned=true camera_spawned=true objectives=5 collision_shapes=112
PLAYABLE SHIP LOADED sequence=2 position=(24.00,4.12,-4.00)
ACHIEVEMENT UNLOCKED trigger=loot_searched target=start_supply_a id=first_loot
LOOT CONTAINER SEARCHED marker= container=start_supply_a granted=1
OBJECTIVE STEP COMPLETED sequence=2 step=primary_coupling progress=1/2
OBJECTIVE STEP COMPLETED sequence=2 step=secondary_coupling progress=2/2
ACHIEVEMENT UNLOCKED trigger=objective_completed target=restore_systems id=all_systems_restored
SHIP SYSTEM UPDATED sequence=2 type=restore_systems power=20 reactor=20 extraction=false route_opened=1 blockers=0
PLAYABLE INTERACTION interaction=objective:02:maintenance_01:junction_alpha:secondary_coupling objective=maintenance_01:junction_alpha sequence=2 type=restore_systems room=maintenance_01
LOOT CONTAINER SEARCHED marker= container=start_supply_b granted=2
SHIP SYSTEM UPDATED sequence=3 type=download_logs power=20 reactor=20 extraction=false route_opened=1 blockers=0
PLAYABLE INTERACTION interaction=objective:03:medbay_01:medbay_terminal objective=medbay_01:medbay_terminal sequence=3 type=download_logs room=medbay_01
ACHIEVEMENT UNLOCKED trigger=reactor_stabilized target=reactor id=reactor_stabilized
SHIP SYSTEM UPDATED sequence=4 type=stabilize_reactor power=100 reactor=100 extraction=true route_opened=1 blockers=0
PLAYABLE INTERACTION interaction=objective:04:reactor_01:reactor_control_panel objective=reactor_01:reactor_control_panel sequence=4 type=stabilize_reactor room=reactor_01
ACHIEVEMENT UNLOCKED trigger=run_complete target=complete id=extracted
PLAYABLE SLICE COMPLETE objectives_completed=4
META PAYOUT reason=completion payout=40 meta_currency=290 runs_completed=7
MAIN PLAYABLE SAVE LOAD PASS saved_sequence=2 loaded_sequence=2 position_match=true supplies=true
=== ceiling lifetime smoke ===
Initialize godot-rust (API v4.6.stable.official, runtime v4.7.2.stable.mono.official, safeguards balanced)
Godot Engine v4.7.2.stable.mono.official.ed1daf0bf - https://godotengine.org

FC P00 CEILING LIFETIME PASS freed_safe=true rebound=true
=== REQ-012 auto-save sequence smoke ===
Initialize godot-rust (API v4.6.stable.official, runtime v4.7.2.stable.mono.official, safeguards balanced)
Godot Engine v4.7.2.stable.mono.official.ed1daf0bf - https://godotengine.org

The Synaptic Sea coherent proof ship bootstrap loaded.
PLAYABLE SHIP READY player_spawned=true camera_spawned=true objectives=5 collision_shapes=112
ACHIEVEMENT UNLOCKED trigger=objective_completed target=objectives[0] id=objective_complete
SHIP SYSTEM UPDATED sequence=1 type=recover_supplies power=20 reactor=20 extraction=false route_opened=0 blockers=1
PLAYABLE INTERACTION interaction=objective:01:cargo_01:cargo_supply_cache objective=cargo_01:cargo_supply_cache sequence=1 type=recover_supplies room=cargo_01
REQ012 AUTOSAVE SEQUENCE CHECK PASS live=2 snapshot=2 file=2 has_save=true
=== template C stacked layout main scenario smoke ===
Initialize godot-rust (API v4.6.stable.official, runtime v4.7.2.stable.mono.official, safeguards balanced)
Godot Engine v4.7.2.stable.mono.official.ed1daf0bf - https://godotengine.org

PLAYABLE SHIP READY player_spawned=true camera_spawned=true objectives=6 collision_shapes=189
ACHIEVEMENT UNLOCKED trigger=objective_completed target=objectives[0] id=objective_complete
SHIP SYSTEM UPDATED sequence=1 type=recover_supplies power=20 reactor=20 extraction=false route_opened=0 blockers=1
PLAYABLE INTERACTION interaction=objective:01:storage_03:supply_cache objective=storage_03:supply_cache sequence=1 type=recover_supplies room=storage_03
OBJECTIVE STEP COMPLETED sequence=2 step=primary_coupling progress=1/2
OBJECTIVE STEP COMPLETED sequence=2 step=secondary_coupling progress=2/2
ACHIEVEMENT UNLOCKED trigger=objective_completed target=restore_systems id=all_systems_restored
SHIP SYSTEM UPDATED sequence=2 type=restore_systems power=20 reactor=20 extraction=false route_opened=1 blockers=0
PLAYABLE INTERACTION interaction=objective:02:maintenance_03:junction_beta:secondary_coupling objective=maintenance_03:junction_beta sequence=2 type=restore_systems room=maintenance_03
SHIP SYSTEM UPDATED sequence=3 type=download_logs power=20 reactor=20 extraction=false route_opened=1 blockers=0
PLAYABLE INTERACTION interaction=objective:03:medbay_03:medbay_terminal objective=medbay_03:medbay_terminal sequence=3 type=download_logs room=medbay_03
SHIP SYSTEM UPDATED sequence=4 type=restore_systems power=20 reactor=20 extraction=false route_opened=1 blockers=0
PLAYABLE INTERACTION interaction=objective:04:upper_hub_03:life_support_console objective=upper_hub_03:life_support_console sequence=4 type=restore_systems room=upper_hub_03
ACHIEVEMENT UNLOCKED trigger=reactor_stabilized target=reactor id=reactor_stabilized
SHIP SYSTEM UPDATED sequence=5 type=stabilize_reactor power=100 reactor=100 extraction=true route_opened=1 blockers=0
PLAYABLE INTERACTION interaction=objective:05:reactor_03:reactor_control_panel objective=reactor_03:reactor_control_panel sequence=5 type=stabilize_reactor room=reactor_03
ACHIEVEMENT UNLOCKED trigger=run_complete target=complete id=extracted
PLAYABLE SLICE COMPLETE objectives_completed=5
META PAYOUT reason=completion payout=50 meta_currency=340 runs_completed=8
TEMPLATE C MAIN SCENARIO PASS objectives=5 current_sequence=6 run_complete=true
=== junction calibrator model smoke ===
Initialize godot-rust (API v4.6.stable.official, runtime v4.7.2.stable.mono.official, safeguards balanced)
Godot Engine v4.7.2.stable.mono.official.ed1daf0bf - https://godotengine.org

JUNCTION CALIBRATOR STATE PASS required_steps=2 consumed=true
=== main junction calibrator smoke ===
Initialize godot-rust (API v4.6.stable.official, runtime v4.7.2.stable.mono.official, safeguards balanced)
Godot Engine v4.7.2.stable.mono.official.ed1daf0bf - https://godotengine.org

The Synaptic Sea coherent proof ship bootstrap loaded.
PLAYABLE SHIP READY player_spawned=true camera_spawned=true objectives=5 collision_shapes=112
PLAYABLE TOOL ACQUIRED tool_id=junction_calibrator
ACHIEVEMENT UNLOCKED trigger=tool_acquired target=junction_calibrator id=junction_calibrator_used
JUNCTION CALIBRATOR APPLIED sequence=99 required_steps=2 completed_steps=0
MAIN PLAYABLE JUNCTION CALIBRATOR PASS acquired=true required_steps=2 consumed=true
=== main junction calibrator save/load smoke ===
Initialize godot-rust (API v4.6.stable.official, runtime v4.7.2.stable.mono.official, safeguards balanced)
Godot Engine v4.7.2.stable.mono.official.ed1daf0bf - https://godotengine.org

The Synaptic Sea coherent proof ship bootstrap loaded.
PLAYABLE SHIP READY player_spawned=true camera_spawned=true objectives=5 collision_shapes=112
PLAYABLE TOOL ACQUIRED tool_id=junction_calibrator
ACHIEVEMENT UNLOCKED trigger=tool_acquired target=junction_calibrator id=junction_calibrator_used
ACHIEVEMENT UNLOCKED trigger=objective_completed target=objectives[0] id=objective_complete
SHIP SYSTEM UPDATED sequence=1 type=recover_supplies power=20 reactor=20 extraction=false route_opened=0 blockers=1
PLAYABLE INTERACTION interaction=objective:01:cargo_01:cargo_supply_cache objective=cargo_01:cargo_supply_cache sequence=1 type=recover_supplies room=cargo_01
PLAYABLE SHIP SAVED location= sequence=2
PLAYABLE SHIP READY player_spawned=true camera_spawned=true objectives=5 collision_shapes=112
PLAYABLE SHIP LOADED sequence=2 position=(24.00,4.12,-4.00)
ACHIEVEMENT UNLOCKED trigger=loot_searched target=start_supply_a id=first_loot
LOOT CONTAINER SEARCHED marker= container=start_supply_a granted=1
JUNCTION CALIBRATOR APPLIED sequence=2 required_steps=1 completed_steps=0
OBJECTIVE STEP COMPLETED sequence=2 step=primary_coupling progress=1/1
ACHIEVEMENT UNLOCKED trigger=objective_completed target=restore_systems id=all_systems_restored
SHIP SYSTEM UPDATED sequence=2 type=restore_systems power=19 reactor=19 extraction=false route_opened=1 blockers=0
PLAYABLE INTERACTION interaction=objective:02:maintenance_01:junction_alpha:primary_coupling objective=maintenance_01:junction_alpha sequence=2 type=restore_systems room=maintenance_01
PLAYABLE SHIP SAVED location= sequence=3
PLAYABLE SHIP READY player_spawned=true camera_spawned=true objectives=5 collision_shapes=112
PLAYABLE SHIP LOADED sequence=3 position=(20.00,4.12,8.00)
MAIN PLAYABLE JUNCTION CALIBRATOR SAVE LOAD PASS carried_load=true consumed_load=true next_frame_interaction=true
=== alternate input smoke ===
Initialize godot-rust (API v4.6.stable.official, runtime v4.7.2.stable.mono.official, safeguards balanced)
Godot Engine v4.7.2.stable.mono.official.ed1daf0bf - https://godotengine.org

The Synaptic Sea coherent proof ship bootstrap loaded.
PLAYABLE SHIP READY player_spawned=true camera_spawned=true objectives=5 collision_shapes=112
MAIN PLAYABLE ALTERNATE INPUT PASS moves_alt=1 interact_alt=1 bindings=move_forward=W,Up move_back=S,Down move_left=A,Left move_right=D,Right interact=E,Enter,Space,KP_Enter save_run=F5 load_run=F9 hud=Controls:_WASD_or_Arrows_move_/_E_or_Enter_or_Space_interact_/_F5_save_/_F9_load
=== alternate input events smoke ===
Initialize godot-rust (API v4.6.stable.official, runtime v4.7.2.stable.mono.official, safeguards balanced)
Godot Engine v4.7.2.stable.mono.official.ed1daf0bf - https://godotengine.org

The Synaptic Sea coherent proof ship bootstrap loaded.
PLAYABLE SHIP READY player_spawned=true camera_spawned=true objectives=5 collision_shapes=112
PLAYABLE SLICE ALTERNATE INPUT EVENTS PASS static_bindings=ok moves_alt=1 interact_alt=3 enter=1 space=1 kp_enter=1
=== A11Y-P1-001 text scale smoke ===
Initialize godot-rust (API v4.6.stable.official, runtime v4.7.2.stable.mono.official, safeguards balanced)
Godot Engine v4.7.2.stable.mono.official.ed1daf0bf - https://godotengine.org

The Synaptic Sea coherent proof ship bootstrap loaded.
PLAYABLE SHIP READY player_spawned=true camera_spawned=true objectives=5 collision_shapes=112
A11Y TEXT SCALE DEFAULT PASS font=18 panel=(520.0, 250.0) marker_pixel=0.0035
A11Y TEXT SCALE 1.5X PASS font=27 panel=(780.0, 375.0) marker_pixel=0.002333
A11Y TEXT SCALE 2.0X PASS font=36 panel=(1040.0, 500.0) marker_pixel=0.001750
MAIN PLAYABLE TEXT SCALE PASS scales=3 default=1.0x1.5x2.0 runtime_text=present
=== performance baseline smoke ===
Initialize godot-rust (API v4.6.stable.official, runtime v4.7.2.stable.mono.official, safeguards balanced)
Godot Engine v4.7.2.stable.mono.official.ed1daf0bf - https://godotengine.org

PLAYABLE SHIP READY player_spawned=true camera_spawned=true objectives=1 collision_shapes=225
PERFORMANCE PROFILE PASS name=golden_coherent_ship_001 procgen_ms=146.949 load_ms=0.000 frame_ms=13.794 peak_mem_mb=53.420 nodes=6428 meshes=5336 collisions=112
PERFORMANCE PROFILE PASS name=smoke_seed_000017 procgen_ms=201.637 load_ms=0.000 frame_ms=13.794 peak_mem_mb=63.461 nodes=9601 meshes=7665 collisions=225
PERFORMANCE PROFILE PASS name=main_scene procgen_ms=1664.976 load_ms=1664.976 frame_ms=13.799 peak_mem_mb=106.571 nodes=10500 meshes=8100 collisions=225
PERFORMANCE BASELINE PASS templates=3 os_rss_mb=-1.000 summary_json={"godot_version":"4.7.2-stable (official)","headless":true,"notes":["frame_time_ms is headless physics-frame delta, NOT rendered FPS","For windowed FPS measurement, see scripts/validation/windowed_fps_capture.gd","peak_memory_mb is Performance.MEMORY_STATIC (Godot-tracked); os_rss_mb is unavailable on Windows headless validation and reports -1.0"],"os_rss_mb":-1.0,"profiles":[{"collision_shape_count":112,"frame_time_ms":13.794,"gameplay_slice_path":"res://data/procgen/golden/coherent_ship_001/gameplay_slice.json","layout_path":"res://data/procgen/golden/coherent_ship_001/layout.json","load_seconds":0.0,"mesh_count":5336,"name":"golden_coherent_ship_001","node_count":6428,"objective_count":4,"peak_memory_mb":53.4203624725342,"procgen_ok":true,"procgen_seconds":0.146949},{"collision_shape_count":225,"frame_time_ms":13.794,"gameplay_slice_path":"res://data/procgen/smoke/seed_000017/gameplay_slice.json","layout_path":"res://data/procgen/smoke/seed_000017/layout.json","load_seconds":0.0,"mesh_count":7665,"name":"smoke_seed_000017","node_count":9601,"objective_count":1,"peak_memory_mb":63.4610424041748,"procgen_ok":true,"procgen_seconds":0.201637},{"collision_shape_count":225,"frame_time_ms":13.7985,"gameplay_slice_path":"(main.tscn entrypoint, no procgen)","layout_path":"(main.tscn entrypoint, no procgen)","load_seconds":1.664976,"main_wait_frames":0,"mesh_count":8100,"name":"main_scene","node_count":10500,"objective_count":1,"peak_memory_mb":106.571378707886,"procgen_ok":true,"procgen_seconds":1.664976}],"reference_hardware":"Mac mini M4 (Apple Silicon), macOS 26.5.1"}
=== arc hazard model smoke ===
Initialize godot-rust (API v4.6.stable.official, runtime v4.7.2.stable.mono.official, safeguards balanced)
Godot Engine v4.7.2.stable.mono.official.ed1daf0bf - https://godotengine.org

ARC STATE PASS cycles=2 phases=4 passability_switches=4
=== main arc smoke ===
Initialize godot-rust (API v4.6.stable.official, runtime v4.7.2.stable.mono.official, safeguards balanced)
Godot Engine v4.7.2.stable.mono.official.ed1daf0bf - https://godotengine.org

PLAYABLE SHIP READY player_spawned=true camera_spawned=true objectives=6 collision_shapes=164
MAIN PLAYABLE ARC PASS state=DISCHARGED cycles=2 blocked_arcing=true blocked_discharged=false
=== derelict arc away-branch smoke ===
Initialize godot-rust (API v4.6.stable.official, runtime v4.7.2.stable.mono.official, safeguards balanced)
Godot Engine v4.7.2.stable.mono.official.ed1daf0bf - https://godotengine.org

The Synaptic Sea coherent proof ship bootstrap loaded.
PLAYABLE SHIP READY player_spawned=true camera_spawned=true objectives=5 collision_shapes=112
PLAYABLE SHIP SAVED location=-1:-1:1 sequence=1
PLAYABLE SHIP READY player_spawned=true camera_spawned=true objectives=5 collision_shapes=112
PLAYABLE SHIP LOADED sequence=1 position=(2.34,0.54,1.75)
DERELICT ARC PASS boarded=true zone_on_derelict=true away_ticks=3 arcing_observed=true collision_blocked=true reload_preserved=true revisit_preserved=true other_ship_context_isolated=true
=== away-branch integrity smoke ===
Initialize godot-rust (API v4.6.stable.official, runtime v4.7.2.stable.mono.official, safeguards balanced)
Godot Engine v4.7.2.stable.mono.official.ed1daf0bf - https://godotengine.org

The Synaptic Sea coherent proof ship bootstrap loaded.
PLAYABLE SHIP READY player_spawned=true camera_spawned=true objectives=5 collision_shapes=112
META PAYOUT reason=death payout=0 meta_currency=340 runs_completed=8
AWAY BRANCH INTEGRITY PASS boarded=true port_frame=true hud_refresh=true death_guard=true
=== title load-failure recovery smoke ===
Initialize godot-rust (API v4.6.stable.official, runtime v4.7.2.stable.mono.official, safeguards balanced)
Godot Engine v4.7.2.stable.mono.official.ed1daf0bf - https://godotengine.org

The Synaptic Sea coherent proof ship bootstrap loaded.
PLAYABLE SHIP READY player_spawned=true camera_spawned=true objectives=5 collision_shapes=112
ERROR: PLAYABLE SHIP FAIL reason=smoke_forced_failure
   at: push_error (core/variant/variant_utility.cpp:1023)
   GDScript backtrace (most recent call first):
       [0] _on_loader_failed (res://scripts/procgen/playable_generated_ship.gd:7826)
       [1] _on_frame (res://scripts/validation/title_load_failure_smoke.gd:49)
WARNING: TitleMain: gameplay boot failed (smoke_forced_failure) â€” returning to title
   at: push_warning (core/variant/variant_utility.cpp:1033)
   GDScript backtrace (most recent call first):
       [0] _on_gameplay_failed (res://scripts/title_main.gd:220)
       [1] _on_loader_failed (res://scripts/procgen/playable_generated_ship.gd:7827)
       [2] _on_frame (res://scripts/validation/title_load_failure_smoke.gd:49)
TITLE LOAD FAILURE PASS returned_to_title=true error_surfaced=true menu_visible=true
=== hazard interaction feedback smoke ===
Initialize godot-rust (API v4.6.stable.official, runtime v4.7.2.stable.mono.official, safeguards balanced)
Godot Engine v4.7.2.stable.mono.official.ed1daf0bf - https://godotengine.org

The Synaptic Sea coherent proof ship bootstrap loaded.
PLAYABLE SHIP READY player_spawned=true camera_spawned=true objectives=5 collision_shapes=112
HAZARD FEEDBACK PASS extinguish_blocked=true seal_blocked=true breach_sealed=true sfx_routed=true
=== ADR-0005 hazard contract static smoke ===
Initialize godot-rust (API v4.6.stable.official, runtime v4.7.2.stable.mono.official, safeguards balanced)
Godot Engine v4.7.2.stable.mono.official.ed1daf0bf - https://godotengine.org

HAZARD CONTRACT PASS models=2 phase_timer_owners=1 wrong_kind_rejected=2 configure_dict=2
=== ADR-0038 station craft reachability smoke ===
Initialize godot-rust (API v4.6.stable.official, runtime v4.7.2.stable.mono.official, safeguards balanced)
Godot Engine v4.7.2.stable.mono.official.ed1daf0bf - https://godotengine.org

The Synaptic Sea coherent proof ship bootstrap loaded.
PLAYABLE SHIP READY player_spawned=true camera_spawned=true objectives=5 collision_shapes=112
CRAFT STARTED station=fabricator recipe=craft_fire_extinguisher
CRAFT COMPLETED item=fire_extinguisher qty=1 quality=standard
SALVAGE COMPLETED item=scrap_metal qty=3
FIELD CRAFT STARTED recipe=field_bandage
FIELD CRAFT COMPLETED item=field_bandage qty=1 quality=poor
MAIN PLAYABLE STATION CRAFT PASS crafted=true salvaged=true field=true reachable=true
=== REQ-CS-016 crafting recipe list smoke ===
Initialize godot-rust (API v4.6.stable.official, runtime v4.7.2.stable.mono.official, safeguards balanced)
Godot Engine v4.7.2.stable.mono.official.ed1daf0bf - https://godotengine.org

CRAFTING RECIPE LIST PASS ready=3 blocked=14 station=fabricator
=== REQ-CS-016 recipe picker panel smoke ===
Initialize godot-rust (API v4.6.stable.official, runtime v4.7.2.stable.mono.official, safeguards balanced)
Godot Engine v4.7.2.stable.mono.official.ed1daf0bf - https://godotengine.org

RECIPE PICKER PANEL PASS rows=3 move=true confirm=true closed=true
=== REQ-CS-016 main playable recipe picker smoke ===
Initialize godot-rust (API v4.6.stable.official, runtime v4.7.2.stable.mono.official, safeguards balanced)
Godot Engine v4.7.2.stable.mono.official.ed1daf0bf - https://godotengine.org

The Synaptic Sea coherent proof ship bootstrap loaded.
PLAYABLE SHIP READY player_spawned=true camera_spawned=true objectives=5 collision_shapes=112
CRAFT STARTED station=fabricator recipe=craft_graphene_weave
CRAFT COMPLETED item=graphene_weave qty=1 quality=standard
FIELD CRAFT STARTED recipe=field_craft_fishing_line
FIELD CRAFT COMPLETED item=fishing_line qty=1 quality=standard
MAIN PLAYABLE RECIPE PICKER PASS station=fabricator recipe=craft_graphene_weave crafted=true chosen_not_first=true field=field_craft_fishing_line field_crafted=true
=== REQ-CS-017 salvage list smoke ===
Initialize godot-rust (API v4.6.stable.official, runtime v4.7.2.stable.mono.official, safeguards balanced)
Godot Engine v4.7.2.stable.mono.official.ed1daf0bf - https://godotengine.org

SALVAGE LIST PASS ready=2 decon_ready=2 junk_ready=0 executed=deconstruct_plating
=== REQ-CS-017 main playable salvage picker smoke ===
Initialize godot-rust (API v4.6.stable.official, runtime v4.7.2.stable.mono.official, safeguards balanced)
Godot Engine v4.7.2.stable.mono.official.ed1daf0bf - https://godotengine.org

The Synaptic Sea coherent proof ship bootstrap loaded.
PLAYABLE SHIP READY player_spawned=true camera_spawned=true objectives=5 collision_shapes=112
SALVAGE COMPLETED item=wiring_bundle qty=2
MAIN PLAYABLE SALVAGE PICKER PASS target=deconstruct_power_cell chosen_not_first=true salvaged=true
=== REQ-CS-018 hydroponics crop list smoke ===
Initialize godot-rust (API v4.6.stable.official, runtime v4.7.2.stable.mono.official, safeguards balanced)
Godot Engine v4.7.2.stable.mono.official.ed1daf0bf - https://godotengine.org

HYDROPONICS CROP LIST PASS crops=2 ready=1 first=hydroponic_greens planted=true
=== REQ-CS-018 main playable hydro crop picker smoke ===
Initialize godot-rust (API v4.6.stable.official, runtime v4.7.2.stable.mono.official, safeguards balanced)
Godot Engine v4.7.2.stable.mono.official.ed1daf0bf - https://godotengine.org

The Synaptic Sea coherent proof ship bootstrap loaded.
PLAYABLE SHIP READY player_spawned=true camera_spawned=true objectives=5 collision_shapes=112
PRODUCTION STARTED station=hydroponics input=hydroponic_greens
MAIN PLAYABLE HYDRO CROP PICKER PASS crop=hydroponic_greens planted=true chosen_not_first=true
=== Bucket 3 meta-screen reachability smoke ===
Initialize godot-rust (API v4.6.stable.official, runtime v4.7.2.stable.mono.official, safeguards balanced)
Godot Engine v4.7.2.stable.mono.official.ed1daf0bf - https://godotengine.org

The Synaptic Sea coherent proof ship bootstrap loaded.
PLAYABLE SHIP READY player_spawned=true camera_spawned=true objectives=5 collision_shapes=112
MAIN PLAYABLE META SCREENS PASS screens=10 reachable=true
=== AutosavePolicy reachability smoke ===
Initialize godot-rust (API v4.6.stable.official, runtime v4.7.2.stable.mono.official, safeguards balanced)
Godot Engine v4.7.2.stable.mono.official.ed1daf0bf - https://godotengine.org

The Synaptic Sea coherent proof ship bootstrap loaded.
PLAYABLE SHIP READY player_spawned=true camera_spawned=true objectives=5 collision_shapes=112
MAIN PLAYABLE META AUTOSAVE PASS slot_rotated=true reachable=true
=== compiled lifeboat biome-contract reachability smoke ===
Initialize godot-rust (API v4.6.stable.official, runtime v4.7.2.stable.mono.official, safeguards balanced)
Godot Engine v4.7.2.stable.mono.official.ed1daf0bf - https://godotengine.org

The Synaptic Sea coherent proof ship bootstrap loaded.
PLAYABLE SHIP READY player_spawned=true camera_spawned=true objectives=5 collision_shapes=112
MAIN PLAYABLE LIFEBOAT BIOME SKIN PASS biomes=3 live_match=true reachable=true
MAIN PLAYABLE LIFEBOAT BIOME SKIN DETAILS fallback=true fallback_biomes=breach_field,dead_fleet
=== procgen derelict encounter-injection reachability smoke ===
Initialize godot-rust (API v4.6.stable.official, runtime v4.7.2.stable.mono.official, safeguards balanced)
Godot Engine v4.7.2.stable.mono.official.ed1daf0bf - https://godotengine.org

The Synaptic Sea coherent proof ship bootstrap loaded.
PLAYABLE SHIP READY player_spawned=true camera_spawned=true objectives=5 collision_shapes=112
MAIN PLAYABLE DERELICT ENCOUNTER INJECTION PASS injected_threats=true reachable=true biome=breach_field difficulty=standard encounters=16
=== procgen encounter placement smoke ===
Initialize godot-rust (API v4.6.stable.official, runtime v4.7.2.stable.mono.official, safeguards balanced)
Godot Engine v4.7.2.stable.mono.official.ed1daf0bf - https://godotengine.org

ENCOUNTER PLACEMENT PASS markers=3 cells_real=true spawns_in_rooms=true distinct_positions=true
=== REQ-FC food consumption reachability smoke ===
Initialize godot-rust (API v4.6.stable.official, runtime v4.7.2.stable.mono.official, safeguards balanced)
Godot Engine v4.7.2.stable.mono.official.ed1daf0bf - https://godotengine.org

The Synaptic Sea coherent proof ship bootstrap loaded.
PLAYABLE SHIP READY player_spawned=true camera_spawned=true objectives=5 collision_shapes=112
ACHIEVEMENT UNLOCKED trigger=loot_searched target=smoke_food_container id=first_loot
LOOT CONTAINER SEARCHED marker= container=smoke_food_container granted=1
MAIN PLAYABLE FOOD CONSUMPTION PASS hunger_restored=true thirst_restored=true spoilage_tracked=true reachable=true hunger=20.0->45.0 thirst=20.0->28.0
=== item economy data smoke ===
Initialize godot-rust (API v4.6.stable.official, runtime v4.7.2.stable.mono.official, safeguards balanced)
Godot Engine v4.7.2.stable.mono.official.ed1daf0bf - https://godotengine.org

ITEM ECONOMY PASS sealant_def=true ext_def=true sealant_loot=true ext_loot=true sealant_recipe=true ext_recipe=true skill_enforced=true
=== item data integrity smoke ===
Initialize godot-rust (API v4.6.stable.official, runtime v4.7.2.stable.mono.official, safeguards balanced)
Godot Engine v4.7.2.stable.mono.official.ed1daf0bf - https://godotengine.org

ITEM DATA INTEGRITY PASS recipes=60 loot_ids=31 materials=33 no_shadow_defs=true
=== main item economy reachability smoke ===
Initialize godot-rust (API v4.6.stable.official, runtime v4.7.2.stable.mono.official, safeguards balanced)
Godot Engine v4.7.2.stable.mono.official.ed1daf0bf - https://godotengine.org

The Synaptic Sea coherent proof ship bootstrap loaded.
PLAYABLE SHIP READY player_spawned=true camera_spawned=true objectives=5 collision_shapes=112
CRAFT COMPLETED item=hull_sealant qty=1 quality=standard
CRAFT COMPLETED item=fire_extinguisher qty=1 quality=poor
MAIN PLAYABLE ITEM ECONOMY PASS crafted_sealant=true sealed=true crafted_ext=true extinguished=true reachable=true
=== spoilage stage threaded into eat path smoke ===
Initialize godot-rust (API v4.6.stable.official, runtime v4.7.2.stable.mono.official, safeguards balanced)
Godot Engine v4.7.2.stable.mono.official.ed1daf0bf - https://godotengine.org

SPOILAGE EAT SCALING PASS stale_lt_fresh=true rotten_lt_stale=true fresh_fallback=true fresh=25.00 stale=17.50 rotten=7.50 fallback=25.00
=== M7-A breach seal point model smoke ===
Initialize godot-rust (API v4.6.stable.official, runtime v4.7.2.stable.mono.official, safeguards balanced)
Godot Engine v4.7.2.stable.mono.official.ed1daf0bf - https://godotengine.org

BREACH SEAL POINT PASS sealed=true breach_cleared=true
=== M7-A life support vitals loop smoke ===
Initialize godot-rust (API v4.6.stable.official, runtime v4.7.2.stable.mono.official, safeguards balanced)
Godot Engine v4.7.2.stable.mono.official.ed1daf0bf - https://godotengine.org

The Synaptic Sea coherent proof ship bootstrap loaded.
PLAYABLE SHIP READY player_spawned=true camera_spawned=true objectives=5 collision_shapes=112
MAIN PLAYABLE LIFE SUPPORT VITALS PASS aboard_drain=true away_safe=true recover=true seal_loop=true reachable=true aboard=90.00->80.11
=== Domain 1 survival stakes (home) smoke ===
Initialize godot-rust (API v4.6.stable.official, runtime v4.7.2.stable.mono.official, safeguards balanced)
Godot Engine v4.7.2.stable.mono.official.ed1daf0bf - https://godotengine.org

The Synaptic Sea coherent proof ship bootstrap loaded.
PLAYABLE SHIP READY player_spawned=true camera_spawned=true objectives=5 collision_shapes=112
META PAYOUT reason=death payout=0 meta_currency=340 runs_completed=8
MAIN PLAYABLE SURVIVAL STAKES PASS gate_curve=true gate_locked=true death=true reachable=true
=== Domain 1 survival attrition away-path smoke ===
Initialize godot-rust (API v4.6.stable.official, runtime v4.7.2.stable.mono.official, safeguards balanced)
Godot Engine v4.7.2.stable.mono.official.ed1daf0bf - https://godotengine.org

The Synaptic Sea coherent proof ship bootstrap loaded.
PLAYABLE SHIP READY player_spawned=true camera_spawned=true objectives=5 collision_shapes=112
META PAYOUT reason=death payout=0 meta_currency=340 runs_completed=8
MAIN PLAYABLE SURVIVAL AWAY PASS away_ticks=true rad_drain=true temp_rise=true o2_drain=true o2_teeth=true away_death=true no_extract_on_death=true
=== vitals state model smoke ===
Initialize godot-rust (API v4.6.stable.official, runtime v4.7.2.stable.mono.official, safeguards balanced)
Godot Engine v4.7.2.stable.mono.official.ed1daf0bf - https://godotengine.org

VITALS STATE PASS health=98.0 stamina=54.5 hunger=99.0 thirst=13.0 sanity_drain=true sanity_stamina=true
=== player movement gating seam smoke ===
Initialize godot-rust (API v4.6.stable.official, runtime v4.7.2.stable.mono.official, safeguards balanced)
Godot Engine v4.7.2.stable.mono.official.ed1daf0bf - https://godotengine.org

PLAYER MOVEMENT GATING PASS full=6.0 half=3.0 locked=0.0
=== hallucination director model smoke ===
Initialize godot-rust (API v4.6.stable.official, runtime v4.7.2.stable.mono.official, safeguards balanced)
Godot Engine v4.7.2.stable.mono.official.ed1daf0bf - https://godotengine.org

HALLUCINATION DIRECTOR PASS tiers=true gated=true deterministic=true ttl=true teeth=true fx=true round_trip=true
=== threat placeholder renderer smoke ===
Initialize godot-rust (API v4.6.stable.official, runtime v4.7.2.stable.mono.official, safeguards balanced)
Godot Engine v4.7.2.stable.mono.official.ed1daf0bf - https://godotengine.org

THREAT PLACEHOLDER RENDERER PASS swarm=true anchored=true default=true color=true
=== threat visual catalog smoke ===
Initialize godot-rust (API v4.6.stable.official, runtime v4.7.2.stable.mono.official, safeguards balanced)
Godot Engine v4.7.2.stable.mono.official.ed1daf0bf - https://godotengine.org

THREAT VISUAL CATALOG PASS
=== gameplay prop visual catalog smoke ===
Initialize godot-rust (API v4.6.stable.official, runtime v4.7.2.stable.mono.official, safeguards balanced)
Godot Engine v4.7.2.stable.mono.official.ed1daf0bf - https://godotengine.org

GAMEPLAY PROP VISUAL PASS
=== main hallucination loop smoke ===
Initialize godot-rust (API v4.6.stable.official, runtime v4.7.2.stable.mono.official, safeguards balanced)
Godot Engine v4.7.2.stable.mono.official.ed1daf0bf - https://godotengine.org

The Synaptic Sea coherent proof ship bootstrap loaded.
PLAYABLE SHIP READY player_spawned=true camera_spawned=true objectives=5 collision_shapes=112
MAIN PLAYABLE HALLUCINATION PASS manifest=true phantom_no_damage=true attack_dissipates=true no_respawn=true teeth=true away_ticks=true clears=true hud=true fx=true reachable=true
=== biome loot_quality_modifier wired into rarity rolls ===
Initialize godot-rust (API v4.6.stable.official, runtime v4.7.2.stable.mono.official, safeguards balanced)
Godot Engine v4.7.2.stable.mono.official.ed1daf0bf - https://godotengine.org

LOOT QUALITY MODIFIER PASS high_gt_base=true mid_between=true default_noop=true
=== REQ-AU-001 coordinator audio event coupling smoke ===
Initialize godot-rust (API v4.6.stable.official, runtime v4.7.2.stable.mono.official, safeguards balanced)
Godot Engine v4.7.2.stable.mono.official.ed1daf0bf - https://godotengine.org

The Synaptic Sea coherent proof ship bootstrap loaded.
PLAYABLE SHIP READY player_spawned=true camera_spawned=true objectives=5 collision_shapes=112
AUDIO COORDINATOR EVENTS PASS fire=true arc=true breath=true vitals_low_edge=true combat_music=true
=== REQ-AU-001 callsite audio event coupling smoke ===
Initialize godot-rust (API v4.6.stable.official, runtime v4.7.2.stable.mono.official, safeguards balanced)
Godot Engine v4.7.2.stable.mono.official.ed1daf0bf - https://godotengine.org

The Synaptic Sea coherent proof ship bootstrap loaded.
PLAYABLE SHIP READY player_spawned=true camera_spawned=true objectives=5 collision_shapes=112
ACHIEVEMENT UNLOCKED trigger=objective_completed target=objectives[0] id=objective_complete
SHIP SYSTEM UPDATED sequence=1 type=recover_supplies power=20 reactor=20 extraction=false route_opened=0 blockers=1
PLAYABLE INTERACTION interaction=objective:01:cargo_01:cargo_supply_cache objective=cargo_01:cargo_supply_cache sequence=1 type=recover_supplies room=cargo_01
PLAYABLE SHIP SAVED location= sequence=2
PLAYABLE SHIP SAVED location= sequence=2
PLAYABLE SHIP READY player_spawned=true camera_spawned=true objectives=5 collision_shapes=112
PLAYABLE SHIP LOADED sequence=2 position=(24.00,4.12,-4.00)
AUDIO CALLSITE EVENTS PASS door=true door_close=true footstep=true drop=true tool=true inv_toggle=true objective=true save=true dock=true load=true
=== audio bus config model smoke ===
Initialize godot-rust (API v4.6.stable.official, runtime v4.7.2.stable.mono.official, safeguards balanced)
Godot Engine v4.7.2.stable.mono.official.ed1daf0bf - https://godotengine.org

AUDIO BUS CONFIG PASS buses=7 default=true summary_round_trip=true
=== ambient zone state model smoke ===
Initialize godot-rust (API v4.6.stable.official, runtime v4.7.2.stable.mono.official, safeguards balanced)
Godot Engine v4.7.2.stable.mono.official.ed1daf0bf - https://godotengine.org

AMBIENT ZONE STATE PASS roles_changed=2 crossfades_completed=1 threat_applied=true
=== sfx event router model smoke ===
Initialize godot-rust (API v4.6.stable.official, runtime v4.7.2.stable.mono.official, safeguards balanced)
Godot Engine v4.7.2.stable.mono.official.ed1daf0bf - https://godotengine.org

SFX EVENT ROUTER PASS routed=0 dropped=0 captions=3
=== dynamic music state model smoke ===
Initialize godot-rust (API v4.6.stable.official, runtime v4.7.2.stable.mono.official, safeguards balanced)
Godot Engine v4.7.2.stable.mono.official.ed1daf0bf - https://godotengine.org

DYNAMIC MUSIC STATE PASS states_visited=4 crossfade_changed=true
=== spatial audio resolver model smoke ===
Initialize godot-rust (API v4.6.stable.official, runtime v4.7.2.stable.mono.official, safeguards balanced)
Godot Engine v4.7.2.stable.mono.official.ed1daf0bf - https://godotengine.org

SPATIAL AUDIO RESOLVER PASS atten_ref=0 atten_max=-36 occluded=-6 determinism=true
=== meta event state model smoke ===
Initialize godot-rust (API v4.6.stable.official, runtime v4.7.2.stable.mono.official, safeguards balanced)
Godot Engine v4.7.2.stable.mono.official.ed1daf0bf - https://godotengine.org

META EVENT STATE PASS fired=3 pending=0 deterministic_seed=true
=== main playable audio smoke ===
Initialize godot-rust (API v4.6.stable.official, runtime v4.7.2.stable.mono.official, safeguards balanced)
Godot Engine v4.7.2.stable.mono.official.ed1daf0bf - https://godotengine.org

PLAYABLE SHIP READY player_spawned=true camera_spawned=true objectives=6 collision_shapes=164
WARNING: AudioManager: stream file missing, path='res://data/audio/voice/log_beacon_01.ogg'
   at: push_warning (core/variant/variant_utility.cpp:1033)
   GDScript backtrace (most recent call first):
       [0] _load_stream_cached (res://scripts/audio/audio_manager.gd:437)
       [1] _play_via_bus (res://scripts/audio/audio_manager.gd:476)
       [2] play_voice_log (res://scripts/audio/audio_manager.gd:397)
       [3] _validate_and_drive (res://scripts/validation/main_playable_slice_audio_smoke.gd:96)
       [4] _on_process_frame (res://scripts/validation/main_playable_slice_audio_smoke.gd:54)
WARNING: AudioManager: stream file missing, path='res://data/audio/voice/log_pulse_01.ogg'
   at: push_warning (core/variant/variant_utility.cpp:1033)
   GDScript backtrace (most recent call first):
       [0] _load_stream_cached (res://scripts/audio/audio_manager.gd:437)
       [1] _play_via_bus (res://scripts/audio/audio_manager.gd:476)
       [2] play_voice_log (res://scripts/audio/audio_manager.gd:397)
       [3] tick (res://scripts/audio/audio_manager.gd:287)
       [4] _validate_and_drive (res://scripts/validation/main_playable_slice_audio_smoke.gd:131)
       [5] _on_process_frame (res://scripts/validation/main_playable_slice_audio_smoke.gd:54)
MAIN PLAYABLE AUDIO PASS buses=6 routed=4 fired_meta=3 ambient_role=engine
=== audio save/load model smoke ===
Initialize godot-rust (API v4.6.stable.official, runtime v4.7.2.stable.mono.official, safeguards balanced)
Godot Engine v4.7.2.stable.mono.official.ed1daf0bf - https://godotengine.org

PLAYABLE SHIP READY player_spawned=true camera_spawned=true objectives=6 collision_shapes=164
WARNING: AudioManager: stream file missing, path='res://data/audio/voice/log_beacon_01.ogg'
   at: push_warning (core/variant/variant_utility.cpp:1033)
   GDScript backtrace (most recent call first):
       [0] _load_stream_cached (res://scripts/audio/audio_manager.gd:437)
       [1] _play_via_bus (res://scripts/audio/audio_manager.gd:476)
       [2] play_voice_log (res://scripts/audio/audio_manager.gd:397)
       [3] tick (res://scripts/audio/audio_manager.gd:287)
       [4] _run_round_trip (res://scripts/validation/audio_save_load_smoke.gd:82)
       [5] _on_process_frame (res://scripts/validation/audio_save_load_smoke.gd:65)
WARNING: AudioManager: stream file missing, path='res://data/audio/voice/log_pulse_01.ogg'
   at: push_warning (core/variant/variant_utility.cpp:1033)
   GDScript backtrace (most recent call first):
       [0] _load_stream_cached (res://scripts/audio/audio_manager.gd:437)
       [1] _play_via_bus (res://scripts/audio/audio_manager.gd:476)
       [2] play_voice_log (res://scripts/audio/audio_manager.gd:397)
       [3] tick (res://scripts/audio/audio_manager.gd:287)
       [4] _run_round_trip (res://scripts/validation/audio_save_load_smoke.gd:82)
       [5] _on_process_frame (res://scripts/validation/audio_save_load_smoke.gd:65)
AUDIO SAVE LOAD PASS summary_keys=6 round_trip=true
=== Domain 9 audio pipeline smoke ===
Initialize godot-rust (API v4.6.stable.official, runtime v4.7.2.stable.mono.official, safeguards balanced)
Godot Engine v4.7.2.stable.mono.official.ed1daf0bf - https://godotengine.org

PLAYABLE SHIP READY player_spawned=true camera_spawned=true objectives=6 collision_shapes=164
AUDIO PIPELINE PASS bus_index=true stream_playing=true caption_hud=true captions_toggle=true voice_toggle=true away_ticks=30
=== Task 1.5 audio content coverage smoke ===
Initialize godot-rust (API v4.6.stable.official, runtime v4.7.2.stable.mono.official, safeguards balanced)
Godot Engine v4.7.2.stable.mono.official.ed1daf0bf - https://godotengine.org

AUDIO CONTENT COVERAGE PASS clips=15 catalog=true non_empty=true decoded=true
=== REQ-AU-005 spatial audio playback smoke ===
Initialize godot-rust (API v4.6.stable.official, runtime v4.7.2.stable.mono.official, safeguards balanced)
Godot Engine v4.7.2.stable.mono.official.ed1daf0bf - https://godotengine.org

PLAYABLE SHIP READY player_spawned=true camera_spawned=true objectives=6 collision_shapes=164
ACHIEVEMENT UNLOCKED trigger=loot_searched target=corpse_smoke_sp_0 id=first_loot
LOOT CONTAINER SEARCHED marker= container=corpse_smoke_sp_0 granted=1
AUDIO SPATIAL PASS catalogued_playing=true fallback_honest=true production_pickup=true position_tracked=true
=== systems map currency ===
SYSTEMS MAP CURRENCY PASS packages=15 checks=47 stale_phrases=0
=== requirement trace ===
REQUIREMENT TRACE PASS doc_requirements=9 adrs=19 checks=81
=== kanban manifest currency ===
KANBAN MANIFEST SKIP reason=board_db_absent path=D:\Users\christopherwilloughby\.hermes\kanban\boards\synaptic-sea-e2e-systems\kanban.db
=== system inventory anti-drift check ===
SYSTEM INVENTORY CHECK PASS systems=191 verified=191
=== architecture diagram anti-drift check ===
ARCHITECTURE DIAGRAMS PASS diagrams=5 exports=5 references=49
=== fire suppression round-trip smoke ===
Initialize godot-rust (API v4.6.stable.official, runtime v4.7.2.stable.mono.official, safeguards balanced)
Godot Engine v4.7.2.stable.mono.official.ed1daf0bf - https://godotengine.org

FIRE SUPPRESSION ROUND TRIP PASS topo=true fires=true spreads=true
=== ship instance fire persistence smoke ===
Initialize godot-rust (API v4.6.stable.official, runtime v4.7.2.stable.mono.official, safeguards balanced)
Godot Engine v4.7.2.stable.mono.official.ed1daf0bf - https://godotengine.org

SHIP INSTANCE FIRE PERSISTENCE PASS omitted=true restored=true seeded_vents=true
=== derelict fire seed smoke ===
Initialize godot-rust (API v4.6.stable.official, runtime v4.7.2.stable.mono.official, safeguards balanced)
Godot Engine v4.7.2.stable.mono.official.ed1daf0bf - https://godotengine.org

DERELICT FIRE SEED PASS deterministic=true rate_ok=true cap_ok=true
=== main playable derelict fire smoke ===
Initialize godot-rust (API v4.6.stable.official, runtime v4.7.2.stable.mono.official, safeguards balanced)
Godot Engine v4.7.2.stable.mono.official.ed1daf0bf - https://godotengine.org

The Synaptic Sea coherent proof ship bootstrap loaded.
PLAYABLE SHIP READY player_spawned=true camera_spawned=true objectives=5 collision_shapes=112
MAIN PLAYABLE DERELICT FIRE PASS away_ticks=62 seeded=true ticked=true hurt=true port_gated=true extinguished=true
=== main playable reachability smoke ===
Initialize godot-rust (API v4.6.stable.official, runtime v4.7.2.stable.mono.official, safeguards balanced)
Godot Engine v4.7.2.stable.mono.official.ed1daf0bf - https://godotengine.org

The Synaptic Sea coherent proof ship bootstrap loaded.
PLAYABLE SHIP READY player_spawned=true camera_spawned=true objectives=5 collision_shapes=112
ACHIEVEMENT UNLOCKED trigger=loot_searched target=start_supply_a id=first_loot
LOOT CONTAINER SEARCHED marker= container=start_supply_a granted=1
MAIN PLAYABLE REACHABILITY PASS organic_cart=true home_loot=true hangar_interact=true achievements=true cart=organic_cart_ship_start loot=start_supply_a
=== main playable quicksave smoke ===
Initialize godot-rust (API v4.6.stable.official, runtime v4.7.2.stable.mono.official, safeguards balanced)
Godot Engine v4.7.2.stable.mono.official.ed1daf0bf - https://godotengine.org

The Synaptic Sea coherent proof ship bootstrap loaded.
PLAYABLE SHIP READY player_spawned=true camera_spawned=true objectives=5 collision_shapes=112
MAIN PLAYABLE QUICKSAVE PASS slot=quicksave kind=quick cooldown=true
=== encounter table dead fleet smoke ===
Initialize godot-rust (API v4.6.stable.official, runtime v4.7.2.stable.mono.official, safeguards balanced)
Godot Engine v4.7.2.stable.mono.official.ed1daf0bf - https://godotengine.org

ENCOUNTER TABLE DEAD FLEET PASS table=threat_drone_swarm kinds=drone_swarm markers=1
=== status effect icons smoke ===
Initialize godot-rust (API v4.6.stable.official, runtime v4.7.2.stable.mono.official, safeguards balanced)
Godot Engine v4.7.2.stable.mono.official.ed1daf0bf - https://godotengine.org

STATUS EFFECT ICONS PASS entries=8 all_exist=true
=== UI icon paths smoke ===
Initialize godot-rust (API v4.6.stable.official, runtime v4.7.2.stable.mono.official, safeguards balanced)
Godot Engine v4.7.2.stable.mono.official.ed1daf0bf - https://godotengine.org

UI ICON PATHS PASS status_entries=8 achievement_entries=8 all_exist=true
=== derelict fire sequential persistence smoke ===
Initialize godot-rust (API v4.6.stable.official, runtime v4.7.2.stable.mono.official, safeguards balanced)
Godot Engine v4.7.2.stable.mono.official.ed1daf0bf - https://godotengine.org

The Synaptic Sea coherent proof ship bootstrap loaded.
PLAYABLE SHIP READY player_spawned=true camera_spawned=true objectives=5 collision_shapes=112
DERELICT FIRE SEQUENTIAL PERSISTENCE PASS remembered=true
=== detection state model smoke ===
Initialize godot-rust (API v4.6.stable.official, runtime v4.7.2.stable.mono.official, safeguards balanced)
Godot Engine v4.7.2.stable.mono.official.ed1daf0bf - https://godotengine.org

DETECTION STATE PASS score=0.00 memory=0.0 reason=memory
=== threat detection source smoke ===
Initialize godot-rust (API v4.6.stable.official, runtime v4.7.2.stable.mono.official, safeguards balanced)
Godot Engine v4.7.2.stable.mono.official.ed1daf0bf - https://godotengine.org

THREAT DETECTION SOURCE PASS single_source=true per_archetype=true proximity=true
=== player crouch seam smoke ===
Initialize godot-rust (API v4.6.stable.official, runtime v4.7.2.stable.mono.official, safeguards balanced)
Godot Engine v4.7.2.stable.mono.official.ed1daf0bf - https://godotengine.org

PLAYER CROUCH PASS stand=6.00 crouch=3.00 composed=1.50
=== crouch action smoke ===
Initialize godot-rust (API v4.6.stable.official, runtime v4.7.2.stable.mono.official, safeguards balanced)
Godot Engine v4.7.2.stable.mono.official.ed1daf0bf - https://godotengine.org

The Synaptic Sea coherent proof ship bootstrap loaded.
PLAYABLE SHIP READY player_spawned=true camera_spawned=true objectives=5 collision_shapes=112
CROUCH ACTION PASS registered=true
=== threat kill removal smoke ===
Initialize godot-rust (API v4.6.stable.official, runtime v4.7.2.stable.mono.official, safeguards balanced)
Godot Engine v4.7.2.stable.mono.official.ed1daf0bf - https://godotengine.org

THREAT KILL REMOVAL PASS emitted_once=true removed=true loot_table=true
=== combat reward data smoke ===
Initialize godot-rust (API v4.6.stable.official, runtime v4.7.2.stable.mono.official, safeguards balanced)
Godot Engine v4.7.2.stable.mono.official.ed1daf0bf - https://godotengine.org

COMBAT REWARD DATA PASS archetypes=true table=true training=true
=== combat closure smoke ===
Initialize godot-rust (API v4.6.stable.official, runtime v4.7.2.stable.mono.official, safeguards balanced)
Godot Engine v4.7.2.stable.mono.official.ed1daf0bf - https://godotengine.org

The Synaptic Sea coherent proof ship bootstrap loaded.
PLAYABLE SHIP READY player_spawned=true camera_spawned=true objectives=5 collision_shapes=112
COMBAT CLOSURE PASS away_kill=true noise=true crouch=true reward=true removed=true pending_corpse=true coord_feed=true
=== combat corpse position smoke ===
Initialize godot-rust (API v4.6.stable.official, runtime v4.7.2.stable.mono.official, safeguards balanced)
Godot Engine v4.7.2.stable.mono.official.ed1daf0bf - https://godotengine.org

The Synaptic Sea coherent proof ship bootstrap loaded.
PLAYABLE SHIP READY player_spawned=true camera_spawned=true objectives=5 collision_shapes=112
MAIN PLAYABLE COMBAT CORPSE POSITION PASS boarded=true corpse_global_ok=true dist=0.00
=== Domain 3 production station wiring smoke ===
Initialize godot-rust (API v4.6.stable.official, runtime v4.7.2.stable.mono.official, safeguards balanced)
Godot Engine v4.7.2.stable.mono.official.ed1daf0bf - https://godotengine.org

The Synaptic Sea coherent proof ship bootstrap loaded.
PLAYABLE SHIP READY player_spawned=true camera_spawned=true objectives=5 collision_shapes=112
PRODUCTION STARTED station=water_recycler input=contaminated_water
PRODUCTION HARVESTED station=water_recycler item=purified_water qty=4
PRODUCTION STARTED station=hydroponics input=hydroponic_greens
PRODUCTION HARVESTED station=hydroponics item=hydroponic_greens qty=3
PRODUCTION WIRING PASS hydro=true recycler=true spoilage_registered=true
=== Domain3 contaminated_water item smoke ===
Initialize godot-rust (API v4.6.stable.official, runtime v4.7.2.stable.mono.official, safeguards balanced)
Godot Engine v4.7.2.stable.mono.official.ed1daf0bf - https://godotengine.org

CONTAMINATED WATER ITEM PASS defined=true supply=true lootable=true
=== Domain3 production station unit smoke ===
Initialize godot-rust (API v4.6.stable.official, runtime v4.7.2.stable.mono.official, safeguards balanced)
Godot Engine v4.7.2.stable.mono.official.ed1daf0bf - https://godotengine.org

PRODUCTION STATION PASS hydro_harvest=true recycler_collect=true blocked_in_progress=true output_full_guarded=true
=== Domain3 synthesizer retirement smoke ===
Initialize godot-rust (API v4.6.stable.official, runtime v4.7.2.stable.mono.official, safeguards balanced)
Godot Engine v4.7.2.stable.mono.official.ed1daf0bf - https://godotengine.org

The Synaptic Sea coherent proof ship bootstrap loaded.
PLAYABLE SHIP READY player_spawned=true camera_spawned=true objectives=5 collision_shapes=112
CRAFT STARTED station=synthesizer recipe=synthesize_nutrient_paste
CRAFT COMPLETED item=synthesized_paste qty=3 quality=poor
FOOD SYNTHESIZER RETIREMENT PASS orphan_removed=true crafting_synth_ok=true legacy_load_ok=true meals_pipeline=true
=== Domain3 food away tick smoke ===
Initialize godot-rust (API v4.6.stable.official, runtime v4.7.2.stable.mono.official, safeguards balanced)
Godot Engine v4.7.2.stable.mono.official.ed1daf0bf - https://godotengine.org

The Synaptic Sea coherent proof ship bootstrap loaded.
PLAYABLE SHIP READY player_spawned=true camera_spawned=true objectives=5 collision_shapes=112
WARNING: AudioManager: stream file missing, path='res://data/audio/voice/log_beacon_01.ogg'
   at: push_warning (core/variant/variant_utility.cpp:1033)
   GDScript backtrace (most recent call first):
       [0] _load_stream_cached (res://scripts/audio/audio_manager.gd:437)
       [1] _play_via_bus (res://scripts/audio/audio_manager.gd:476)
       [2] play_voice_log (res://scripts/audio/audio_manager.gd:397)
       [3] tick (res://scripts/audio/audio_manager.gd:287)
       [4] _tick_audio_runtime (res://scripts/procgen/playable_generated_ship.gd:8753)
       [5] _process (res://scripts/procgen/playable_generated_ship.gd:8619)
       [6] _validate (res://scripts/validation/food_away_tick_smoke.gd:72)
       [7] _on_frame (res://scripts/validation/food_away_tick_smoke.gd:34)
META PAYOUT reason=death payout=0 meta_currency=340 runs_completed=8
FOOD AWAY TICK PASS away_ticks=30 crop_grew=true spoiled_away=true
=== Domain3 main playable food production smoke ===
Initialize godot-rust (API v4.6.stable.official, runtime v4.7.2.stable.mono.official, safeguards balanced)
Godot Engine v4.7.2.stable.mono.official.ed1daf0bf - https://godotengine.org

The Synaptic Sea coherent proof ship bootstrap loaded.
PLAYABLE SHIP READY player_spawned=true camera_spawned=true objectives=5 collision_shapes=112
PRODUCTION STARTED station=water_recycler input=contaminated_water
PRODUCTION HARVESTED station=water_recycler item=purified_water qty=4
PRODUCTION STARTED station=hydroponics input=hydroponic_greens
PRODUCTION HARVESTED station=hydroponics item=hydroponic_greens qty=3
WARNING: AudioManager: stream file missing, path='res://data/audio/voice/log_beacon_01.ogg'
   at: push_warning (core/variant/variant_utility.cpp:1033)
   GDScript backtrace (most recent call first):
       [0] _load_stream_cached (res://scripts/audio/audio_manager.gd:437)
       [1] _play_via_bus (res://scripts/audio/audio_manager.gd:476)
       [2] play_voice_log (res://scripts/audio/audio_manager.gd:397)
       [3] tick (res://scripts/audio/audio_manager.gd:287)
       [4] _tick_audio_runtime (res://scripts/procgen/playable_generated_ship.gd:8753)
       [5] _process (res://scripts/procgen/playable_generated_ship.gd:8619)
       [6] _validate (res://scripts/validation/main_playable_food_production_smoke.gd:95)
       [7] _on_frame (res://scripts/validation/main_playable_food_production_smoke.gd:37)
META PAYOUT reason=death payout=0 meta_currency=340 runs_completed=8
MAIN PLAYABLE FOOD PRODUCTION PASS harvested=true recycled=true away_ticks=30 spoiled_away=true
=== Phase 1 world time persistence smoke ===
Initialize godot-rust (API v4.6.stable.official, runtime v4.7.2.stable.mono.official, safeguards balanced)
Godot Engine v4.7.2.stable.mono.official.ed1daf0bf - https://godotengine.org

The Synaptic Sea coherent proof ship bootstrap loaded.
PLAYABLE SHIP READY player_spawned=true camera_spawned=true objectives=5 collision_shapes=112
WORLD TIME PASS advances=true world_snapshot_roundtrip=true ship_timestamp_roundtrip=true
=== Phase 2 ship instance models smoke ===
Initialize godot-rust (API v4.6.stable.official, runtime v4.7.2.stable.mono.official, safeguards balanced)
Godot Engine v4.7.2.stable.mono.official.ed1daf0bf - https://godotengine.org

SHIP INSTANCE MODELS PASS hull_roundtrip=true web_roundtrip=true web_attached_delegates=true
=== Phase 2 ship models seed smoke ===
Initialize godot-rust (API v4.6.stable.official, runtime v4.7.2.stable.mono.official, safeguards balanced)
Godot Engine v4.7.2.stable.mono.official.ed1daf0bf - https://godotengine.org

The Synaptic Sea coherent proof ship bootstrap loaded.
PLAYABLE SHIP READY player_spawned=true camera_spawned=true objectives=5 collision_shapes=112
SHIP MODELS SEED PASS hull_seeded=true web_attached=true timestamp_set=true active_resolves=true
=== Phase 4 ship catch-up smoke ===
Initialize godot-rust (API v4.6.stable.official, runtime v4.7.2.stable.mono.official, safeguards balanced)
Godot Engine v4.7.2.stable.mono.official.ed1daf0bf - https://godotengine.org

The Synaptic Sea coherent proof ship bootstrap loaded.
PLAYABLE SHIP READY player_spawned=true camera_spawned=true objectives=5 collision_shapes=112
SHIP CATCHUP PASS web_grew=true hull_degraded=true timestamp_stamped=true bounded=true
=== Domain 5 sealed hatch seed + bypass smoke ===
Initialize godot-rust (API v4.6.stable.official, runtime v4.7.2.stable.mono.official, safeguards balanced)
Godot Engine v4.7.2.stable.mono.official.ed1daf0bf - https://godotengine.org

The Synaptic Sea coherent proof ship bootstrap loaded.
PLAYABLE SHIP READY player_spawned=true camera_spawned=true objectives=5 collision_shapes=112
SEALED HATCH PASS away_ticks=3 seeded=true mechanical_open=true flag_consumed=true
=== Domain 5 thermal consumable smoke ===
Initialize godot-rust (API v4.6.stable.official, runtime v4.7.2.stable.mono.official, safeguards balanced)
Godot Engine v4.7.2.stable.mono.official.ed1daf0bf - https://godotengine.org

THERMAL CONSUMABLE PASS temp_before=12.000 temp_after=20.000 temp_shifted=true
=== Domain 5 ammo magazine state model smoke ===
Initialize godot-rust (API v4.6.stable.official, runtime v4.7.2.stable.mono.official, safeguards balanced)
Godot Engine v4.7.2.stable.mono.official.ed1daf0bf - https://godotengine.org

AMMO MAGAZINE STATE PASS spent=true empty=true reloaded=true roundtrip=true
=== Domain 5 ammo magazine away-branch smoke ===
Initialize godot-rust (API v4.6.stable.official, runtime v4.7.2.stable.mono.official, safeguards balanced)
Godot Engine v4.7.2.stable.mono.official.ed1daf0bf - https://godotengine.org

The Synaptic Sea coherent proof ship bootstrap loaded.
PLAYABLE SHIP READY player_spawned=true camera_spawned=true objectives=5 collision_shapes=112
AMMO MAGAZINE PASS away_ticks=30 spent=true dry_fire=true reloaded=true
=== Domain 5 weapon/ammo acquisition chain smoke ===
Initialize godot-rust (API v4.6.stable.official, runtime v4.7.2.stable.mono.official, safeguards balanced)
Godot Engine v4.7.2.stable.mono.official.ed1daf0bf - https://godotengine.org

The Synaptic Sea coherent proof ship bootstrap loaded.
PLAYABLE SHIP READY player_spawned=true camera_spawned=true objectives=5 collision_shapes=112
ACHIEVEMENT UNLOCKED trigger=loot_searched target=corpse_ammo_acq_0 id=first_loot
LOOT CONTAINER SEARCHED marker= container=corpse_ammo_acq_0 granted=1
LOOT CONTAINER SEARCHED marker= container=corpse_ammo_acq_1 granted=1
LOOT CONTAINER SEARCHED marker= container=corpse_ammo_acq_2 granted=1
WEAPON AMMO ACQUISITION PASS data_reachable=true looted_ammo=true production_reload=true away_ticks=30
=== Domain 5 consumables away tick smoke ===
Initialize godot-rust (API v4.6.stable.official, runtime v4.7.2.stable.mono.official, safeguards balanced)
Godot Engine v4.7.2.stable.mono.official.ed1daf0bf - https://godotengine.org

The Synaptic Sea coherent proof ship bootstrap loaded.
PLAYABLE SHIP READY player_spawned=true camera_spawned=true objectives=5 collision_shapes=112
WARNING: AudioManager: stream file missing, path='res://data/audio/voice/log_beacon_01.ogg'
   at: push_warning (core/variant/variant_utility.cpp:1033)
   GDScript backtrace (most recent call first):
       [0] _load_stream_cached (res://scripts/audio/audio_manager.gd:437)
       [1] _play_via_bus (res://scripts/audio/audio_manager.gd:476)
       [2] play_voice_log (res://scripts/audio/audio_manager.gd:397)
       [3] tick (res://scripts/audio/audio_manager.gd:287)
       [4] _tick_audio_runtime (res://scripts/procgen/playable_generated_ship.gd:8753)
       [5] _process (res://scripts/procgen/playable_generated_ship.gd:8619)
       [6] _validate (res://scripts/validation/consumables_away_tick_smoke.gd:47)
       [7] _on_frame (res://scripts/validation/consumables_away_tick_smoke.gd:31)
CONSUMABLES AWAY TICK PASS away_ticks=20 stim_decayed=true addiction_ticked=true
=== Domain 5 sealed hatch node smoke ===
Initialize godot-rust (API v4.6.stable.official, runtime v4.7.2.stable.mono.official, safeguards balanced)
Godot Engine v4.7.2.stable.mono.official.ed1daf0bf - https://godotengine.org

SEALED HATCH NODE PASS locked=true opened=true collision_off=true signalled=true
=== Domain 5 flare steady sanity smoke ===
Initialize godot-rust (API v4.6.stable.official, runtime v4.7.2.stable.mono.official, safeguards balanced)
Godot Engine v4.7.2.stable.mono.official.ed1daf0bf - https://godotengine.org

The Synaptic Sea coherent proof ship bootstrap loaded.
PLAYABLE SHIP READY player_spawned=true camera_spawned=true objectives=5 collision_shapes=112
WARNING: AudioManager: stream file missing, path='res://data/audio/voice/log_beacon_01.ogg'
   at: push_warning (core/variant/variant_utility.cpp:1033)
   GDScript backtrace (most recent call first):
       [0] _load_stream_cached (res://scripts/audio/audio_manager.gd:437)
       [1] _play_via_bus (res://scripts/audio/audio_manager.gd:476)
       [2] play_voice_log (res://scripts/audio/audio_manager.gd:397)
       [3] tick (res://scripts/audio/audio_manager.gd:287)
       [4] _tick_audio_runtime (res://scripts/procgen/playable_generated_ship.gd:8753)
       [5] _process (res://scripts/procgen/playable_generated_ship.gd:8619)
       [6] _validate (res://scripts/validation/flare_steady_smoke.gd:55)
       [7] _on_frame (res://scripts/validation/flare_steady_smoke.gd:27)
FLARE STEADY PASS drain_no_flare=15.000 drain_flare=7.500 steadier=true
=== Domain 6 training gate model smoke ===
Initialize godot-rust (API v4.6.stable.official, runtime v4.7.2.stable.mono.official, safeguards balanced)
Godot Engine v4.7.2.stable.mono.official.ed1daf0bf - https://godotengine.org

TRAINING GATE PASS gated=true drop=0 unlock_grants=true gated_logged=true
=== Domain 6 class catalog data smoke ===
Initialize godot-rust (API v4.6.stable.official, runtime v4.7.2.stable.mono.official, safeguards balanced)
Godot Engine v4.7.2.stable.mono.official.ed1daf0bf - https://godotengine.org

CLASS CATALOG PASS base=8 unlockable=3 registry_class_ids=ok
=== Domain 6 class gate config smoke ===
Initialize godot-rust (API v4.6.stable.official, runtime v4.7.2.stable.mono.official, safeguards balanced)
Godot Engine v4.7.2.stable.mono.official.ed1daf0bf - https://godotengine.org

CLASS GATE CONFIG PASS available_gate=true
=== Domain 6 repair ingest smoke ===
Initialize godot-rust (API v4.6.stable.official, runtime v4.7.2.stable.mono.official, safeguards balanced)
Godot Engine v4.7.2.stable.mono.official.ed1daf0bf - https://godotengine.org

REPAIR INGEST PASS bus_xp=120 single_grant=true
=== Domain 6 meta progression state smoke ===
Initialize godot-rust (API v4.6.stable.official, runtime v4.7.2.stable.mono.official, safeguards balanced)
Godot Engine v4.7.2.stable.mono.official.ed1daf0bf - https://godotengine.org

WARNING: MetaProgressionState: schema mismatch ('meta-progression-0' != 'meta-progression-1'); best-effort apply of known fields
   at: push_warning (core/variant/variant_utility.cpp:1033)
   GDScript backtrace (most recent call first):
       [0] _warn_schema_once (res://scripts/systems/meta_progression_state.gd:275)
       [1] apply_summary (res://scripts/systems/meta_progression_state.gd:215)
       [2] _initialize (res://scripts/validation/meta_progression_state_smoke.gd:207)
WARNING: MetaProgressionState: schema mismatch ('meta-progression-0' != 'meta-progression-1'); best-effort apply of known fields
   at: push_warning (core/variant/variant_utility.cpp:1033)
   GDScript backtrace (most recent call first):
       [0] _warn_schema_once (res://scripts/systems/meta_progression_state.gd:275)
       [1] apply_summary (res://scripts/systems/meta_progression_state.gd:215)
       [2] _initialize (res://scripts/validation/meta_progression_state_smoke.gd:224)
WARNING: MetaProgressionState: schema mismatch ('not-meta' != 'meta-progression-1'); rejected (no known meta fields)
   at: push_warning (core/variant/variant_utility.cpp:1033)
   GDScript backtrace (most recent call first):
       [0] _warn_schema_once (res://scripts/systems/meta_progression_state.gd:275)
       [1] apply_summary (res://scripts/systems/meta_progression_state.gd:213)
       [2] _initialize (res://scripts/validation/meta_progression_state_smoke.gd:240)
META PROGRESSION STATE PASS payout=39 unlocks=true persistence=true reset=true selected_class=true class_bridge=true tolerant=true
=== Domain 6 player progression full smoke ===
Initialize godot-rust (API v4.6.stable.official, runtime v4.7.2.stable.mono.official, safeguards balanced)
Godot Engine v4.7.2.stable.mono.official.ed1daf0bf - https://godotengine.org

WARNING: MetaProgressionState: schema mismatch ('tampered-version' != 'meta-progression-1'); best-effort apply of known fields
   at: push_warning (core/variant/variant_utility.cpp:1033)
   GDScript backtrace (most recent call first):
       [0] _warn_schema_once (res://scripts/systems/meta_progression_state.gd:275)
       [1] apply_summary (res://scripts/systems/meta_progression_state.gd:215)
       [2] _initialize (res://scripts/validation/player_progression_full_smoke.gd:295)
PLAYER PROGRESSION FULL PASS classes=11 cross_training=true books=true meta_payout=70 unlocks=true panels=true
=== Domain 6 interactive meta-screens smoke ===
Initialize godot-rust (API v4.6.stable.official, runtime v4.7.2.stable.mono.official, safeguards balanced)
Godot Engine v4.7.2.stable.mono.official.ed1daf0bf - https://godotengine.org

META SCREENS INTERACTIVE PASS hub_purchase=true skill_unlock=true registry_reader=true class_select=true
=== Domain 6 progression meta closure smoke ===
Initialize godot-rust (API v4.6.stable.official, runtime v4.7.2.stable.mono.official, safeguards balanced)
Godot Engine v4.7.2.stable.mono.official.ed1daf0bf - https://godotengine.org

PROGRESSION META CLOSURE PASS away_ticks=1 hub_bonus=1 gate=held gated_logged=true class_persist=true
=== Domain 7 room variant selector smoke ===
Initialize godot-rust (API v4.6.stable.official, runtime v4.7.2.stable.mono.official, safeguards balanced)
Godot Engine v4.7.2.stable.mono.official.ed1daf0bf - https://godotengine.org

ROOM VARIANT SELECTOR PASS distinct_per_index=4 distinct_per_seed=7 airlock_variants=4 corridor_variants=7 extended=14 legacy=3 deterministic=true
=== Domain 7 procgen variation smoke ===
Initialize godot-rust (API v4.6.stable.official, runtime v4.7.2.stable.mono.official, safeguards balanced)
Godot Engine v4.7.2.stable.mono.official.ed1daf0bf - https://godotengine.org

PROCGEN VARIATION PASS variants_vary=true loot_biased=true tmpl_gated=true deterministic=true
=== Domain 7 procgen variant hazard smoke ===
Initialize godot-rust (API v4.6.stable.official, runtime v4.7.2.stable.mono.official, safeguards balanced)
Godot Engine v4.7.2.stable.mono.official.ed1daf0bf - https://godotengine.org

The Synaptic Sea coherent proof ship bootstrap loaded.
PLAYABLE SHIP READY player_spawned=true camera_spawned=true objectives=5 collision_shapes=112
PROCGEN VARIANT HAZARD PASS away_ticks=1 fire_lit=true breach_open=true home_clean=true seal_point=true guarded=true
=== PR 13 authored hazard overlay smoke ===
Initialize godot-rust (API v4.6.stable.official, runtime v4.7.2.stable.mono.official, safeguards balanced)
Godot Engine v4.7.2.stable.mono.official.ed1daf0bf - https://godotengine.org

The Synaptic Sea coherent proof ship bootstrap loaded.
PLAYABLE SHIP READY player_spawned=true camera_spawned=true objectives=5 collision_shapes=112
ACHIEVEMENT UNLOCKED trigger=loot_searched target=unique_crate_a id=first_loot
LOOT CONTAINER SEARCHED marker= container=unique_crate_a granted=1
AUTHORED HAZARD OVERLAY PASS variant_fire=true authored_fire=true variant_breach=true authored_breach=true vented=true unmapped_visual=true hazard_source_ignored=true contents_copied=true contents_granted=true marker_matched=true contents_empty=true unique_gated=true mapped_reserved=true
=== Task 1.4 biome atmosphere/lighting smoke ===
Initialize godot-rust (API v4.6.stable.official, runtime v4.7.2.stable.mono.official, safeguards balanced)
Godot Engine v4.7.2.stable.mono.official.ed1daf0bf - https://godotengine.org

SLICE ATMOSPHERE PASS ambient=true fog=true away_fog=true key_light=true
=== Domain 8 permadeath freeze smoke ===
Initialize godot-rust (API v4.6.stable.official, runtime v4.7.2.stable.mono.official, safeguards balanced)
Godot Engine v4.7.2.stable.mono.official.ed1daf0bf - https://godotengine.org

The Synaptic Sea coherent proof ship bootstrap loaded.
PLAYABLE SHIP READY player_spawned=true camera_spawned=true objectives=5 collision_shapes=112
META PAYOUT reason=death payout=0 meta_currency=340 runs_completed=8
META PAYOUT reason=death payout=0 meta_currency=340 runs_completed=8
PLAYABLE SHIP SAVED location= sequence=1
META PAYOUT reason=death payout=0 meta_currency=340 runs_completed=8
PLAYABLE SHIP SAVED location= sequence=1
META PAYOUT reason=death payout=0 meta_currency=340 runs_completed=8
PLAYABLE SHIP SAVED location= sequence=1
PLAYABLE SHIP READY player_spawned=true camera_spawned=true objectives=5 collision_shapes=112
PLAYABLE SHIP LOADED sequence=1 position=(2.34,0.54,1.75)
META PAYOUT reason=death payout=0 meta_currency=340 runs_completed=8
WARNING: SaveLoadService: cannot open world save file for writing, error=12
   at: push_warning (core/variant/variant_utility.cpp:1033)
   GDScript backtrace (most recent call first):
       [0] save_world (res://scripts/systems/save_load_service.gd:119)
       [1] _validate (res://scripts/validation/permadeath_freeze_smoke.gd:510)
       [2] _on_process_frame (res://scripts/validation/permadeath_freeze_smoke.gd:152)
PERMADEATH FREEZE PASS wrote=true died=true frozen=true reloadable=false epitaph_present=true reclaim=true
=== Domain 8 title save query smoke ===
Initialize godot-rust (API v4.6.stable.official, runtime v4.7.2.stable.mono.official, safeguards balanced)
Godot Engine v4.7.2.stable.mono.official.ed1daf0bf - https://godotengine.org

ERROR: Parse JSON failed. Error at line 0: Expected 'true', 'false', or 'null', got 'not'
   at: parse_string (core/io/json.cpp:629)
   GDScript backtrace (most recent call first):
       [0] load_world (res://scripts/systems/save_load_service.gd:163)
       [1] is_continue_available (res://scripts/systems/title_save_query.gd:35)
       [2] _initialize (res://scripts/validation/title_save_query_smoke.gd:82)
WARNING: SaveLoadService: world save file is not valid JSON object
   at: push_warning (core/variant/variant_utility.cpp:1033)
   GDScript backtrace (most recent call first):
       [0] load_world (res://scripts/systems/save_load_service.gd:166)
       [1] is_continue_available (res://scripts/systems/title_save_query.gd:35)
       [2] _initialize (res://scripts/validation/title_save_query_smoke.gd:82)
TITLE SAVE QUERY PASS no_save=true has_save=true frozen_blocks=true
=== Domain 8 title screen flow smoke ===
Initialize godot-rust (API v4.6.stable.official, runtime v4.7.2.stable.mono.official, safeguards balanced)
Godot Engine v4.7.2.stable.mono.official.ed1daf0bf - https://godotengine.org

The Synaptic Sea coherent proof ship bootstrap loaded.
PLAYABLE SHIP READY player_spawned=true camera_spawned=true objectives=5 collision_shapes=112
PLAYABLE SHIP SAVED location= sequence=1
The Synaptic Sea coherent proof ship bootstrap loaded.
PLAYABLE SHIP READY player_spawned=true camera_spawned=true objectives=5 collision_shapes=112
PLAYABLE SHIP READY player_spawned=true camera_spawned=true objectives=6 collision_shapes=164
PLAYABLE SHIP LOADED sequence=3 position=(2.34,0.54,1.75)
SHIP SYSTEM UPDATED sequence=3 type=download_logs power=19 reactor=19 extraction=false route_opened=0 blockers=2
PLAYABLE INTERACTION interaction=objective:03:medbay_01:medbay_terminal objective=medbay_01:medbay_terminal sequence=3 type=download_logs room=medbay_01
TITLE SCREEN FLOW PASS new_game=true continue=true quit_signal=true
=== Domain 8 title settings smoke ===
Initialize godot-rust (API v4.6.stable.official, runtime v4.7.2.stable.mono.official, safeguards balanced)
Godot Engine v4.7.2.stable.mono.official.ed1daf0bf - https://godotengine.org

The Synaptic Sea coherent proof ship bootstrap loaded.
PLAYABLE SHIP READY player_spawned=true camera_spawned=true objectives=5 collision_shapes=112
TITLE SETTINGS PASS open=true cycle=true back=true applied=true
=== Domain 8 save load slot screen smoke ===
Initialize godot-rust (API v4.6.stable.official, runtime v4.7.2.stable.mono.official, safeguards balanced)
Godot Engine v4.7.2.stable.mono.official.ed1daf0bf - https://godotengine.org

The Synaptic Sea coherent proof ship bootstrap loaded.
PLAYABLE SHIP READY player_spawned=true camera_spawned=true objectives=5 collision_shapes=112
PLAYABLE SHIP READY player_spawned=true camera_spawned=true objectives=5 collision_shapes=112
PLAYABLE SHIP LOADED sequence=1 position=(2.34,0.54,1.75)
PLAYABLE SHIP SAVED location= sequence=1
PLAYABLE SHIP READY player_spawned=true camera_spawned=true objectives=5 collision_shapes=112
PLAYABLE SHIP LOADED sequence=77 position=(2.34,0.54,1.75)
SAVE LOAD SLOT SCREEN PASS save=true load=true delete_armed=true delete_confirmed=true
=== Domain 8 save and exit smoke ===
Initialize godot-rust (API v4.6.stable.official, runtime v4.7.2.stable.mono.official, safeguards balanced)
Godot Engine v4.7.2.stable.mono.official.ed1daf0bf - https://godotengine.org

The Synaptic Sea coherent proof ship bootstrap loaded.
PLAYABLE SHIP READY player_spawned=true camera_spawned=true objectives=5 collision_shapes=112
PLAYABLE SHIP SAVED location= sequence=2
SAVE AND EXIT PASS saved=true world_fresh=true return_signal=true
=== Domain 10 tooltip presenter model smoke ===
Initialize godot-rust (API v4.6.stable.official, runtime v4.7.2.stable.mono.official, safeguards balanced)
Godot Engine v4.7.2.stable.mono.official.ed1daf0bf - https://godotengine.org

TOOLTIP PRESENTER PASS title=Circuit Board footer=[E] Pick up
=== Domain 10 menu state model smoke ===
Initialize godot-rust (API v4.6.stable.official, runtime v4.7.2.stable.mono.official, safeguards balanced)
Godot Engine v4.7.2.stable.mono.official.ed1daf0bf - https://godotengine.org

MENU STATE PASS menus=2 navigation=true enable_toggle=true
=== Domain 10 settings state model smoke ===
Initialize godot-rust (API v4.6.stable.official, runtime v4.7.2.stable.mono.official, safeguards balanced)
Godot Engine v4.7.2.stable.mono.official.ed1daf0bf - https://godotengine.org

SETTINGS STATE PASS text_scale=1.5 hold_to_tap=true glyph=keyboard
=== Domain 10 tutorial state model smoke ===
Initialize godot-rust (API v4.6.stable.official, runtime v4.7.2.stable.mono.official, safeguards balanced)
Godot Engine v4.7.2.stable.mono.official.ed1daf0bf - https://godotengine.org

TUTORIAL STATE PASS once=true dismiss=true codex_unlocks=1
=== Task 2.1 tutorial slice coverage smoke ===
Initialize godot-rust (API v4.6.stable.official, runtime v4.7.2.stable.mono.official, safeguards balanced)
Godot Engine v4.7.2.stable.mono.official.ed1daf0bf - https://godotengine.org

TUTORIAL SLICE COVERAGE PASS tutorials=14 required=12 codex=21 emitters=12
=== Task 2.2 run results/death screen smoke ===
Initialize godot-rust (API v4.6.stable.official, runtime v4.7.2.stable.mono.official, safeguards balanced)
Godot Engine v4.7.2.stable.mono.official.ed1daf0bf - https://godotengine.org

RUN RESULTS PASS death=true extraction=true visible_text=true
=== Task 2.3 native first-run derelict candidate contract smoke ===
Initialize godot-rust (API v4.6.stable.official, runtime v4.7.2.stable.mono.official, safeguards balanced)
Godot Engine v4.7.2.stable.mono.official.ed1daf0bf - https://godotengine.org

GameplaySliceBuilder slot_fallback room=storage_09 kind=salvage
FIRST RUN CONTRACT PASS seed=42 native=true standing=true locked_rejected=true fail_closed=true
=== Domain 10 controller glyph state model smoke ===
Initialize godot-rust (API v4.6.stable.official, runtime v4.7.2.stable.mono.official, safeguards balanced)
Godot Engine v4.7.2.stable.mono.official.ed1daf0bf - https://godotengine.org

CONTROLLER GLYPH STATE PASS schemes=3 action=interact glyph=[E]
=== Domain 10 UI shell parse check ===
Initialize godot-rust (API v4.6.stable.official, runtime v4.7.2.stable.mono.official, safeguards balanced)
Godot Engine v4.7.2.stable.mono.official.ed1daf0bf - https://godotengine.org

UI SHELL PARSE PASS classes=12
=== Domain 10 UI shell save/load smoke ===
Initialize godot-rust (API v4.6.stable.official, runtime v4.7.2.stable.mono.official, safeguards balanced)
Godot Engine v4.7.2.stable.mono.official.ed1daf0bf - https://godotengine.org

The Synaptic Sea coherent proof ship bootstrap loaded.
PLAYABLE SHIP READY player_spawned=true camera_spawned=true objectives=5 collision_shapes=112
PLAYABLE SHIP SAVED location= sequence=1
PLAYABLE SHIP READY player_spawned=true camera_spawned=true objectives=5 collision_shapes=112
PLAYABLE SHIP LOADED sequence=1 position=(2.34,0.54,1.75)
UI SHELL SAVE LOAD PASS restored=true text_scale=2.0 hold_to_tap=true colorblind=deuteranopia glyph=keyboard
=== Domain 10 main playable UI shell smoke ===
Initialize godot-rust (API v4.6.stable.official, runtime v4.7.2.stable.mono.official, safeguards balanced)
Godot Engine v4.7.2.stable.mono.official.ed1daf0bf - https://godotengine.org

The Synaptic Sea coherent proof ship bootstrap loaded.
PLAYABLE SHIP READY player_spawned=true camera_spawned=true objectives=5 collision_shapes=112
MAIN PLAYABLE UI SHELL PASS boot=main_menu pause=true codex=1 hotbar=true tooltip=true chart_gated=true
=== Domain 10 main playable slice UI shell smoke ===
Initialize godot-rust (API v4.6.stable.official, runtime v4.7.2.stable.mono.official, safeguards balanced)
Godot Engine v4.7.2.stable.mono.official.ed1daf0bf - https://godotengine.org

The Synaptic Sea coherent proof ship bootstrap loaded.
PLAYABLE SHIP READY player_spawned=true camera_spawned=true objectives=5 collision_shapes=112
MAIN PLAYABLE SLICE UI SHELL PASS boot=main_menu pause=true codex=1 hotbar=true tooltip=true chart_gated=true
=== Domain 10 web chart state model smoke ===
Initialize godot-rust (API v4.6.stable.official, runtime v4.7.2.stable.mono.official, safeguards balanced)
Godot Engine v4.7.2.stable.mono.official.ed1daf0bf - https://godotengine.org

WEB CHART STATE PASS known=2 detail_upgrade=true
=== Domain 10 UI polish end-to-end smoke ===
Initialize godot-rust (API v4.6.stable.official, runtime v4.7.2.stable.mono.official, safeguards balanced)
Godot Engine v4.7.2.stable.mono.official.ed1daf0bf - https://godotengine.org

The Synaptic Sea coherent proof ship bootstrap loaded.
PLAYABLE SHIP READY player_spawned=true camera_spawned=true objectives=5 collision_shapes=112
UI POLISH PASS away_ticks=6 focus=true clear=true inventory_tooltip=true chart_gated=true chart_recorded=true
=== menu signal wiring smoke ===
Initialize godot-rust (API v4.6.stable.official, runtime v4.7.2.stable.mono.official, safeguards balanced)
Godot Engine v4.7.2.stable.mono.official.ed1daf0bf - https://godotengine.org

The Synaptic Sea coherent proof ship bootstrap loaded.
PLAYABLE SHIP READY player_spawned=true camera_spawned=true objectives=5 collision_shapes=112
ACHIEVEMENT UNLOCKED trigger=objective_completed target=objectives[0] id=objective_complete
SHIP SYSTEM UPDATED sequence=1 type=recover_supplies power=19 reactor=19 extraction=false route_opened=0 blockers=1
PLAYABLE INTERACTION interaction=objective:01:cargo_01:cargo_supply_cache objective=cargo_01:cargo_supply_cache sequence=1 type=recover_supplies room=cargo_01
ACHIEVEMENT UNLOCKED trigger=run_complete target=extraction id=extracted
META PAYOUT reason=extraction payout=10 meta_currency=350 runs_completed=9
MENU SIGNAL WIRING PASS language=true enabled_render=true credits=true metadata=true ready=true progress=true run_outcome=true
=== world migration smoke ===
Initialize godot-rust (API v4.6.stable.official, runtime v4.7.2.stable.mono.official, safeguards balanced)
Godot Engine v4.7.2.stable.mono.official.ed1daf0bf - https://godotengine.org

SAVE MIGRATION WORLD PASS unknown_version_passthrough=true legacy_home_ship_migrated=true current_world_home_ship_migrated=true
=== slot metadata smoke ===
Initialize godot-rust (API v4.6.stable.official, runtime v4.7.2.stable.mono.official, safeguards balanced)
Godot Engine v4.7.2.stable.mono.official.ed1daf0bf - https://godotengine.org

The Synaptic Sea coherent proof ship bootstrap loaded.
PLAYABLE SHIP READY player_spawned=true camera_spawned=true objectives=5 collision_shapes=112
SLOT METADATA PASS location=home play_time_real=true seed_real=true roundtrip=true
=== save slot metadata UI smoke ===
Initialize godot-rust (API v4.6.stable.official, runtime v4.7.2.stable.mono.official, safeguards balanced)
Godot Engine v4.7.2.stable.mono.official.ed1daf0bf - https://godotengine.org

The Synaptic Sea coherent proof ship bootstrap loaded.
PLAYABLE SHIP READY player_spawned=true camera_spawned=true objectives=5 collision_shapes=112
SAVE SLOT METADATA UI PASS location=true class=true obj=true play_time=true seed=true
=== Tranche 3 sanity state model smoke ===
Initialize godot-rust (API v4.6.stable.official, runtime v4.7.2.stable.mono.official, safeguards balanced)
Godot Engine v4.7.2.stable.mono.official.ed1daf0bf - https://godotengine.org

SANITY STATE PASS drain=35.0 recovery=35.0 pressure=true
=== Tranche 3 radiation state model smoke ===
Initialize godot-rust (API v4.6.stable.official, runtime v4.7.2.stable.mono.official, safeguards balanced)
Godot Engine v4.7.2.stable.mono.official.ed1daf0bf - https://godotengine.org

RADIATION STATE PASS accumulation=true drain=true decay=true
=== Tranche 3 body temperature state model smoke ===
Initialize godot-rust (API v4.6.stable.official, runtime v4.7.2.stable.mono.official, safeguards balanced)
Godot Engine v4.7.2.stable.mono.official.ed1daf0bf - https://godotengine.org

BODY TEMPERATURE STATE PASS safe=false extreme=true recovery=true
=== Tranche 3 status effects model smoke ===
Initialize godot-rust (API v4.6.stable.official, runtime v4.7.2.stable.mono.official, safeguards balanced)
Godot Engine v4.7.2.stable.mono.official.ed1daf0bf - https://godotengine.org

STATUS EFFECTS PASS count=2 expired=true modifier=1.00
=== Tranche 3 addiction state model smoke ===
Initialize godot-rust (API v4.6.stable.official, runtime v4.7.2.stable.mono.official, safeguards balanced)
Godot Engine v4.7.2.stable.mono.official.ed1daf0bf - https://godotengine.org

ADDICTION STATE PASS tolerance=0.70 dependence=1.10 withdrawal=true cleared=true
=== Tranche 3 damage pipeline model smoke ===
Initialize godot-rust (API v4.6.stable.official, runtime v4.7.2.stable.mono.official, safeguards balanced)
Godot Engine v4.7.2.stable.mono.official.ed1daf0bf - https://godotengine.org

DAMAGE PIPELINE PASS vitals=65.0 threat=19.0 absorbed=10.0 status=true
=== Tranche 3 life support state model smoke ===
Initialize godot-rust (API v4.6.stable.official, runtime v4.7.2.stable.mono.official, safeguards balanced)
Godot Engine v4.7.2.stable.mono.official.ed1daf0bf - https://godotengine.org

LIFE SUPPORT STATE PASS offline_drain=true recovery=true round_trip=true
=== Tranche 3 save migration service model smoke ===
Initialize godot-rust (API v4.6.stable.official, runtime v4.7.2.stable.mono.official, safeguards balanced)
Godot Engine v4.7.2.stable.mono.official.ed1daf0bf - https://godotengine.org

SAVE MIGRATION SERVICE PASS
=== Tranche 3 world snapshot model smoke ===
Initialize godot-rust (API v4.6.stable.official, runtime v4.7.2.stable.mono.official, safeguards balanced)
Godot Engine v4.7.2.stable.mono.official.ed1daf0bf - https://godotengine.org

WORLD SNAPSHOT PASS round_trip=true version_gated=true
=== Tranche 3 save slot state model smoke ===
Initialize godot-rust (API v4.6.stable.official, runtime v4.7.2.stable.mono.official, safeguards balanced)
Godot Engine v4.7.2.stable.mono.official.ed1daf0bf - https://godotengine.org

ERROR: Parse JSON failed. Error at line 0: Expected 'true', 'false', or 'null', got 'not'
   at: parse_string (core/io/json.cpp:629)
   GDScript backtrace (most recent call first):
       [0] load_from_slot (res://scripts/systems/save_load_service.gd:324)
       [1] _initialize (res://scripts/validation/save_slot_state_smoke.gd:120)
WARNING: SaveLoadService: slot file is not valid JSON object, slot_id=slot_03
   at: push_warning (core/variant/variant_utility.cpp:1033)
   GDScript backtrace (most recent call first):
       [0] load_from_slot (res://scripts/systems/save_load_service.gd:327)
       [1] _initialize (res://scripts/validation/save_slot_state_smoke.gd:120)
SAVE SLOT STATE PASS
=== Tranche 3 autosave policy model smoke ===
Initialize godot-rust (API v4.6.stable.official, runtime v4.7.2.stable.mono.official, safeguards balanced)
Godot Engine v4.7.2.stable.mono.official.ed1daf0bf - https://godotengine.org

AUTOSAVE POLICY PASS
=== Tranche 3 synaptic sea world model smoke ===
Initialize godot-rust (API v4.6.stable.official, runtime v4.7.2.stable.mono.official, safeguards balanced)
Godot Engine v4.7.2.stable.mono.official.ed1daf0bf - https://godotengine.org

SYNAPTIC_SEA WORLD PASS in_range_sorted=true generated=true round_trip=true
=== Tranche 3 meta snapshot model smoke ===
Initialize godot-rust (API v4.6.stable.official, runtime v4.7.2.stable.mono.official, safeguards balanced)
Godot Engine v4.7.2.stable.mono.official.ed1daf0bf - https://godotengine.org

WARNING: MetaProgressionState: schema mismatch ('meta-progression-0-legacy' != 'meta-progression-1'); best-effort apply of known fields
   at: push_warning (core/variant/variant_utility.cpp:1033)
   GDScript backtrace (most recent call first):
       [0] _warn_schema_once (res://scripts/systems/meta_progression_state.gd:275)
       [1] apply_summary (res://scripts/systems/meta_progression_state.gd:215)
       [2] _initialize (res://scripts/validation/meta_snapshot_smoke.gd:71)
META SNAPSHOT NOTE: real meta_progression.json present on disk; loaded.
META SNAPSHOT PASS meta=true unlocks=true boundary=true
=== Tranche 3 world save service smoke ===
Initialize godot-rust (API v4.6.stable.official, runtime v4.7.2.stable.mono.official, safeguards balanced)
Godot Engine v4.7.2.stable.mono.official.ed1daf0bf - https://godotengine.org

WARNING: SaveLoadService: cannot save null world snapshot
   at: push_warning (core/variant/variant_utility.cpp:1033)
   GDScript backtrace (most recent call first):
       [0] save_world (res://scripts/systems/save_load_service.gd:106)
       [1] _initialize (res://scripts/validation/world_save_service_smoke.gd:44)
WORLD SAVE SERVICE PASS disk_round_trip=true rejects_null=true
=== Tranche 3 interactable distance fallback smoke ===
Initialize godot-rust (API v4.6.stable.official, runtime v4.7.2.stable.mono.official, safeguards balanced)
Godot Engine v4.7.2.stable.mono.official.ed1daf0bf - https://godotengine.org

INTERACTABLE DISTANCE FALLBACK PASS completed_count=1
=== Tranche 3 vitals save/load main-scene smoke ===
Initialize godot-rust (API v4.6.stable.official, runtime v4.7.2.stable.mono.official, safeguards balanced)
Godot Engine v4.7.2.stable.mono.official.ed1daf0bf - https://godotengine.org

The Synaptic Sea coherent proof ship bootstrap loaded.
PLAYABLE SHIP READY player_spawned=true camera_spawned=true objectives=5 collision_shapes=112
VITALS SAVE LOAD PASS vitals=true sanity=true radiation=true temperature=true status=true
=== Tranche 3 vitals full main-scene smoke ===
Initialize godot-rust (API v4.6.stable.official, runtime v4.7.2.stable.mono.official, safeguards balanced)
Godot Engine v4.7.2.stable.mono.official.ed1daf0bf - https://godotengine.org

The Synaptic Sea coherent proof ship bootstrap loaded.
PLAYABLE SHIP READY player_spawned=true camera_spawned=true objectives=5 collision_shapes=112
MAIN PLAYABLE VITALS FULL PASS panel=true health=true stamina=true hunger=true thirst=true sanity=true radiation=true temperature=true status=true
=== Tranche 3 HUD main-scene smoke ===
Initialize godot-rust (API v4.6.stable.official, runtime v4.7.2.stable.mono.official, safeguards balanced)
Godot Engine v4.7.2.stable.mono.official.ed1daf0bf - https://godotengine.org

The Synaptic Sea coherent proof ship bootstrap loaded.
PLAYABLE SHIP READY player_spawned=true camera_spawned=true objectives=5 collision_shapes=112
MAIN PLAYABLE SLICE HUD PASS canvas_layer=true width=520 current_sequence=1
=== Tranche 3 derelict gameplay main-scene smoke ===
Initialize godot-rust (API v4.6.stable.official, runtime v4.7.2.stable.mono.official, safeguards balanced)
Godot Engine v4.7.2.stable.mono.official.ed1daf0bf - https://godotengine.org

The Synaptic Sea coherent proof ship bootstrap loaded.
PLAYABLE SHIP READY player_spawned=true camera_spawned=true objectives=5 collision_shapes=112
DERELICT OBJECTIVE COMPLETE marker=0:0:0 sequence=1 type=salvage cleared=false
DERELICT OBJECTIVE COMPLETE marker=0:0:0 sequence=2 type=salvage cleared=false
DERELICT OBJECTIVE COMPLETE marker=0:0:0 sequence=3 type=salvage cleared=false
DERELICT OBJECTIVE COMPLETE marker=0:0:0 sequence=4 type=salvage cleared=false
DERELICT OBJECTIVE COMPLETE marker=0:0:0 sequence=5 type=interact cleared=true
DERELICT GAMEPLAY PASS built=true cleared=true persists=true home_intact=true
=== Tranche 3 world persist/restore main-scene smoke ===
Initialize godot-rust (API v4.6.stable.official, runtime v4.7.2.stable.mono.official, safeguards balanced)
Godot Engine v4.7.2.stable.mono.official.ed1daf0bf - https://godotengine.org

The Synaptic Sea coherent proof ship bootstrap loaded.
PLAYABLE SHIP READY player_spawned=true camera_spawned=true objectives=5 collision_shapes=112
WORLD PERSIST RESTORE PASS registered=true state_preserved=true revisit_restores=true travel_home=true
=== Tranche 3 world save anywhere main-scene smoke ===
Initialize godot-rust (API v4.6.stable.official, runtime v4.7.2.stable.mono.official, safeguards balanced)
Godot Engine v4.7.2.stable.mono.official.ed1daf0bf - https://godotengine.org

The Synaptic Sea coherent proof ship bootstrap loaded.
PLAYABLE SHIP READY player_spawned=true camera_spawned=true objectives=5 collision_shapes=112
DERELICT OBJECTIVE COMPLETE marker=0:0:0 sequence=1 type=salvage cleared=false
PLAYABLE SHIP SAVED location=0:0:0 sequence=1
PLAYABLE SHIP READY player_spawned=true camera_spawned=true objectives=5 collision_shapes=112
PLAYABLE SHIP LOADED sequence=1 position=(4.00,0.00,2.00)
PLAYABLE SHIP SAVED location= sequence=1
PLAYABLE SHIP READY player_spawned=true camera_spawned=true objectives=5 collision_shapes=112
PLAYABLE SHIP LOADED sequence=1 position=(-120.00,1.50,-17.00)
WORLD SAVE ANYWHERE PASS away_save=true location_restored=true state_restored=true home_save=true
=== Tranche 3 input-action idempotency smoke ===
Initialize godot-rust (API v4.6.stable.official, runtime v4.7.2.stable.mono.official, safeguards balanced)
Godot Engine v4.7.2.stable.mono.official.ed1daf0bf - https://godotengine.org

The Synaptic Sea coherent proof ship bootstrap loaded.
PLAYABLE SHIP READY player_spawned=true camera_spawned=true objectives=5 collision_shapes=112
IDEMPOTENCY PASS actions=7 no_duplicates_after_second_call=true
=== Tranche 3 progression main-scene smoke ===
Initialize godot-rust (API v4.6.stable.official, runtime v4.7.2.stable.mono.official, safeguards balanced)
Godot Engine v4.7.2.stable.mono.official.ed1daf0bf - https://godotengine.org

The Synaptic Sea coherent proof ship bootstrap loaded.
PLAYABLE SHIP READY player_spawned=true camera_spawned=true objectives=5 collision_shapes=112
ACHIEVEMENT UNLOCKED trigger=objective_completed target=objectives[0] id=objective_complete
SHIP SYSTEM UPDATED sequence=1 type=recover_supplies power=20 reactor=20 extraction=false route_opened=0 blockers=1
PLAYABLE INTERACTION interaction=objective:01:cargo_01:cargo_supply_cache objective=cargo_01:cargo_supply_cache sequence=1 type=recover_supplies room=cargo_01
ACHIEVEMENT UNLOCKED trigger=loot_searched target=start_supply_a id=first_loot
LOOT CONTAINER SEARCHED marker= container=start_supply_a granted=1
OBJECTIVE STEP COMPLETED sequence=2 step=primary_coupling progress=1/2
OBJECTIVE STEP COMPLETED sequence=2 step=secondary_coupling progress=2/2
ACHIEVEMENT UNLOCKED trigger=objective_completed target=restore_systems id=all_systems_restored
SHIP SYSTEM UPDATED sequence=2 type=restore_systems power=20 reactor=20 extraction=false route_opened=1 blockers=0
PLAYABLE INTERACTION interaction=objective:02:maintenance_01:junction_alpha:secondary_coupling objective=maintenance_01:junction_alpha sequence=2 type=restore_systems room=maintenance_01
PLAYABLE SHIP SAVED location= sequence=3
PLAYABLE SHIP READY player_spawned=true camera_spawned=true objectives=5 collision_shapes=112
PLAYABLE SHIP LOADED sequence=3 position=(20.00,4.12,8.00)
MAIN PLAYABLE PROGRESSION PASS class=engineer repair_xp_gained=true hud=true round_trip=true
=== Tranche 3 phase timer model smoke ===
Initialize godot-rust (API v4.6.stable.official, runtime v4.7.2.stable.mono.official, safeguards balanced)
Godot Engine v4.7.2.stable.mono.official.ed1daf0bf - https://godotengine.org

PHASE TIMER PASS clamp=true boundary=true carry=true single_flip=true progress=true durations=true
=== Tranche 3 interactable body-entered physics smoke ===
Initialize godot-rust (API v4.6.stable.official, runtime v4.7.2.stable.mono.official, safeguards balanced)
Godot Engine v4.7.2.stable.mono.official.ed1daf0bf - https://godotengine.org

INTERACTABLE BODY ENTERED PASS far_null=true entered=true interact=true exited_cleared=true
=== Tranche 4 audio log panel smoke ===
Initialize godot-rust (API v4.6.stable.official, runtime v4.7.2.stable.mono.official, safeguards balanced)
Godot Engine v4.7.2.stable.mono.official.ed1daf0bf - https://godotengine.org

PLAYABLE SHIP READY player_spawned=true camera_spawned=true objectives=6 collision_shapes=164
WARNING: AudioManager: stream file missing, path='res://data/audio/voice/log_beacon_01.ogg'
   at: push_warning (core/variant/variant_utility.cpp:1033)
   GDScript backtrace (most recent call first):
       [0] _load_stream_cached (res://scripts/audio/audio_manager.gd:437)
       [1] _play_via_bus (res://scripts/audio/audio_manager.gd:476)
       [2] play_voice_log (res://scripts/audio/audio_manager.gd:397)
       [3] _on_play_pressed (res://scripts/ui/audio_log_panel.gd:121)
       [4] _validate (res://scripts/validation/audio_log_panel_smoke.gd:98)
       [5] _on_process_frame (res://scripts/validation/audio_log_panel_smoke.gd:60)
AUDIO LOG PANEL PASS entries=6 play=true stop=true clip_attempted=true populated_gate=true
=== Tranche 4 settings difficulty label smoke ===
Initialize godot-rust (API v4.6.stable.official, runtime v4.7.2.stable.mono.official, safeguards balanced)
Godot Engine v4.7.2.stable.mono.official.ed1daf0bf - https://godotengine.org

SETTINGS DIFFICULTY LABEL PASS standard=x1.0 hardened=x1.4 deep_dive=x1.7 delegation=true
=== Tranche 4 panel menu-modal guard smoke ===
Initialize godot-rust (API v4.6.stable.official, runtime v4.7.2.stable.mono.official, safeguards balanced)
Godot Engine v4.7.2.stable.mono.official.ed1daf0bf - https://godotengine.org

PLAYABLE SHIP READY player_spawned=true camera_spawned=true objectives=6 collision_shapes=164
PANEL MENU MODAL GUARD PASS scanner_blocked=true chart_blocked=true inventory_blocked=true reopens=true
=== Tranche 5 layout schema coherence smoke ===
Initialize godot-rust (API v4.6.stable.official, runtime v4.7.2.stable.mono.official, safeguards balanced)
Godot Engine v4.7.2.stable.mono.official.ed1daf0bf - https://godotengine.org

LAYOUT SCHEMA COHERENCE PASS goldens=3 version_match=true keys_match=true
=== Tranche 5 derelict fire zone marker smoke ===
Initialize godot-rust (API v4.6.stable.official, runtime v4.7.2.stable.mono.official, safeguards balanced)
Godot Engine v4.7.2.stable.mono.official.ed1daf0bf - https://godotengine.org

The Synaptic Sea coherent proof ship bootstrap loaded.
PLAYABLE SHIP READY player_spawned=true camera_spawned=true objectives=5 collision_shapes=112
DERELICT FIRE ZONE MARKER PASS boarded=true marker_position_used=true spec_meta=true fallback_intact=true
=== archetype load smoke ===
Initialize godot-rust (API v4.6.stable.official, runtime v4.7.2.stable.mono.official, safeguards balanced)
Godot Engine v4.7.2.stable.mono.official.ed1daf0bf - https://godotengine.org

GameplaySliceBuilder slot_fallback room=armory_01 kind=salvage
GameplaySliceBuilder slot_fallback room=bridge_01 kind=salvage
GameplaySliceBuilder slot_fallback room=medical_01 kind=salvage
ARCHETYPE LOAD PASS archetypes=3 round_trip=3
=== biome profile smoke ===
Initialize godot-rust (API v4.6.stable.official, runtime v4.7.2.stable.mono.official, safeguards balanced)
Godot Engine v4.7.2.stable.mono.official.ed1daf0bf - https://godotengine.org

BIOME PROFILE PASS biomes=3 modifiers=ok hazard_override=ok empty_safe=true select_deterministic=true density_scales=true
=== room graph smoke ===
Initialize godot-rust (API v4.6.stable.official, runtime v4.7.2.stable.mono.official, safeguards balanced)
Godot Engine v4.7.2.stable.mono.official.ed1daf0bf - https://godotengine.org

ROOM GRAPH PASS rooms=3 links=2 connected=true disconnected_detected=true serialization=true
=== ship blueprint smoke ===
Initialize godot-rust (API v4.6.stable.official, runtime v4.7.2.stable.mono.official, safeguards balanced)
Godot Engine v4.7.2.stable.mono.official.ed1daf0bf - https://godotengine.org

SHIP BLUEPRINT PASS sizes=3 conditions=3 serialization=true
=== topology template smoke ===
Initialize godot-rust (API v4.6.stable.official, runtime v4.7.2.stable.mono.official, safeguards balanced)
Godot Engine v4.7.2.stable.mono.official.ed1daf0bf - https://godotengine.org

TOPOLOGY TEMPLATE PASS from_dict=true get_zone=true attached=true count_types=true
=== template data smoke ===
Initialize godot-rust (API v4.6.stable.official, runtime v4.7.2.stable.mono.official, safeguards balanced)
Godot Engine v4.7.2.stable.mono.official.ed1daf0bf - https://godotengine.org

TEMPLATE DATA PASS templates=3 all_valid=true
=== template selector smoke ===
Initialize godot-rust (API v4.6.stable.official, runtime v4.7.2.stable.mono.official, safeguards balanced)
Godot Engine v4.7.2.stable.mono.official.ed1daf0bf - https://godotengine.org

TEMPLATE SELECTOR PASS explicit=true deterministic=true varied=true
=== marker generator smoke ===
Initialize godot-rust (API v4.6.stable.official, runtime v4.7.2.stable.mono.official, safeguards balanced)
Godot Engine v4.7.2.stable.mono.official.ed1daf0bf - https://godotengine.org

MARKER GENERATOR PASS deterministic=true per_cell=3 round_trip=true
=== wall door resolver smoke ===
Initialize godot-rust (API v4.6.stable.official, runtime v4.7.2.stable.mono.official, safeguards balanced)
Godot Engine v4.7.2.stable.mono.official.ed1daf0bf - https://godotengine.org

WALL DOOR RESOLVER PASS walls=true portals=true interior=true no_conflict=true
=== socketed enclosure smoke ===
Initialize godot-rust (API v4.6.stable.official, runtime v4.7.2.stable.mono.official, safeguards balanced)
Godot Engine v4.7.2.stable.mono.official.ed1daf0bf - https://godotengine.org

SOCKETED ENCLOSURE PASS no_floor_only=true no_room_gap=true sockets_consumed=true watertight=true corners_used=true floor_socket_axes=true hub_plan=true
=== enclosed slot fill smoke ===
Initialize godot-rust (API v4.6.stable.official, runtime v4.7.2.stable.mono.official, safeguards balanced)
Godot Engine v4.7.2.stable.mono.official.ed1daf0bf - https://godotengine.org

GameplaySliceBuilder slot_fallback room=cargo_01 kind=salvage
GameplaySliceBuilder slot_fallback room=bridge_01 kind=loot
GameplaySliceBuilder slot_fallback room=cargo_01 kind=loot
GameplaySliceBuilder slot_fallback room=cargo_01 kind=salvage
GameplaySliceBuilder slot_fallback room=bridge_01 kind=loot
GameplaySliceBuilder slot_fallback room=bridge_01 kind=loot
GameplaySliceBuilder slot_fallback room=crew_quarters_01 kind=salvage
GameplaySliceBuilder slot_fallback room=bridge_01 kind=loot
ENCLOSED SLOT FILL PASS loot_on_slot=true no_floor_dump=true components_on_cell=true dressing=true
=== seed determinism smoke ===
Initialize godot-rust (API v4.6.stable.official, runtime v4.7.2.stable.mono.official, safeguards balanced)
Godot Engine v4.7.2.stable.mono.official.ed1daf0bf - https://godotengine.org

SEED DETERMINISM PASS fnv_empty=ok fnv_hello=ok match=true golden_match=true seeds_differ=true hash=1f21fc4d4ab9113a
=== cell layout engine smoke ===
Initialize godot-rust (API v4.6.stable.official, runtime v4.7.2.stable.mono.official, safeguards balanced)
Godot Engine v4.7.2.stable.mono.official.ed1daf0bf - https://godotengine.org

CELL LAYOUT ENGINE PASS rooms=6 adjacencies=6 no_overlap=true connected=true deterministic=true connections_wired=true stacked_v2_elevator=true
=== room assigner smoke ===
Initialize godot-rust (API v4.6.stable.official, runtime v4.7.2.stable.mono.official, safeguards balanced)
Godot Engine v4.7.2.stable.mono.official.ed1daf0bf - https://godotengine.org

ROOM ASSIGNER PASS rooms=5 first=airlock last=reactor keys=valid ids=unique deterministic=true guaranteed=enforced max_duplicates=enforced
=== layout serializer smoke ===
Initialize godot-rust (API v4.6.stable.official, runtime v4.7.2.stable.mono.official, safeguards balanced)
Godot Engine v4.7.2.stable.mono.official.ed1daf0bf - https://godotengine.org

LAYOUT SERIALIZER PASS keys=valid rooms=2 schema=1.2.0 golden_format=true prototype=valid critical_path=valid portals_json=true link_deck=true
=== ship layout generator smoke ===
Initialize godot-rust (API v4.6.stable.official, runtime v4.7.2.stable.mono.official, safeguards balanced)
Godot Engine v4.7.2.stable.mono.official.ed1daf0bf - https://godotengine.org

SHIP LAYOUT GENERATOR PASS spine=true bifurcated=true stacked=true deterministic=true varied=true
=== ship layout integration smoke ===
Initialize godot-rust (API v4.6.stable.official, runtime v4.7.2.stable.mono.official, safeguards balanced)
Godot Engine v4.7.2.stable.mono.official.ed1daf0bf - https://godotengine.org

SHIP LAYOUT INTEGRATION PASS generated=21/21 deterministic=true json_roundtrip=true
=== room graph generator smoke ===
Initialize godot-rust (API v4.6.stable.official, runtime v4.7.2.stable.mono.official, safeguards balanced)
Godot Engine v4.7.2.stable.mono.official.ed1daf0bf - https://godotengine.org

ROOM GRAPH GENERATOR PASS life_boat=4 small=5 medium=8 deterministic=true
=== structural placer smoke ===
Initialize godot-rust (API v4.6.stable.official, runtime v4.7.2.stable.mono.official, safeguards balanced)
Godot Engine v4.7.2.stable.mono.official.ed1daf0bf - https://godotengine.org

STRUCTURAL PLACER PASS rooms=10 modules=24 second_rooms=8 second_modules=20 unknown_role_fallback=ok
=== encounter injector smoke ===
Initialize godot-rust (API v4.6.stable.official, runtime v4.7.2.stable.mono.official, safeguards balanced)
Godot Engine v4.7.2.stable.mono.official.ed1daf0bf - https://godotengine.org

WARNING: EncounterInjector: encounter table file missing, falling back to role constants: res://data/procgen/encounter_tables/no_such_table.json
   at: push_warning (core/variant/variant_utility.cpp:1033)
   GDScript backtrace (most recent call first):
       [0] _load_encounter_table (res://scripts/procgen/encounter_injector.gd:584)
       [1] _table_rolls_for_role (res://scripts/procgen/encounter_injector.gd:565)
       [2] inject (res://scripts/procgen/encounter_injector.gd:220)
       [3] _initialize (res://scripts/validation/encounter_injector_smoke.gd:383)
ENCOUNTER INJECTOR PASS std_markers=0 deep_markers=4 markers_valid=true deterministic=true critical_safe=true legacy_compat=true table_driven=true table_fallback=true
=== gameplay slice builder smoke ===
Initialize godot-rust (API v4.6.stable.official, runtime v4.7.2.stable.mono.official, safeguards balanced)
Godot Engine v4.7.2.stable.mono.official.ed1daf0bf - https://godotengine.org

GameplaySliceBuilder slot_fallback room=crew_quarters_01 kind=salvage
GameplaySliceBuilder slot_fallback room=armory_01 kind=salvage
GameplaySliceBuilder slot_fallback room=armory_02 kind=salvage
GameplaySliceBuilder slot_fallback room=medical_01 kind=salvage
GameplaySliceBuilder slot_fallback room=storage_02 kind=salvage
GameplaySliceBuilder slot_fallback room=crew_quarters_01 kind=salvage
GAMEPLAY_SLICE_BUILDER PASS all 9 layouts produced valid slices loot_containers=true salvage_tables=true
=== template c traversal smoke ===
Initialize godot-rust (API v4.6.stable.official, runtime v4.7.2.stable.mono.official, safeguards balanced)
Godot Engine v4.7.2.stable.mono.official.ed1daf0bf - https://godotengine.org

TEMPLATE C TRAVERSAL PASS transitions_checked=1 missing=ok deck=ok cell=ok self=ok critical_path=ok pipeline_transitions=1
=== derelict generator smoke ===
Initialize godot-rust (API v4.6.stable.official, runtime v4.7.2.stable.mono.official, safeguards balanced)
Godot Engine v4.7.2.stable.mono.official.ed1daf0bf - https://godotengine.org

WARNING: RoomAssigner: guaranteed role 'dock' has no eligible zone in this template; guarantee skipped
   at: push_warning (core/variant/variant_utility.cpp:1033)
   GDScript backtrace (most recent call first):
       [0] _enforce_guaranteed_roles (res://scripts/procgen/room_assigner.gd:216)
       [1] assign_with_selector (res://scripts/procgen/room_assigner.gd:165)
       [2] assign (res://scripts/procgen/room_assigner.gd:63)
       [3] _generate_once (res://scripts/procgen/ship_layout_generator.gd:121)
       [4] generate_with_options (res://scripts/procgen/ship_layout_generator.gd:78)
       [5] generate (res://scripts/procgen/ship_generator.gd:71)
       [6] _initialize (res://scripts/validation/derelict_generator_smoke.gd:86)
GameplaySliceBuilder slot_fallback room=armory_01 kind=salvage
WARNING: RoomAssigner: guaranteed role 'dock' has no eligible zone in this template; guarantee skipped
   at: push_warning (core/variant/variant_utility.cpp:1033)
   GDScript backtrace (most recent call first):
       [0] _enforce_guaranteed_roles (res://scripts/procgen/room_assigner.gd:216)
       [1] assign_with_selector (res://scripts/procgen/room_assigner.gd:165)
       [2] assign (res://scripts/procgen/room_assigner.gd:63)
       [3] _generate_once (res://scripts/procgen/ship_layout_generator.gd:121)
       [4] generate_with_options (res://scripts/procgen/ship_layout_generator.gd:78)
       [5] generate (res://scripts/procgen/ship_generator.gd:71)
       [6] _initialize (res://scripts/validation/derelict_generator_smoke.gd:86)
WARNING: RoomAssigner: guaranteed role 'dock' has no eligible zone in this template; guarantee skipped
   at: push_warning (core/variant/variant_utility.cpp:1033)
   GDScript backtrace (most recent call first):
       [0] _enforce_guaranteed_roles (res://scripts/procgen/room_assigner.gd:216)
       [1] assign_with_selector (res://scripts/procgen/room_assigner.gd:165)
       [2] assign (res://scripts/procgen/room_assigner.gd:63)
       [3] _generate_once (res://scripts/procgen/ship_layout_generator.gd:121)
       [4] generate_with_options (res://scripts/procgen/ship_layout_generator.gd:78)
       [5] generate (res://scripts/procgen/ship_generator.gd:71)
       [6] _initialize (res://scripts/validation/derelict_generator_smoke.gd:86)
GameplaySliceBuilder slot_fallback room=crew_quarters_01 kind=salvage
GameplaySliceBuilder slot_fallback room=storage_01 kind=salvage
WARNING: RoomAssigner: guaranteed role 'dock' has no eligible zone in this template; guarantee skipped
   at: push_warning (core/variant/variant_utility.cpp:1033)
   GDScript backtrace (most recent call first):
       [0] _enforce_guaranteed_roles (res://scripts/procgen/room_assigner.gd:216)
       [1] assign_with_selector (res://scripts/procgen/room_assigner.gd:165)
       [2] assign (res://scripts/procgen/room_assigner.gd:63)
       [3] _generate_once (res://scripts/procgen/ship_layout_generator.gd:121)
       [4] generate_with_options (res://scripts/procgen/ship_layout_generator.gd:78)
       [5] generate (res://scripts/procgen/ship_generator.gd:71)
       [6] _initialize (res://scripts/validation/derelict_generator_smoke.gd:86)
GameplaySliceBuilder slot_fallback room=armory_01 kind=salvage
WARNING: RoomAssigner: guaranteed role 'dock' has no eligible zone in this template; guarantee skipped
   at: push_warning (core/variant/variant_utility.cpp:1033)
   GDScript backtrace (most recent call first):
       [0] _enforce_guaranteed_roles (res://scripts/procgen/room_assigner.gd:216)
       [1] assign_with_selector (res://scripts/procgen/room_assigner.gd:165)
       [2] assign (res://scripts/procgen/room_assigner.gd:63)
       [3] _generate_once (res://scripts/procgen/ship_layout_generator.gd:121)
       [4] generate_with_options (res://scripts/procgen/ship_layout_generator.gd:78)
       [5] generate (res://scripts/procgen/ship_generator.gd:71)
       [6] _initialize (res://scripts/validation/derelict_generator_smoke.gd:86)
WARNING: RoomAssigner: guaranteed role 'dock' has no eligible zone in this template; guarantee skipped
   at: push_warning (core/variant/variant_utility.cpp:1033)
   GDScript backtrace (most recent call first):
       [0] _enforce_guaranteed_roles (res://scripts/procgen/room_assigner.gd:216)
       [1] assign_with_selector (res://scripts/procgen/room_assigner.gd:165)
       [2] assign (res://scripts/procgen/room_assigner.gd:63)
       [3] _generate_once (res://scripts/procgen/ship_layout_generator.gd:121)
       [4] generate_with_options (res://scripts/procgen/ship_layout_generator.gd:78)
       [5] generate (res://scripts/procgen/ship_generator.gd:71)
       [6] _initialize (res://scripts/validation/derelict_generator_smoke.gd:86)
GameplaySliceBuilder slot_fallback room=armory_01 kind=salvage
WARNING: RoomAssigner: guaranteed role 'dock' has no eligible zone in this template; guarantee skipped
   at: push_warning (core/variant/variant_utility.cpp:1033)
   GDScript backtrace (most recent call first):
       [0] _enforce_guaranteed_roles (res://scripts/procgen/room_assigner.gd:216)
       [1] assign_with_selector (res://scripts/procgen/room_assigner.gd:165)
       [2] assign (res://scripts/procgen/room_assigner.gd:63)
       [3] _generate_once (res://scripts/procgen/ship_layout_generator.gd:121)
       [4] generate_with_options (res://scripts/procgen/ship_layout_generator.gd:78)
       [5] generate (res://scripts/procgen/ship_generator.gd:71)
       [6] _initialize (res://scripts/validation/derelict_generator_smoke.gd:86)
GameplaySliceBuilder slot_fallback room=armory_01 kind=salvage
WARNING: RoomAssigner: guaranteed role 'dock' has no eligible zone in this template; guarantee skipped
   at: push_warning (core/variant/variant_utility.cpp:1033)
   GDScript backtrace (most recent call first):
       [0] _enforce_guaranteed_roles (res://scripts/procgen/room_assigner.gd:216)
       [1] assign_with_selector (res://scripts/procgen/room_assigner.gd:165)
       [2] assign (res://scripts/procgen/room_assigner.gd:63)
       [3] _generate_once (res://scripts/procgen/ship_layout_generator.gd:121)
       [4] generate_with_options (res://scripts/procgen/ship_layout_generator.gd:78)
       [5] generate (res://scripts/procgen/ship_generator.gd:71)
       [6] _initialize (res://scripts/validation/derelict_generator_smoke.gd:86)
WARNING: RoomAssigner: guaranteed role 'dock' has no eligible zone in this template; guarantee skipped
   at: push_warning (core/variant/variant_utility.cpp:1033)
   GDScript backtrace (most recent call first):
       [0] _enforce_guaranteed_roles (res://scripts/procgen/room_assigner.gd:216)
       [1] assign_with_selector (res://scripts/procgen/room_assigner.gd:165)
       [2] assign (res://scripts/procgen/room_assigner.gd:63)
       [3] _generate_once (res://scripts/procgen/ship_layout_generator.gd:121)
       [4] generate_with_options (res://scripts/procgen/ship_layout_generator.gd:78)
       [5] generate (res://scripts/procgen/ship_generator.gd:71)
       [6] _initialize (res://scripts/validation/derelict_generator_smoke.gd:86)
GameplaySliceBuilder slot_fallback room=crew_quarters_01 kind=salvage
GameplaySliceBuilder slot_fallback room=cargo_01 kind=salvage
WARNING: RoomAssigner: guaranteed role 'dock' has no eligible zone in this template; guarantee skipped
   at: push_warning (core/variant/variant_utility.cpp:1033)
   GDScript backtrace (most recent call first):
       [0] _enforce_guaranteed_roles (res://scripts/procgen/room_assigner.gd:216)
       [1] assign_with_selector (res://scripts/procgen/room_assigner.gd:165)
       [2] assign (res://scripts/procgen/room_assigner.gd:63)
       [3] _generate_once (res://scripts/procgen/ship_layout_generator.gd:121)
       [4] generate_with_options (res://scripts/procgen/ship_layout_generator.gd:78)
       [5] generate (res://scripts/procgen/ship_generator.gd:71)
       [6] _initialize (res://scripts/validation/derelict_generator_smoke.gd:86)
WARNING: RoomAssigner: guaranteed role 'dock' has no eligible zone in this template; guarantee skipped
   at: push_warning (core/variant/variant_utility.cpp:1033)
   GDScript backtrace (most recent call first):
       [0] _enforce_guaranteed_roles (res://scripts/procgen/room_assigner.gd:216)
       [1] assign_with_selector (res://scripts/procgen/room_assigner.gd:165)
       [2] assign (res://scripts/procgen/room_assigner.gd:63)
       [3] _generate_once (res://scripts/procgen/ship_layout_generator.gd:121)
       [4] generate_with_options (res://scripts/procgen/ship_layout_generator.gd:78)
       [5] generate (res://scripts/procgen/ship_generator.gd:71)
       [6] _initialize (res://scripts/validation/derelict_generator_smoke.gd:86)
WARNING: RoomAssigner: guaranteed role 'dock' has no eligible zone in this template; guarantee skipped
   at: push_warning (core/variant/variant_utility.cpp:1033)
   GDScript backtrace (most recent call first):
       [0] _enforce_guaranteed_roles (res://scripts/procgen/room_assigner.gd:216)
       [1] assign_with_selector (res://scripts/procgen/room_assigner.gd:165)
       [2] assign (res://scripts/procgen/room_assigner.gd:63)
       [3] _generate_once (res://scripts/procgen/ship_layout_generator.gd:121)
       [4] generate_with_options (res://scripts/procgen/ship_layout_generator.gd:78)
       [5] generate (res://scripts/procgen/ship_generator.gd:71)
       [6] _initialize (res://scripts/validation/derelict_generator_smoke.gd:86)
GameplaySliceBuilder slot_fallback room=medical_01 kind=salvage
WARNING: RoomAssigner: guaranteed role 'dock' has no eligible zone in this template; guarantee skipped
   at: push_warning (core/variant/variant_utility.cpp:1033)
   GDScript backtrace (most recent call first):
       [0] _enforce_guaranteed_roles (res://scripts/procgen/room_assigner.gd:216)
       [1] assign_with_selector (res://scripts/procgen/room_assigner.gd:165)
       [2] assign (res://scripts/procgen/room_assigner.gd:63)
       [3] _generate_once (res://scripts/procgen/ship_layout_generator.gd:121)
       [4] generate_with_options (res://scripts/procgen/ship_layout_generator.gd:78)
       [5] generate (res://scripts/procgen/ship_generator.gd:71)
       [6] _initialize (res://scripts/validation/derelict_generator_smoke.gd:86)
GameplaySliceBuilder slot_fallback room=cargo_01 kind=salvage
WARNING: RoomAssigner: guaranteed role 'dock' has no eligible zone in this template; guarantee skipped
   at: push_warning (core/variant/variant_utility.cpp:1033)
   GDScript backtrace (most recent call first):
       [0] _enforce_guaranteed_roles (res://scripts/procgen/room_assigner.gd:216)
       [1] assign_with_selector (res://scripts/procgen/room_assigner.gd:165)
       [2] assign (res://scripts/procgen/room_assigner.gd:63)
       [3] _generate_once (res://scripts/procgen/ship_layout_generator.gd:121)
       [4] generate_with_options (res://scripts/procgen/ship_layout_generator.gd:78)
       [5] generate (res://scripts/procgen/ship_generator.gd:71)
       [6] _initialize (res://scripts/validation/derelict_generator_smoke.gd:86)
WARNING: RoomAssigner: guaranteed role 'dock' has no eligible zone in this template; guarantee skipped
   at: push_warning (core/variant/variant_utility.cpp:1033)
   GDScript backtrace (most recent call first):
       [0] _enforce_guaranteed_roles (res://scripts/procgen/room_assigner.gd:216)
       [1] assign_with_selector (res://scripts/procgen/room_assigner.gd:165)
       [2] assign (res://scripts/procgen/room_assigner.gd:63)
       [3] _generate_once (res://scripts/procgen/ship_layout_generator.gd:121)
       [4] generate_with_options (res://scripts/procgen/ship_layout_generator.gd:78)
       [5] generate (res://scripts/procgen/ship_generator.gd:71)
       [6] _initialize (res://scripts/validation/derelict_generator_smoke.gd:86)
GameplaySliceBuilder slot_fallback room=bridge_01 kind=salvage
WARNING: RoomAssigner: guaranteed role 'dock' has no eligible zone in this template; guarantee skipped
   at: push_warning (core/variant/variant_utility.cpp:1033)
   GDScript backtrace (most recent call first):
       [0] _enforce_guaranteed_roles (res://scripts/procgen/room_assigner.gd:216)
       [1] assign_with_selector (res://scripts/procgen/room_assigner.gd:165)
       [2] assign (res://scripts/procgen/room_assigner.gd:63)
       [3] _generate_once (res://scripts/procgen/ship_layout_generator.gd:121)
       [4] generate_with_options (res://scripts/procgen/ship_layout_generator.gd:78)
       [5] generate (res://scripts/procgen/ship_generator.gd:71)
       [6] _initialize (res://scripts/validation/derelict_generator_smoke.gd:86)
WARNING: RoomAssigner: guaranteed role 'dock' has no eligible zone in this template; guarantee skipped
   at: push_warning (core/variant/variant_utility.cpp:1033)
   GDScript backtrace (most recent call first):
       [0] _enforce_guaranteed_roles (res://scripts/procgen/room_assigner.gd:216)
       [1] assign_with_selector (res://scripts/procgen/room_assigner.gd:165)
       [2] assign (res://scripts/procgen/room_assigner.gd:63)
       [3] _generate_once (res://scripts/procgen/ship_layout_generator.gd:121)
       [4] generate_with_options (res://scripts/procgen/ship_layout_generator.gd:78)
       [5] generate (res://scripts/procgen/ship_generator.gd:71)
       [6] _initialize (res://scripts/validation/derelict_generator_smoke.gd:86)
WARNING: RoomAssigner: guaranteed role 'dock' has no eligible zone in this template; guarantee skipped
   at: push_warning (core/variant/variant_utility.cpp:1033)
   GDScript backtrace (most recent call first):
       [0] _enforce_guaranteed_roles (res://scripts/procgen/room_assigner.gd:216)
       [1] assign_with_selector (res://scripts/procgen/room_assigner.gd:165)
       [2] assign (res://scripts/procgen/room_assigner.gd:63)
       [3] _generate_once (res://scripts/procgen/ship_layout_generator.gd:121)
       [4] generate_with_options (res://scripts/procgen/ship_layout_generator.gd:78)
       [5] generate (res://scripts/procgen/ship_generator.gd:71)
       [6] _initialize (res://scripts/validation/derelict_generator_smoke.gd:86)
GameplaySliceBuilder slot_fallback room=crew_quarters_01 kind=salvage
GameplaySliceBuilder slot_fallback room=storage_01 kind=salvage
WARNING: RoomAssigner: guaranteed role 'dock' has no eligible zone in this template; guarantee skipped
   at: push_warning (core/variant/variant_utility.cpp:1033)
   GDScript backtrace (most recent call first):
       [0] _enforce_guaranteed_roles (res://scripts/procgen/room_assigner.gd:216)
       [1] assign_with_selector (res://scripts/procgen/room_assigner.gd:165)
       [2] assign (res://scripts/procgen/room_assigner.gd:63)
       [3] _generate_once (res://scripts/procgen/ship_layout_generator.gd:121)
       [4] generate_with_options (res://scripts/procgen/ship_layout_generator.gd:78)
       [5] generate (res://scripts/procgen/ship_generator.gd:71)
       [6] _initialize (res://scripts/validation/derelict_generator_smoke.gd:86)
WARNING: RoomAssigner: guaranteed role 'dock' has no eligible zone in this template; guarantee skipped
   at: push_warning (core/variant/variant_utility.cpp:1033)
   GDScript backtrace (most recent call first):
       [0] _enforce_guaranteed_roles (res://scripts/procgen/room_assigner.gd:216)
       [1] assign_with_selector (res://scripts/procgen/room_assigner.gd:165)
       [2] assign (res://scripts/procgen/room_assigner.gd:63)
       [3] _generate_once (res://scripts/procgen/ship_layout_generator.gd:121)
       [4] generate_with_options (res://scripts/procgen/ship_layout_generator.gd:78)
       [5] generate (res://scripts/procgen/ship_generator.gd:71)
       [6] _initialize (res://scripts/validation/derelict_generator_smoke.gd:86)
WARNING: RoomAssigner: guaranteed role 'dock' has no eligible zone in this template; guarantee skipped
   at: push_warning (core/variant/variant_utility.cpp:1033)
   GDScript backtrace (most recent call first):
       [0] _enforce_guaranteed_roles (res://scripts/procgen/room_assigner.gd:216)
       [1] assign_with_selector (res://scripts/procgen/room_assigner.gd:165)
       [2] assign (res://scripts/procgen/room_assigner.gd:63)
       [3] _generate_once (res://scripts/procgen/ship_layout_generator.gd:121)
       [4] generate_with_options (res://scripts/procgen/ship_layout_generator.gd:78)
       [5] generate (res://scripts/procgen/ship_generator.gd:71)
       [6] _initialize (res://scripts/validation/derelict_generator_smoke.gd:86)
WARNING: RoomAssigner: guaranteed role 'dock' has no eligible zone in this template; guarantee skipped
   at: push_warning (core/variant/variant_utility.cpp:1033)
   GDScript backtrace (most recent call first):
       [0] _enforce_guaranteed_roles (res://scripts/procgen/room_assigner.gd:216)
       [1] assign_with_selector (res://scripts/procgen/room_assigner.gd:165)
       [2] assign (res://scripts/procgen/room_assigner.gd:63)
       [3] _generate_once (res://scripts/procgen/ship_layout_generator.gd:121)
       [4] generate_with_options (res://scripts/procgen/ship_layout_generator.gd:78)
       [5] generate (res://scripts/procgen/ship_generator.gd:71)
       [6] _initialize (res://scripts/validation/derelict_generator_smoke.gd:86)
GameplaySliceBuilder slot_fallback room=cargo_01 kind=salvage
WARNING: RoomAssigner: guaranteed role 'dock' has no eligible zone in this template; guarantee skipped
   at: push_warning (core/variant/variant_utility.cpp:1033)
   GDScript backtrace (most recent call first):
       [0] _enforce_guaranteed_roles (res://scripts/procgen/room_assigner.gd:216)
       [1] assign_with_selector (res://scripts/procgen/room_assigner.gd:165)
       [2] assign (res://scripts/procgen/room_assigner.gd:63)
       [3] _generate_once (res://scripts/procgen/ship_layout_generator.gd:121)
       [4] generate_with_options (res://scripts/procgen/ship_layout_generator.gd:78)
       [5] generate (res://scripts/procgen/ship_generator.gd:71)
       [6] _initialize (res://scripts/validation/derelict_generator_smoke.gd:86)
WARNING: RoomAssigner: guaranteed role 'dock' has no eligible zone in this template; guarantee skipped
   at: push_warning (core/variant/variant_utility.cpp:1033)
   GDScript backtrace (most recent call first):
       [0] _enforce_guaranteed_roles (res://scripts/procgen/room_assigner.gd:216)
       [1] assign_with_selector (res://scripts/procgen/room_assigner.gd:165)
       [2] assign (res://scripts/procgen/room_assigner.gd:63)
       [3] _generate_once (res://scripts/procgen/ship_layout_generator.gd:121)
       [4] generate_with_options (res://scripts/procgen/ship_layout_generator.gd:78)
       [5] generate (res://scripts/procgen/ship_generator.gd:71)
       [6] _initialize (res://scripts/validation/derelict_generator_smoke.gd:86)
GameplaySliceBuilder slot_fallback room=cargo_01 kind=salvage
WARNING: RoomAssigner: guaranteed role 'dock' has no eligible zone in this template; guarantee skipped
   at: push_warning (core/variant/variant_utility.cpp:1033)
   GDScript backtrace (most recent call first):
       [0] _enforce_guaranteed_roles (res://scripts/procgen/room_assigner.gd:216)
       [1] assign_with_selector (res://scripts/procgen/room_assigner.gd:165)
       [2] assign (res://scripts/procgen/room_assigner.gd:63)
       [3] _generate_once (res://scripts/procgen/ship_layout_generator.gd:121)
       [4] generate_with_options (res://scripts/procgen/ship_layout_generator.gd:78)
       [5] generate (res://scripts/procgen/ship_generator.gd:71)
       [6] _initialize (res://scripts/validation/derelict_generator_smoke.gd:86)
GameplaySliceBuilder slot_fallback room=medical_01 kind=salvage
WARNING: RoomAssigner: guaranteed role 'dock' has no eligible zone in this template; guarantee skipped
   at: push_warning (core/variant/variant_utility.cpp:1033)
   GDScript backtrace (most recent call first):
       [0] _enforce_guaranteed_roles (res://scripts/procgen/room_assigner.gd:216)
       [1] assign_with_selector (res://scripts/procgen/room_assigner.gd:165)
       [2] assign (res://scripts/procgen/room_assigner.gd:63)
       [3] _generate_once (res://scripts/procgen/ship_layout_generator.gd:121)
       [4] generate_with_options (res://scripts/procgen/ship_layout_generator.gd:78)
       [5] generate (res://scripts/procgen/ship_generator.gd:71)
       [6] _initialize (res://scripts/validation/derelict_generator_smoke.gd:86)
WARNING: RoomAssigner: guaranteed role 'dock' has no eligible zone in this template; guarantee skipped
   at: push_warning (core/variant/variant_utility.cpp:1033)
   GDScript backtrace (most recent call first):
       [0] _enforce_guaranteed_roles (res://scripts/procgen/room_assigner.gd:216)
       [1] assign_with_selector (res://scripts/procgen/room_assigner.gd:165)
       [2] assign (res://scripts/procgen/room_assigner.gd:63)
       [3] _generate_once (res://scripts/procgen/ship_layout_generator.gd:121)
       [4] generate_with_options (res://scripts/procgen/ship_layout_generator.gd:78)
       [5] generate (res://scripts/procgen/ship_generator.gd:71)
       [6] _initialize (res://scripts/validation/derelict_generator_smoke.gd:86)
WARNING: RoomAssigner: guaranteed role 'dock' has no eligible zone in this template; guarantee skipped
   at: push_warning (core/variant/variant_utility.cpp:1033)
   GDScript backtrace (most recent call first):
       [0] _enforce_guaranteed_roles (res://scripts/procgen/room_assigner.gd:216)
       [1] assign_with_selector (res://scripts/procgen/room_assigner.gd:165)
       [2] assign (res://scripts/procgen/room_assigner.gd:63)
       [3] _generate_once (res://scripts/procgen/ship_layout_generator.gd:121)
       [4] generate_with_options (res://scripts/procgen/ship_layout_generator.gd:78)
       [5] generate (res://scripts/procgen/ship_generator.gd:71)
       [6] _initialize (res://scripts/validation/derelict_generator_smoke.gd:86)
WARNING: RoomAssigner: guaranteed role 'dock' has no eligible zone in this template; guarantee skipped
   at: push_warning (core/variant/variant_utility.cpp:1033)
   GDScript backtrace (most recent call first):
       [0] _enforce_guaranteed_roles (res://scripts/procgen/room_assigner.gd:216)
       [1] assign_with_selector (res://scripts/procgen/room_assigner.gd:165)
       [2] assign (res://scripts/procgen/room_assigner.gd:63)
       [3] _generate_once (res://scripts/procgen/ship_layout_generator.gd:121)
       [4] generate_with_options (res://scripts/procgen/ship_layout_generator.gd:78)
       [5] generate (res://scripts/procgen/ship_generator.gd:71)
       [6] _initialize (res://scripts/validation/derelict_generator_smoke.gd:86)
WARNING: RoomAssigner: guaranteed role 'dock' has no eligible zone in this template; guarantee skipped
   at: push_warning (core/variant/variant_utility.cpp:1033)
   GDScript backtrace (most recent call first):
       [0] _enforce_guaranteed_roles (res://scripts/procgen/room_assigner.gd:216)
       [1] assign_with_selector (res://scripts/procgen/room_assigner.gd:165)
       [2] assign (res://scripts/procgen/room_assigner.gd:63)
       [3] _generate_once (res://scripts/procgen/ship_layout_generator.gd:121)
       [4] generate_with_options (res://scripts/procgen/ship_layout_generator.gd:78)
       [5] generate (res://scripts/procgen/ship_generator.gd:71)
       [6] _initialize (res://scripts/validation/derelict_generator_smoke.gd:86)
GameplaySliceBuilder slot_fallback room=medical_01 kind=salvage
WARNING: RoomAssigner: guaranteed role 'dock' has no eligible zone in this template; guarantee skipped
   at: push_warning (core/variant/variant_utility.cpp:1033)
   GDScript backtrace (most recent call first):
       [0] _enforce_guaranteed_roles (res://scripts/procgen/room_assigner.gd:216)
       [1] assign_with_selector (res://scripts/procgen/room_assigner.gd:165)
       [2] assign (res://scripts/procgen/room_assigner.gd:63)
       [3] _generate_once (res://scripts/procgen/ship_layout_generator.gd:121)
       [4] generate_with_options (res://scripts/procgen/ship_layout_generator.gd:78)
       [5] generate (res://scripts/procgen/ship_generator.gd:71)
       [6] _initialize (res://scripts/validation/derelict_generator_smoke.gd:86)
GameplaySliceBuilder slot_fallback room=storage_01 kind=salvage
WARNING: RoomAssigner: guaranteed role 'dock' has no eligible zone in this template; guarantee skipped
   at: push_warning (core/variant/variant_utility.cpp:1033)
   GDScript backtrace (most recent call first):
       [0] _enforce_guaranteed_roles (res://scripts/procgen/room_assigner.gd:216)
       [1] assign_with_selector (res://scripts/procgen/room_assigner.gd:165)
       [2] assign (res://scripts/procgen/room_assigner.gd:63)
       [3] _generate_once (res://scripts/procgen/ship_layout_generator.gd:121)
       [4] generate_with_options (res://scripts/procgen/ship_layout_generator.gd:78)
       [5] generate (res://scripts/procgen/ship_generator.gd:71)
       [6] _initialize (res://scripts/validation/derelict_generator_smoke.gd:86)
GameplaySliceBuilder slot_fallback room=mess_hall_01 kind=salvage
WARNING: RoomAssigner: guaranteed role 'dock' has no eligible zone in this template; guarantee skipped
   at: push_warning (core/variant/variant_utility.cpp:1033)
   GDScript backtrace (most recent call first):
       [0] _enforce_guaranteed_roles (res://scripts/procgen/room_assigner.gd:216)
       [1] assign_with_selector (res://scripts/procgen/room_assigner.gd:165)
       [2] assign (res://scripts/procgen/room_assigner.gd:63)
       [3] _generate_once (res://scripts/procgen/ship_layout_generator.gd:121)
       [4] generate_with_options (res://scripts/procgen/ship_layout_generator.gd:78)
       [5] generate (res://scripts/procgen/ship_generator.gd:71)
       [6] _initialize (res://scripts/validation/derelict_generator_smoke.gd:86)
WARNING: RoomAssigner: guaranteed role 'dock' has no eligible zone in this template; guarantee skipped
   at: push_warning (core/variant/variant_utility.cpp:1033)
   GDScript backtrace (most recent call first):
       [0] _enforce_guaranteed_roles (res://scripts/procgen/room_assigner.gd:216)
       [1] assign_with_selector (res://scripts/procgen/room_assigner.gd:165)
       [2] assign (res://scripts/procgen/room_assigner.gd:63)
       [3] _generate_once (res://scripts/procgen/ship_layout_generator.gd:121)
       [4] generate_with_options (res://scripts/procgen/ship_layout_generator.gd:78)
       [5] generate (res://scripts/procgen/ship_generator.gd:71)
       [6] _initialize (res://scripts/validation/derelict_generator_smoke.gd:86)
GameplaySliceBuilder slot_fallback room=crew_quarters_01 kind=salvage
WARNING: RoomAssigner: guaranteed role 'dock' has no eligible zone in this template; guarantee skipped
   at: push_warning (core/variant/variant_utility.cpp:1033)
   GDScript backtrace (most recent call first):
       [0] _enforce_guaranteed_roles (res://scripts/procgen/room_assigner.gd:216)
       [1] assign_with_selector (res://scripts/procgen/room_assigner.gd:165)
       [2] assign (res://scripts/procgen/room_assigner.gd:63)
       [3] _generate_once (res://scripts/procgen/ship_layout_generator.gd:121)
       [4] generate_with_options (res://scripts/procgen/ship_layout_generator.gd:78)
       [5] generate (res://scripts/procgen/ship_generator.gd:71)
       [6] _initialize (res://scripts/validation/derelict_generator_smoke.gd:86)
WARNING: RoomAssigner: guaranteed role 'dock' has no eligible zone in this template; guarantee skipped
   at: push_warning (core/variant/variant_utility.cpp:1033)
   GDScript backtrace (most recent call first):
       [0] _enforce_guaranteed_roles (res://scripts/procgen/room_assigner.gd:216)
       [1] assign_with_selector (res://scripts/procgen/room_assigner.gd:165)
       [2] assign (res://scripts/procgen/room_assigner.gd:63)
       [3] _generate_once (res://scripts/procgen/ship_layout_generator.gd:121)
       [4] generate_with_options (res://scripts/procgen/ship_layout_generator.gd:78)
       [5] generate (res://scripts/procgen/ship_generator.gd:71)
       [6] _initialize (res://scripts/validation/derelict_generator_smoke.gd:86)
GameplaySliceBuilder slot_fallback room=armory_01 kind=salvage
WARNING: RoomAssigner: guaranteed role 'dock' has no eligible zone in this template; guarantee skipped
   at: push_warning (core/variant/variant_utility.cpp:1033)
   GDScript backtrace (most recent call first):
       [0] _enforce_guaranteed_roles (res://scripts/procgen/room_assigner.gd:216)
       [1] assign_with_selector (res://scripts/procgen/room_assigner.gd:165)
       [2] assign (res://scripts/procgen/room_assigner.gd:63)
       [3] _generate_once (res://scripts/procgen/ship_layout_generator.gd:121)
       [4] generate_with_options (res://scripts/procgen/ship_layout_generator.gd:78)
       [5] generate (res://scripts/procgen/ship_generator.gd:71)
       [6] _initialize (res://scripts/validation/derelict_generator_smoke.gd:86)
GameplaySliceBuilder slot_fallback room=medical_01 kind=salvage
GameplaySliceBuilder slot_fallback room=storage_01 kind=salvage
WARNING: RoomAssigner: guaranteed role 'dock' has no eligible zone in this template; guarantee skipped
   at: push_warning (core/variant/variant_utility.cpp:1033)
   GDScript backtrace (most recent call first):
       [0] _enforce_guaranteed_roles (res://scripts/procgen/room_assigner.gd:216)
       [1] assign_with_selector (res://scripts/procgen/room_assigner.gd:165)
       [2] assign (res://scripts/procgen/room_assigner.gd:63)
       [3] _generate_once (res://scripts/procgen/ship_layout_generator.gd:121)
       [4] generate_with_options (res://scripts/procgen/ship_layout_generator.gd:78)
       [5] generate (res://scripts/procgen/ship_generator.gd:71)
       [6] _initialize (res://scripts/validation/derelict_generator_smoke.gd:86)
WARNING: RoomAssigner: guaranteed role 'dock' has no eligible zone in this template; guarantee skipped
   at: push_warning (core/variant/variant_utility.cpp:1033)
   GDScript backtrace (most recent call first):
       [0] _enforce_guaranteed_roles (res://scripts/procgen/room_assigner.gd:216)
       [1] assign_with_selector (res://scripts/procgen/room_assigner.gd:165)
       [2] assign (res://scripts/procgen/room_assigner.gd:63)
       [3] _generate_once (res://scripts/procgen/ship_layout_generator.gd:121)
       [4] generate_with_options (res://scripts/procgen/ship_layout_generator.gd:78)
       [5] generate (res://scripts/procgen/ship_generator.gd:71)
       [6] _initialize (res://scripts/validation/derelict_generator_smoke.gd:86)
GameplaySliceBuilder slot_fallback room=cargo_02 kind=salvage
WARNING: RoomAssigner: guaranteed role 'dock' has no eligible zone in this template; guarantee skipped
   at: push_warning (core/variant/variant_utility.cpp:1033)
   GDScript backtrace (most recent call first):
       [0] _enforce_guaranteed_roles (res://scripts/procgen/room_assigner.gd:216)
       [1] assign_with_selector (res://scripts/procgen/room_assigner.gd:165)
       [2] assign (res://scripts/procgen/room_assigner.gd:63)
       [3] _generate_once (res://scripts/procgen/ship_layout_generator.gd:121)
       [4] generate_with_options (res://scripts/procgen/ship_layout_generator.gd:78)
       [5] generate (res://scripts/procgen/ship_generator.gd:71)
       [6] _initialize (res://scripts/validation/derelict_generator_smoke.gd:86)
WARNING: RoomAssigner: guaranteed role 'dock' has no eligible zone in this template; guarantee skipped
   at: push_warning (core/variant/variant_utility.cpp:1033)
   GDScript backtrace (most recent call first):
       [0] _enforce_guaranteed_roles (res://scripts/procgen/room_assigner.gd:216)
       [1] assign_with_selector (res://scripts/procgen/room_assigner.gd:165)
       [2] assign (res://scripts/procgen/room_assigner.gd:63)
       [3] _generate_once (res://scripts/procgen/ship_layout_generator.gd:121)
       [4] generate_with_options (res://scripts/procgen/ship_layout_generator.gd:78)
       [5] generate (res://scripts/procgen/ship_generator.gd:71)
       [6] _initialize (res://scripts/validation/derelict_generator_smoke.gd:86)
WARNING: RoomAssigner: guaranteed role 'dock' has no eligible zone in this template; guarantee skipped
   at: push_warning (core/variant/variant_utility.cpp:1033)
   GDScript backtrace (most recent call first):
       [0] _enforce_guaranteed_roles (res://scripts/procgen/room_assigner.gd:216)
       [1] assign_with_selector (res://scripts/procgen/room_assigner.gd:165)
       [2] assign (res://scripts/procgen/room_assigner.gd:63)
       [3] _generate_once (res://scripts/procgen/ship_layout_generator.gd:121)
       [4] generate_with_options (res://scripts/procgen/ship_layout_generator.gd:78)
       [5] generate (res://scripts/procgen/ship_generator.gd:71)
       [6] _initialize (res://scripts/validation/derelict_generator_smoke.gd:86)
GameplaySliceBuilder slot_fallback room=medical_01 kind=salvage
WARNING: RoomAssigner: guaranteed role 'dock' has no eligible zone in this template; guarantee skipped
   at: push_warning (core/variant/variant_utility.cpp:1033)
   GDScript backtrace (most recent call first):
       [0] _enforce_guaranteed_roles (res://scripts/procgen/room_assigner.gd:216)
       [1] assign_with_selector (res://scripts/procgen/room_assigner.gd:165)
       [2] assign (res://scripts/procgen/room_assigner.gd:63)
       [3] _generate_once (res://scripts/procgen/ship_layout_generator.gd:121)
       [4] generate_with_options (res://scripts/procgen/ship_layout_generator.gd:78)
       [5] generate (res://scripts/procgen/ship_generator.gd:71)
       [6] _initialize (res://scripts/validation/derelict_generator_smoke.gd:86)
GameplaySliceBuilder slot_fallback room=bridge_01 kind=salvage
GameplaySliceBuilder slot_fallback room=storage_01 kind=salvage
WARNING: RoomAssigner: guaranteed role 'dock' has no eligible zone in this template; guarantee skipped
   at: push_warning (core/variant/variant_utility.cpp:1033)
   GDScript backtrace (most recent call first):
       [0] _enforce_guaranteed_roles (res://scripts/procgen/room_assigner.gd:216)
       [1] assign_with_selector (res://scripts/procgen/room_assigner.gd:165)
       [2] assign (res://scripts/procgen/room_assigner.gd:63)
       [3] _generate_once (res://scripts/procgen/ship_layout_generator.gd:121)
       [4] generate_with_options (res://scripts/procgen/ship_layout_generator.gd:78)
       [5] generate (res://scripts/procgen/ship_generator.gd:71)
       [6] _initialize (res://scripts/validation/derelict_generator_smoke.gd:86)
WARNING: RoomAssigner: guaranteed role 'dock' has no eligible zone in this template; guarantee skipped
   at: push_warning (core/variant/variant_utility.cpp:1033)
   GDScript backtrace (most recent call first):
       [0] _enforce_guaranteed_roles (res://scripts/procgen/room_assigner.gd:216)
       [1] assign_with_selector (res://scripts/procgen/room_assigner.gd:165)
       [2] assign (res://scripts/procgen/room_assigner.gd:63)
       [3] _generate_once (res://scripts/procgen/ship_layout_generator.gd:121)
       [4] generate_with_options (res://scripts/procgen/ship_layout_generator.gd:78)
       [5] generate (res://scripts/procgen/ship_generator.gd:71)
       [6] _initialize (res://scripts/validation/derelict_generator_smoke.gd:86)
GameplaySliceBuilder slot_fallback room=crew_quarters_01 kind=salvage
WARNING: RoomAssigner: guaranteed role 'dock' has no eligible zone in this template; guarantee skipped
   at: push_warning (core/variant/variant_utility.cpp:1033)
   GDScript backtrace (most recent call first):
       [0] _enforce_guaranteed_roles (res://scripts/procgen/room_assigner.gd:216)
       [1] assign_with_selector (res://scripts/procgen/room_assigner.gd:165)
       [2] assign (res://scripts/procgen/room_assigner.gd:63)
       [3] _generate_once (res://scripts/procgen/ship_layout_generator.gd:121)
       [4] generate_with_options (res://scripts/procgen/ship_layout_generator.gd:78)
       [5] generate (res://scripts/procgen/ship_generator.gd:71)
       [6] _initialize (res://scripts/validation/derelict_generator_smoke.gd:86)
GameplaySliceBuilder slot_fallback room=medical_01 kind=salvage
GameplaySliceBuilder slot_fallback room=cargo_01 kind=salvage
WARNING: RoomAssigner: guaranteed role 'dock' has no eligible zone in this template; guarantee skipped
   at: push_warning (core/variant/variant_utility.cpp:1033)
   GDScript backtrace (most recent call first):
       [0] _enforce_guaranteed_roles (res://scripts/procgen/room_assigner.gd:216)
       [1] assign_with_selector (res://scripts/procgen/room_assigner.gd:165)
       [2] assign (res://scripts/procgen/room_assigner.gd:63)
       [3] _generate_once (res://scripts/procgen/ship_layout_generator.gd:121)
       [4] generate_with_options (res://scripts/procgen/ship_layout_generator.gd:78)
       [5] generate (res://scripts/procgen/ship_generator.gd:71)
       [6] _initialize (res://scripts/validation/derelict_generator_smoke.gd:86)
WARNING: RoomAssigner: guaranteed role 'dock' has no eligible zone in this template; guarantee skipped
   at: push_warning (core/variant/variant_utility.cpp:1033)
   GDScript backtrace (most recent call first):
       [0] _enforce_guaranteed_roles (res://scripts/procgen/room_assigner.gd:216)
       [1] assign_with_selector (res://scripts/procgen/room_assigner.gd:165)
       [2] assign (res://scripts/procgen/room_assigner.gd:63)
       [3] _generate_once (res://scripts/procgen/ship_layout_generator.gd:121)
       [4] generate_with_options (res://scripts/procgen/ship_layout_generator.gd:78)
       [5] generate (res://scripts/procgen/ship_generator.gd:71)
       [6] _initialize (res://scripts/validation/derelict_generator_smoke.gd:86)
GameplaySliceBuilder slot_fallback room=bridge_01 kind=salvage
GameplaySliceBuilder slot_fallback room=storage_01 kind=salvage
WARNING: RoomAssigner: guaranteed role 'dock' has no eligible zone in this template; guarantee skipped
   at: push_warning (core/variant/variant_utility.cpp:1033)
   GDScript backtrace (most recent call first):
       [0] _enforce_guaranteed_roles (res://scripts/procgen/room_assigner.gd:216)
       [1] assign_with_selector (res://scripts/procgen/room_assigner.gd:165)
       [2] assign (res://scripts/procgen/room_assigner.gd:63)
       [3] _generate_once (res://scripts/procgen/ship_layout_generator.gd:121)
       [4] generate_with_options (res://scripts/procgen/ship_layout_generator.gd:78)
       [5] generate (res://scripts/procgen/ship_generator.gd:71)
       [6] _initialize (res://scripts/validation/derelict_generator_smoke.gd:86)
GameplaySliceBuilder slot_fallback room=armory_01 kind=salvage
WARNING: RoomAssigner: guaranteed role 'dock' has no eligible zone in this template; guarantee skipped
   at: push_warning (core/variant/variant_utility.cpp:1033)
   GDScript backtrace (most recent call first):
       [0] _enforce_guaranteed_roles (res://scripts/procgen/room_assigner.gd:216)
       [1] assign_with_selector (res://scripts/procgen/room_assigner.gd:165)
       [2] assign (res://scripts/procgen/room_assigner.gd:63)
       [3] _generate_once (res://scripts/procgen/ship_layout_generator.gd:121)
       [4] generate_with_options (res://scripts/procgen/ship_layout_generator.gd:78)
       [5] generate (res://scripts/procgen/ship_generator.gd:71)
       [6] _initialize (res://scripts/validation/derelict_generator_smoke.gd:86)
WARNING: RoomAssigner: guaranteed role 'dock' has no eligible zone in this template; guarantee skipped
   at: push_warning (core/variant/variant_utility.cpp:1033)
   GDScript backtrace (most recent call first):
       [0] _enforce_guaranteed_roles (res://scripts/procgen/room_assigner.gd:216)
       [1] assign_with_selector (res://scripts/procgen/room_assigner.gd:165)
       [2] assign (res://scripts/procgen/room_assigner.gd:63)
       [3] _generate_once (res://scripts/procgen/ship_layout_generator.gd:121)
       [4] generate_with_options (res://scripts/procgen/ship_layout_generator.gd:78)
       [5] generate (res://scripts/procgen/ship_generator.gd:71)
       [6] _initialize (res://scripts/validation/derelict_generator_smoke.gd:86)
WARNING: RoomAssigner: guaranteed role 'dock' has no eligible zone in this template; guarantee skipped
   at: push_warning (core/variant/variant_utility.cpp:1033)
   GDScript backtrace (most recent call first):
       [0] _enforce_guaranteed_roles (res://scripts/procgen/room_assigner.gd:216)
       [1] assign_with_selector (res://scripts/procgen/room_assigner.gd:165)
       [2] assign (res://scripts/procgen/room_assigner.gd:63)
       [3] _generate_once (res://scripts/procgen/ship_layout_generator.gd:121)
       [4] generate_with_options (res://scripts/procgen/ship_layout_generator.gd:78)
       [5] generate (res://scripts/procgen/ship_generator.gd:71)
       [6] _initialize (res://scripts/validation/derelict_generator_smoke.gd:86)
GameplaySliceBuilder slot_fallback room=mess_hall_01 kind=salvage
GameplaySliceBuilder slot_fallback room=armory_01 kind=salvage
WARNING: RoomAssigner: guaranteed role 'dock' has no eligible zone in this template; guarantee skipped
   at: push_warning (core/variant/variant_utility.cpp:1033)
   GDScript backtrace (most recent call first):
       [0] _enforce_guaranteed_roles (res://scripts/procgen/room_assigner.gd:216)
       [1] assign_with_selector (res://scripts/procgen/room_assigner.gd:165)
       [2] assign (res://scripts/procgen/room_assigner.gd:63)
       [3] _generate_once (res://scripts/procgen/ship_layout_generator.gd:121)
       [4] generate_with_options (res://scripts/procgen/ship_layout_generator.gd:78)
       [5] generate (res://scripts/procgen/ship_generator.gd:71)
       [6] _initialize (res://scripts/validation/derelict_generator_smoke.gd:86)
GameplaySliceBuilder slot_fallback room=armory_01 kind=salvage
WARNING: RoomAssigner: guaranteed role 'dock' has no eligible zone in this template; guarantee skipped
   at: push_warning (core/variant/variant_utility.cpp:1033)
   GDScript backtrace (most recent call first):
       [0] _enforce_guaranteed_roles (res://scripts/procgen/room_assigner.gd:216)
       [1] assign_with_selector (res://scripts/procgen/room_assigner.gd:165)
       [2] assign (res://scripts/procgen/room_assigner.gd:63)
       [3] _generate_once (res://scripts/procgen/ship_layout_generator.gd:121)
       [4] generate_with_options (res://scripts/procgen/ship_layout_generator.gd:78)
       [5] generate (res://scripts/procgen/ship_generator.gd:71)
       [6] _initialize (res://scripts/validation/derelict_generator_smoke.gd:86)
GameplaySliceBuilder slot_fallback room=medical_01 kind=salvage
WARNING: RoomAssigner: guaranteed role 'dock' has no eligible zone in this template; guarantee skipped
   at: push_warning (core/variant/variant_utility.cpp:1033)
   GDScript backtrace (most recent call first):
       [0] _enforce_guaranteed_roles (res://scripts/procgen/room_assigner.gd:216)
       [1] assign_with_selector (res://scripts/procgen/room_assigner.gd:165)
       [2] assign (res://scripts/procgen/room_assigner.gd:63)
       [3] _generate_once (res://scripts/procgen/ship_layout_generator.gd:121)
       [4] generate_with_options (res://scripts/procgen/ship_layout_generator.gd:78)
       [5] generate (res://scripts/procgen/ship_generator.gd:71)
       [6] _initialize (res://scripts/validation/derelict_generator_smoke.gd:86)
WARNING: RoomAssigner: guaranteed role 'dock' has no eligible zone in this template; guarantee skipped
   at: push_warning (core/variant/variant_utility.cpp:1033)
   GDScript backtrace (most recent call first):
       [0] _enforce_guaranteed_roles (res://scripts/procgen/room_assigner.gd:216)
       [1] assign_with_selector (res://scripts/procgen/room_assigner.gd:165)
       [2] assign (res://scripts/procgen/room_assigner.gd:63)
       [3] _generate_once (res://scripts/procgen/ship_layout_generator.gd:121)
       [4] generate_with_options (res://scripts/procgen/ship_layout_generator.gd:78)
       [5] generate (res://scripts/procgen/ship_generator.gd:71)
       [6] _initialize (res://scripts/validation/derelict_generator_smoke.gd:86)
GameplaySliceBuilder slot_fallback room=storage_01 kind=salvage
WARNING: RoomAssigner: guaranteed role 'dock' has no eligible zone in this template; guarantee skipped
   at: push_warning (core/variant/variant_utility.cpp:1033)
   GDScript backtrace (most recent call first):
       [0] _enforce_guaranteed_roles (res://scripts/procgen/room_assigner.gd:216)
       [1] assign_with_selector (res://scripts/procgen/room_assigner.gd:165)
       [2] assign (res://scripts/procgen/room_assigner.gd:63)
       [3] _generate_once (res://scripts/procgen/ship_layout_generator.gd:121)
       [4] generate_with_options (res://scripts/procgen/ship_layout_generator.gd:78)
       [5] generate (res://scripts/procgen/ship_generator.gd:71)
       [6] _initialize (res://scripts/validation/derelict_generator_smoke.gd:86)
WARNING: RoomAssigner: guaranteed role 'dock' has no eligible zone in this template; guarantee skipped
   at: push_warning (core/variant/variant_utility.cpp:1033)
   GDScript backtrace (most recent call first):
       [0] _enforce_guaranteed_roles (res://scripts/procgen/room_assigner.gd:216)
       [1] assign_with_selector (res://scripts/procgen/room_assigner.gd:165)
       [2] assign (res://scripts/procgen/room_assigner.gd:63)
       [3] _generate_once (res://scripts/procgen/ship_layout_generator.gd:121)
       [4] generate_with_options (res://scripts/procgen/ship_layout_generator.gd:78)
       [5] generate (res://scripts/procgen/ship_generator.gd:71)
       [6] _initialize (res://scripts/validation/derelict_generator_smoke.gd:86)
GameplaySliceBuilder slot_fallback room=medical_01 kind=salvage
GameplaySliceBuilder slot_fallback room=armory_01 kind=salvage
WARNING: RoomAssigner: guaranteed role 'dock' has no eligible zone in this template; guarantee skipped
   at: push_warning (core/variant/variant_utility.cpp:1033)
   GDScript backtrace (most recent call first):
       [0] _enforce_guaranteed_roles (res://scripts/procgen/room_assigner.gd:216)
       [1] assign_with_selector (res://scripts/procgen/room_assigner.gd:165)
       [2] assign (res://scripts/procgen/room_assigner.gd:63)
       [3] _generate_once (res://scripts/procgen/ship_layout_generator.gd:121)
       [4] generate_with_options (res://scripts/procgen/ship_layout_generator.gd:78)
       [5] generate (res://scripts/procgen/ship_generator.gd:71)
       [6] _initialize (res://scripts/validation/derelict_generator_smoke.gd:86)
WARNING: RoomAssigner: guaranteed role 'dock' has no eligible zone in this template; guarantee skipped
   at: push_warning (core/variant/variant_utility.cpp:1033)
   GDScript backtrace (most recent call first):
       [0] _enforce_guaranteed_roles (res://scripts/procgen/room_assigner.gd:216)
       [1] assign_with_selector (res://scripts/procgen/room_assigner.gd:165)
       [2] assign (res://scripts/procgen/room_assigner.gd:63)
       [3] _generate_once (res://scripts/procgen/ship_layout_generator.gd:121)
       [4] generate_with_options (res://scripts/procgen/ship_layout_generator.gd:78)
       [5] generate (res://scripts/procgen/ship_generator.gd:71)
       [6] _initialize (res://scripts/validation/derelict_generator_smoke.gd:86)
GameplaySliceBuilder slot_fallback room=storage_01 kind=salvage
WARNING: RoomAssigner: guaranteed role 'dock' has no eligible zone in this template; guarantee skipped
   at: push_warning (core/variant/variant_utility.cpp:1033)
   GDScript backtrace (most recent call first):
       [0] _enforce_guaranteed_roles (res://scripts/procgen/room_assigner.gd:216)
       [1] assign_with_selector (res://scripts/procgen/room_assigner.gd:165)
       [2] assign (res://scripts/procgen/room_assigner.gd:63)
       [3] _generate_once (res://scripts/procgen/ship_layout_generator.gd:121)
       [4] generate_with_options (res://scripts/procgen/ship_layout_generator.gd:78)
       [5] generate (res://scripts/procgen/ship_generator.gd:71)
       [6] _initialize (res://scripts/validation/derelict_generator_smoke.gd:86)
WARNING: RoomAssigner: guaranteed role 'dock' has no eligible zone in this template; guarantee skipped
   at: push_warning (core/variant/variant_utility.cpp:1033)
   GDScript backtrace (most recent call first):
       [0] _enforce_guaranteed_roles (res://scripts/procgen/room_assigner.gd:216)
       [1] assign_with_selector (res://scripts/procgen/room_assigner.gd:165)
       [2] assign (res://scripts/procgen/room_assigner.gd:63)
       [3] _generate_once (res://scripts/procgen/ship_layout_generator.gd:121)
       [4] generate_with_options (res://scripts/procgen/ship_layout_generator.gd:78)
       [5] generate (res://scripts/procgen/ship_generator.gd:71)
       [6] _initialize (res://scripts/validation/derelict_generator_smoke.gd:86)
GameplaySliceBuilder slot_fallback room=crew_quarters_01 kind=salvage
WARNING: RoomAssigner: guaranteed role 'dock' has no eligible zone in this template; guarantee skipped
   at: push_warning (core/variant/variant_utility.cpp:1033)
   GDScript backtrace (most recent call first):
       [0] _enforce_guaranteed_roles (res://scripts/procgen/room_assigner.gd:216)
       [1] assign_with_selector (res://scripts/procgen/room_assigner.gd:165)
       [2] assign (res://scripts/procgen/room_assigner.gd:63)
       [3] _generate_once (res://scripts/procgen/ship_layout_generator.gd:121)
       [4] generate_with_options (res://scripts/procgen/ship_layout_generator.gd:78)
       [5] generate (res://scripts/procgen/ship_generator.gd:71)
       [6] _initialize (res://scripts/validation/derelict_generator_smoke.gd:86)
WARNING: RoomAssigner: guaranteed role 'dock' has no eligible zone in this template; guarantee skipped
   at: push_warning (core/variant/variant_utility.cpp:1033)
   GDScript backtrace (most recent call first):
       [0] _enforce_guaranteed_roles (res://scripts/procgen/room_assigner.gd:216)
       [1] assign_with_selector (res://scripts/procgen/room_assigner.gd:165)
       [2] assign (res://scripts/procgen/room_assigner.gd:63)
       [3] _generate_once (res://scripts/procgen/ship_layout_generator.gd:121)
       [4] generate_with_options (res://scripts/procgen/ship_layout_generator.gd:78)
       [5] generate (res://scripts/procgen/ship_generator.gd:71)
       [6] _initialize (res://scripts/validation/derelict_generator_smoke.gd:86)
GameplaySliceBuilder slot_fallback room=storage_01 kind=salvage
WARNING: RoomAssigner: guaranteed role 'dock' has no eligible zone in this template; guarantee skipped
   at: push_warning (core/variant/variant_utility.cpp:1033)
   GDScript backtrace (most recent call first):
       [0] _enforce_guaranteed_roles (res://scripts/procgen/room_assigner.gd:216)
       [1] assign_with_selector (res://scripts/procgen/room_assigner.gd:165)
       [2] assign (res://scripts/procgen/room_assigner.gd:63)
       [3] _generate_once (res://scripts/procgen/ship_layout_generator.gd:121)
       [4] generate_with_options (res://scripts/procgen/ship_layout_generator.gd:78)
       [5] generate (res://scripts/procgen/ship_generator.gd:71)
       [6] _initialize (res://scripts/validation/derelict_generator_smoke.gd:86)
GameplaySliceBuilder slot_fallback room=storage_01 kind=salvage
WARNING: RoomAssigner: guaranteed role 'dock' has no eligible zone in this template; guarantee skipped
   at: push_warning (core/variant/variant_utility.cpp:1033)
   GDScript backtrace (most recent call first):
       [0] _enforce_guaranteed_roles (res://scripts/procgen/room_assigner.gd:216)
       [1] assign_with_selector (res://scripts/procgen/room_assigner.gd:165)
       [2] assign (res://scripts/procgen/room_assigner.gd:63)
       [3] _generate_once (res://scripts/procgen/ship_layout_generator.gd:121)
       [4] generate_with_options (res://scripts/procgen/ship_layout_generator.gd:78)
       [5] generate (res://scripts/procgen/ship_generator.gd:71)
       [6] _initialize (res://scripts/validation/derelict_generator_smoke.gd:86)
GameplaySliceBuilder slot_fallback room=crew_quarters_01 kind=salvage
WARNING: RoomAssigner: guaranteed role 'dock' has no eligible zone in this template; guarantee skipped
   at: push_warning (core/variant/variant_utility.cpp:1033)
   GDScript backtrace (most recent call first):
       [0] _enforce_guaranteed_roles (res://scripts/procgen/room_assigner.gd:216)
       [1] assign_with_selector (res://scripts/procgen/room_assigner.gd:165)
       [2] assign (res://scripts/procgen/room_assigner.gd:63)
       [3] _generate_once (res://scripts/procgen/ship_layout_generator.gd:121)
       [4] generate_with_options (res://scripts/procgen/ship_layout_generator.gd:78)
       [5] generate (res://scripts/procgen/ship_generator.gd:71)
       [6] _initialize (res://scripts/validation/derelict_generator_smoke.gd:86)
GameplaySliceBuilder slot_fallback room=mess_hall_01 kind=salvage
GameplaySliceBuilder slot_fallback room=cargo_01 kind=salvage
WARNING: RoomAssigner: guaranteed role 'dock' has no eligible zone in this template; guarantee skipped
   at: push_warning (core/variant/variant_utility.cpp:1033)
   GDScript backtrace (most recent call first):
       [0] _enforce_guaranteed_roles (res://scripts/procgen/room_assigner.gd:216)
       [1] assign_with_selector (res://scripts/procgen/room_assigner.gd:165)
       [2] assign (res://scripts/procgen/room_assigner.gd:63)
       [3] _generate_once (res://scripts/procgen/ship_layout_generator.gd:121)
       [4] generate_with_options (res://scripts/procgen/ship_layout_generator.gd:78)
       [5] generate (res://scripts/procgen/ship_generator.gd:71)
       [6] _initialize (res://scripts/validation/derelict_generator_smoke.gd:86)
WARNING: RoomAssigner: guaranteed role 'dock' has no eligible zone in this template; guarantee skipped
   at: push_warning (core/variant/variant_utility.cpp:1033)
   GDScript backtrace (most recent call first):
       [0] _enforce_guaranteed_roles (res://scripts/procgen/room_assigner.gd:216)
       [1] assign_with_selector (res://scripts/procgen/room_assigner.gd:165)
       [2] assign (res://scripts/procgen/room_assigner.gd:63)
       [3] _generate_once (res://scripts/procgen/ship_layout_generator.gd:121)
       [4] generate_with_options (res://scripts/procgen/ship_layout_generator.gd:78)
       [5] generate (res://scripts/procgen/ship_generator.gd:71)
       [6] _initialize (res://scripts/validation/derelict_generator_smoke.gd:86)
WARNING: RoomAssigner: guaranteed role 'dock' has no eligible zone in this template; guarantee skipped
   at: push_warning (core/variant/variant_utility.cpp:1033)
   GDScript backtrace (most recent call first):
       [0] _enforce_guaranteed_roles (res://scripts/procgen/room_assigner.gd:216)
       [1] assign_with_selector (res://scripts/procgen/room_assigner.gd:165)
       [2] assign (res://scripts/procgen/room_assigner.gd:63)
       [3] _generate_once (res://scripts/procgen/ship_layout_generator.gd:121)
       [4] generate_with_options (res://scripts/procgen/ship_layout_generator.gd:78)
       [5] generate (res://scripts/procgen/ship_generator.gd:71)
       [6] _initialize (res://scripts/validation/derelict_generator_smoke.gd:86)
GameplaySliceBuilder slot_fallback room=armory_01 kind=salvage
WARNING: RoomAssigner: guaranteed role 'dock' has no eligible zone in this template; guarantee skipped
   at: push_warning (core/variant/variant_utility.cpp:1033)
   GDScript backtrace (most recent call first):
       [0] _enforce_guaranteed_roles (res://scripts/procgen/room_assigner.gd:216)
       [1] assign_with_selector (res://scripts/procgen/room_assigner.gd:165)
       [2] assign (res://scripts/procgen/room_assigner.gd:63)
       [3] _generate_once (res://scripts/procgen/ship_layout_generator.gd:121)
       [4] generate_with_options (res://scripts/procgen/ship_layout_generator.gd:78)
       [5] generate (res://scripts/procgen/ship_generator.gd:71)
       [6] _initialize (res://scripts/validation/derelict_generator_smoke.gd:86)
GameplaySliceBuilder slot_fallback room=mess_hall_01 kind=salvage
WARNING: RoomAssigner: guaranteed role 'dock' has no eligible zone in this template; guarantee skipped
   at: push_warning (core/variant/variant_utility.cpp:1033)
   GDScript backtrace (most recent call first):
       [0] _enforce_guaranteed_roles (res://scripts/procgen/room_assigner.gd:216)
       [1] assign_with_selector (res://scripts/procgen/room_assigner.gd:165)
       [2] assign (res://scripts/procgen/room_assigner.gd:63)
       [3] _generate_once (res://scripts/procgen/ship_layout_generator.gd:121)
       [4] generate_with_options (res://scripts/procgen/ship_layout_generator.gd:78)
       [5] generate (res://scripts/procgen/ship_generator.gd:71)
       [6] _initialize (res://scripts/validation/derelict_generator_smoke.gd:86)
WARNING: RoomAssigner: guaranteed role 'dock' has no eligible zone in this template; guarantee skipped
   at: push_warning (core/variant/variant_utility.cpp:1033)
   GDScript backtrace (most recent call first):
       [0] _enforce_guaranteed_roles (res://scripts/procgen/room_assigner.gd:216)
       [1] assign_with_selector (res://scripts/procgen/room_assigner.gd:165)
       [2] assign (res://scripts/procgen/room_assigner.gd:63)
       [3] _generate_once (res://scripts/procgen/ship_layout_generator.gd:121)
       [4] generate_with_options (res://scripts/procgen/ship_layout_generator.gd:78)
       [5] generate (res://scripts/procgen/ship_generator.gd:71)
       [6] _initialize (res://scripts/validation/derelict_generator_smoke.gd:86)
GameplaySliceBuilder slot_fallback room=armory_02 kind=salvage
WARNING: RoomAssigner: guaranteed role 'dock' has no eligible zone in this template; guarantee skipped
   at: push_warning (core/variant/variant_utility.cpp:1033)
   GDScript backtrace (most recent call first):
       [0] _enforce_guaranteed_roles (res://scripts/procgen/room_assigner.gd:216)
       [1] assign_with_selector (res://scripts/procgen/room_assigner.gd:165)
       [2] assign (res://scripts/procgen/room_assigner.gd:63)
       [3] _generate_once (res://scripts/procgen/ship_layout_generator.gd:121)
       [4] generate_with_options (res://scripts/procgen/ship_layout_generator.gd:78)
       [5] generate (res://scripts/procgen/ship_generator.gd:71)
       [6] _initialize (res://scripts/validation/derelict_generator_smoke.gd:86)
GameplaySliceBuilder slot_fallback room=cargo_01 kind=salvage
WARNING: RoomAssigner: guaranteed role 'dock' has no eligible zone in this template; guarantee skipped
   at: push_warning (core/variant/variant_utility.cpp:1033)
   GDScript backtrace (most recent call first):
       [0] _enforce_guaranteed_roles (res://scripts/procgen/room_assigner.gd:216)
       [1] assign_with_selector (res://scripts/procgen/room_assigner.gd:165)
       [2] assign (res://scripts/procgen/room_assigner.gd:63)
       [3] _generate_once (res://scripts/procgen/ship_layout_generator.gd:121)
       [4] generate_with_options (res://scripts/procgen/ship_layout_generator.gd:78)
       [5] generate (res://scripts/procgen/ship_generator.gd:71)
       [6] _initialize (res://scripts/validation/derelict_generator_smoke.gd:86)
GameplaySliceBuilder slot_fallback room=bridge_01 kind=salvage
WARNING: RoomAssigner: guaranteed role 'dock' has no eligible zone in this template; guarantee skipped
   at: push_warning (core/variant/variant_utility.cpp:1033)
   GDScript backtrace (most recent call first):
       [0] _enforce_guaranteed_roles (res://scripts/procgen/room_assigner.gd:216)
       [1] assign_with_selector (res://scripts/procgen/room_assigner.gd:165)
       [2] assign (res://scripts/procgen/room_assigner.gd:63)
       [3] _generate_once (res://scripts/procgen/ship_layout_generator.gd:121)
       [4] generate_with_options (res://scripts/procgen/ship_layout_generator.gd:78)
       [5] generate (res://scripts/procgen/ship_generator.gd:71)
       [6] _initialize (res://scripts/validation/derelict_generator_smoke.gd:86)
GameplaySliceBuilder slot_fallback room=storage_01 kind=salvage
WARNING: RoomAssigner: guaranteed role 'dock' has no eligible zone in this template; guarantee skipped
   at: push_warning (core/variant/variant_utility.cpp:1033)
   GDScript backtrace (most recent call first):
       [0] _enforce_guaranteed_roles (res://scripts/procgen/room_assigner.gd:216)
       [1] assign_with_selector (res://scripts/procgen/room_assigner.gd:165)
       [2] assign (res://scripts/procgen/room_assigner.gd:63)
       [3] _generate_once (res://scripts/procgen/ship_layout_generator.gd:121)
       [4] generate_with_options (res://scripts/procgen/ship_layout_generator.gd:78)
       [5] generate (res://scripts/procgen/ship_generator.gd:71)
       [6] _initialize (res://scripts/validation/derelict_generator_smoke.gd:86)
WARNING: RoomAssigner: guaranteed role 'dock' has no eligible zone in this template; guarantee skipped
   at: push_warning (core/variant/variant_utility.cpp:1033)
   GDScript backtrace (most recent call first):
       [0] _enforce_guaranteed_roles (res://scripts/procgen/room_assigner.gd:216)
       [1] assign_with_selector (res://scripts/procgen/room_assigner.gd:165)
       [2] assign (res://scripts/procgen/room_assigner.gd:63)
       [3] _generate_once (res://scripts/procgen/ship_layout_generator.gd:121)
       [4] generate_with_options (res://scripts/procgen/ship_layout_generator.gd:78)
       [5] generate (res://scripts/procgen/ship_generator.gd:71)
       [6] _initialize (res://scripts/validation/derelict_generator_smoke.gd:86)
WARNING: RoomAssigner: guaranteed role 'dock' has no eligible zone in this template; guarantee skipped
   at: push_warning (core/variant/variant_utility.cpp:1033)
   GDScript backtrace (most recent call first):
       [0] _enforce_guaranteed_roles (res://scripts/procgen/room_assigner.gd:216)
       [1] assign_with_selector (res://scripts/procgen/room_assigner.gd:165)
       [2] assign (res://scripts/procgen/room_assigner.gd:63)
       [3] _generate_once (res://scripts/procgen/ship_layout_generator.gd:121)
       [4] generate_with_options (res://scripts/procgen/ship_layout_generator.gd:78)
       [5] generate (res://scripts/procgen/ship_generator.gd:71)
       [6] _initialize (res://scripts/validation/derelict_generator_smoke.gd:86)
GameplaySliceBuilder slot_fallback room=storage_01 kind=salvage
WARNING: RoomAssigner: guaranteed role 'dock' has no eligible zone in this template; guarantee skipped
   at: push_warning (core/variant/variant_utility.cpp:1033)
   GDScript backtrace (most recent call first):
       [0] _enforce_guaranteed_roles (res://scripts/procgen/room_assigner.gd:216)
       [1] assign_with_selector (res://scripts/procgen/room_assigner.gd:165)
       [2] assign (res://scripts/procgen/room_assigner.gd:63)
       [3] _generate_once (res://scripts/procgen/ship_layout_generator.gd:121)
       [4] generate_with_options (res://scripts/procgen/ship_layout_generator.gd:78)
       [5] generate (res://scripts/procgen/ship_generator.gd:71)
       [6] _initialize (res://scripts/validation/derelict_generator_smoke.gd:86)
WARNING: RoomAssigner: guaranteed role 'dock' has no eligible zone in this template; guarantee skipped
   at: push_warning (core/variant/variant_utility.cpp:1033)
   GDScript backtrace (most recent call first):
       [0] _enforce_guaranteed_roles (res://scripts/procgen/room_assigner.gd:216)
       [1] assign_with_selector (res://scripts/procgen/room_assigner.gd:165)
       [2] assign (res://scripts/procgen/room_assigner.gd:63)
       [3] _generate_once (res://scripts/procgen/ship_layout_generator.gd:121)
       [4] generate_with_options (res://scripts/procgen/ship_layout_generator.gd:78)
       [5] generate (res://scripts/procgen/ship_generator.gd:71)
       [6] _initialize (res://scripts/validation/derelict_generator_smoke.gd:86)
GameplaySliceBuilder slot_fallback room=crew_quarters_01 kind=salvage
GameplaySliceBuilder slot_fallback room=storage_01 kind=salvage
WARNING: RoomAssigner: guaranteed role 'dock' has no eligible zone in this template; guarantee skipped
   at: push_warning (core/variant/variant_utility.cpp:1033)
   GDScript backtrace (most recent call first):
       [0] _enforce_guaranteed_roles (res://scripts/procgen/room_assigner.gd:216)
       [1] assign_with_selector (res://scripts/procgen/room_assigner.gd:165)
       [2] assign (res://scripts/procgen/room_assigner.gd:63)
       [3] _generate_once (res://scripts/procgen/ship_layout_generator.gd:121)
       [4] generate_with_options (res://scripts/procgen/ship_layout_generator.gd:78)
       [5] generate (res://scripts/procgen/ship_generator.gd:71)
       [6] _initialize (res://scripts/validation/derelict_generator_smoke.gd:86)
WARNING: RoomAssigner: guaranteed role 'dock' has no eligible zone in this template; guarantee skipped
   at: push_warning (core/variant/variant_utility.cpp:1033)
   GDScript backtrace (most recent call first):
       [0] _enforce_guaranteed_roles (res://scripts/procgen/room_assigner.gd:216)
       [1] assign_with_selector (res://scripts/procgen/room_assigner.gd:165)
       [2] assign (res://scripts/procgen/room_assigner.gd:63)
       [3] _generate_once (res://scripts/procgen/ship_layout_generator.gd:121)
       [4] generate_with_options (res://scripts/procgen/ship_layout_generator.gd:78)
       [5] generate (res://scripts/procgen/ship_generator.gd:71)
       [6] _initialize (res://scripts/validation/derelict_generator_smoke.gd:86)
WARNING: RoomAssigner: guaranteed role 'dock' has no eligible zone in this template; guarantee skipped
   at: push_warning (core/variant/variant_utility.cpp:1033)
   GDScript backtrace (most recent call first):
       [0] _enforce_guaranteed_roles (res://scripts/procgen/room_assigner.gd:216)
       [1] assign_with_selector (res://scripts/procgen/room_assigner.gd:165)
       [2] assign (res://scripts/procgen/room_assigner.gd:63)
       [3] _generate_once (res://scripts/procgen/ship_layout_generator.gd:121)
       [4] generate_with_options (res://scripts/procgen/ship_layout_generator.gd:78)
       [5] generate (res://scripts/procgen/ship_generator.gd:71)
       [6] _initialize (res://scripts/validation/derelict_generator_smoke.gd:86)
GameplaySliceBuilder slot_fallback room=storage_01 kind=salvage
WARNING: RoomAssigner: guaranteed role 'dock' has no eligible zone in this template; guarantee skipped
   at: push_warning (core/variant/variant_utility.cpp:1033)
   GDScript backtrace (most recent call first):
       [0] _enforce_guaranteed_roles (res://scripts/procgen/room_assigner.gd:216)
       [1] assign_with_selector (res://scripts/procgen/room_assigner.gd:165)
       [2] assign (res://scripts/procgen/room_assigner.gd:63)
       [3] _generate_once (res://scripts/procgen/ship_layout_generator.gd:121)
       [4] generate_with_options (res://scripts/procgen/ship_layout_generator.gd:78)
       [5] generate (res://scripts/procgen/ship_generator.gd:71)
       [6] _initialize (res://scripts/validation/derelict_generator_smoke.gd:86)
WARNING: RoomAssigner: guaranteed role 'dock' has no eligible zone in this template; guarantee skipped
   at: push_warning (core/variant/variant_utility.cpp:1033)
   GDScript backtrace (most recent call first):
       [0] _enforce_guaranteed_roles (res://scripts/procgen/room_assigner.gd:216)
       [1] assign_with_selector (res://scripts/procgen/room_assigner.gd:165)
       [2] assign (res://scripts/procgen/room_assigner.gd:63)
       [3] _generate_once (res://scripts/procgen/ship_layout_generator.gd:121)
       [4] generate_with_options (res://scripts/procgen/ship_layout_generator.gd:78)
       [5] generate (res://scripts/procgen/ship_generator.gd:71)
       [6] _initialize (res://scripts/validation/derelict_generator_smoke.gd:86)
WARNING: RoomAssigner: guaranteed role 'dock' has no eligible zone in this template; guarantee skipped
   at: push_warning (core/variant/variant_utility.cpp:1033)
   GDScript backtrace (most recent call first):
       [0] _enforce_guaranteed_roles (res://scripts/procgen/room_assigner.gd:216)
       [1] assign_with_selector (res://scripts/procgen/room_assigner.gd:165)
       [2] assign (res://scripts/procgen/room_assigner.gd:63)
       [3] _generate_once (res://scripts/procgen/ship_layout_generator.gd:121)
       [4] generate_with_options (res://scripts/procgen/ship_layout_generator.gd:78)
       [5] generate (res://scripts/procgen/ship_generator.gd:71)
       [6] _initialize (res://scripts/validation/derelict_generator_smoke.gd:86)
WARNING: RoomAssigner: guaranteed role 'dock' has no eligible zone in this template; guarantee skipped
   at: push_warning (core/variant/variant_utility.cpp:1033)
   GDScript backtrace (most recent call first):
       [0] _enforce_guaranteed_roles (res://scripts/procgen/room_assigner.gd:216)
       [1] assign_with_selector (res://scripts/procgen/room_assigner.gd:165)
       [2] assign (res://scripts/procgen/room_assigner.gd:63)
       [3] _generate_once (res://scripts/procgen/ship_layout_generator.gd:121)
       [4] generate_with_options (res://scripts/procgen/ship_layout_generator.gd:78)
       [5] generate (res://scripts/procgen/ship_generator.gd:71)
       [6] _initialize (res://scripts/validation/derelict_generator_smoke.gd:86)
WARNING: RoomAssigner: guaranteed role 'dock' has no eligible zone in this template; guarantee skipped
   at: push_warning (core/variant/variant_utility.cpp:1033)
   GDScript backtrace (most recent call first):
       [0] _enforce_guaranteed_roles (res://scripts/procgen/room_assigner.gd:216)
       [1] assign_with_selector (res://scripts/procgen/room_assigner.gd:165)
       [2] assign (res://scripts/procgen/room_assigner.gd:63)
       [3] _generate_once (res://scripts/procgen/ship_layout_generator.gd:121)
       [4] generate_with_options (res://scripts/procgen/ship_layout_generator.gd:78)
       [5] generate (res://scripts/procgen/ship_generator.gd:71)
       [6] _initialize (res://scripts/validation/derelict_generator_smoke.gd:86)
GameplaySliceBuilder slot_fallback room=crew_quarters_01 kind=salvage
GameplaySliceBuilder slot_fallback room=armory_01 kind=salvage
WARNING: RoomAssigner: guaranteed role 'dock' has no eligible zone in this template; guarantee skipped
   at: push_warning (core/variant/variant_utility.cpp:1033)
   GDScript backtrace (most recent call first):
       [0] _enforce_guaranteed_roles (res://scripts/procgen/room_assigner.gd:216)
       [1] assign_with_selector (res://scripts/procgen/room_assigner.gd:165)
       [2] assign (res://scripts/procgen/room_assigner.gd:63)
       [3] _generate_once (res://scripts/procgen/ship_layout_generator.gd:121)
       [4] generate_with_options (res://scripts/procgen/ship_layout_generator.gd:78)
       [5] generate (res://scripts/procgen/ship_generator.gd:71)
       [6] _initialize (res://scripts/validation/derelict_generator_smoke.gd:86)
GameplaySliceBuilder slot_fallback room=cargo_01 kind=salvage
WARNING: RoomAssigner: guaranteed role 'dock' has no eligible zone in this template; guarantee skipped
   at: push_warning (core/variant/variant_utility.cpp:1033)
   GDScript backtrace (most recent call first):
       [0] _enforce_guaranteed_roles (res://scripts/procgen/room_assigner.gd:216)
       [1] assign_with_selector (res://scripts/procgen/room_assigner.gd:165)
       [2] assign (res://scripts/procgen/room_assigner.gd:63)
       [3] _generate_once (res://scripts/procgen/ship_layout_generator.gd:121)
       [4] generate_with_options (res://scripts/procgen/ship_layout_generator.gd:78)
       [5] generate (res://scripts/procgen/ship_generator.gd:71)
       [6] _initialize (res://scripts/validation/derelict_generator_smoke.gd:86)
WARNING: RoomAssigner: guaranteed role 'dock' has no eligible zone in this template; guarantee skipped
   at: push_warning (core/variant/variant_utility.cpp:1033)
   GDScript backtrace (most recent call first):
       [0] _enforce_guaranteed_roles (res://scripts/procgen/room_assigner.gd:216)
       [1] assign_with_selector (res://scripts/procgen/room_assigner.gd:165)
       [2] assign (res://scripts/procgen/room_assigner.gd:63)
       [3] _generate_once (res://scripts/procgen/ship_layout_generator.gd:121)
       [4] generate_with_options (res://scripts/procgen/ship_layout_generator.gd:78)
       [5] generate (res://scripts/procgen/ship_generator.gd:71)
       [6] _initialize (res://scripts/validation/derelict_generator_smoke.gd:86)
WARNING: RoomAssigner: guaranteed role 'dock' has no eligible zone in this template; guarantee skipped
   at: push_warning (core/variant/variant_utility.cpp:1033)
   GDScript backtrace (most recent call first):
       [0] _enforce_guaranteed_roles (res://scripts/procgen/room_assigner.gd:216)
       [1] assign_with_selector (res://scripts/procgen/room_assigner.gd:165)
       [2] assign (res://scripts/procgen/room_assigner.gd:63)
       [3] _generate_once (res://scripts/procgen/ship_layout_generator.gd:121)
       [4] generate_with_options (res://scripts/procgen/ship_layout_generator.gd:78)
       [5] generate (res://scripts/procgen/ship_generator.gd:71)
       [6] _initialize (res://scripts/validation/derelict_generator_smoke.gd:86)
GameplaySliceBuilder slot_fallback room=medical_01 kind=salvage
WARNING: RoomAssigner: guaranteed role 'dock' has no eligible zone in this template; guarantee skipped
   at: push_warning (core/variant/variant_utility.cpp:1033)
   GDScript backtrace (most recent call first):
       [0] _enforce_guaranteed_roles (res://scripts/procgen/room_assigner.gd:216)
       [1] assign_with_selector (res://scripts/procgen/room_assigner.gd:165)
       [2] assign (res://scripts/procgen/room_assigner.gd:63)
       [3] _generate_once (res://scripts/procgen/ship_layout_generator.gd:121)
       [4] generate_with_options (res://scripts/procgen/ship_layout_generator.gd:78)
       [5] generate (res://scripts/procgen/ship_generator.gd:71)
       [6] _initialize (res://scripts/validation/derelict_generator_smoke.gd:86)
WARNING: RoomAssigner: guaranteed role 'dock' has no eligible zone in this template; guarantee skipped
   at: push_warning (core/variant/variant_utility.cpp:1033)
   GDScript backtrace (most recent call first):
       [0] _enforce_guaranteed_roles (res://scripts/procgen/room_assigner.gd:216)
       [1] assign_with_selector (res://scripts/procgen/room_assigner.gd:165)
       [2] assign (res://scripts/procgen/room_assigner.gd:63)
       [3] _generate_once (res://scripts/procgen/ship_layout_generator.gd:121)
       [4] generate_with_options (res://scripts/procgen/ship_layout_generator.gd:78)
       [5] generate (res://scripts/procgen/ship_generator.gd:71)
       [6] _initialize (res://scripts/validation/derelict_generator_smoke.gd:86)
WARNING: RoomAssigner: guaranteed role 'dock' has no eligible zone in this template; guarantee skipped
   at: push_warning (core/variant/variant_utility.cpp:1033)
   GDScript backtrace (most recent call first):
       [0] _enforce_guaranteed_roles (res://scripts/procgen/room_assigner.gd:216)
       [1] assign_with_selector (res://scripts/procgen/room_assigner.gd:165)
       [2] assign (res://scripts/procgen/room_assigner.gd:63)
       [3] _generate_once (res://scripts/procgen/ship_layout_generator.gd:121)
       [4] generate_with_options (res://scripts/procgen/ship_layout_generator.gd:78)
       [5] generate (res://scripts/procgen/ship_generator.gd:71)
       [6] _initialize (res://scripts/validation/derelict_generator_smoke.gd:86)
WARNING: RoomAssigner: guaranteed role 'dock' has no eligible zone in this template; guarantee skipped
   at: push_warning (core/variant/variant_utility.cpp:1033)
   GDScript backtrace (most recent call first):
       [0] _enforce_guaranteed_roles (res://scripts/procgen/room_assigner.gd:216)
       [1] assign_with_selector (res://scripts/procgen/room_assigner.gd:165)
       [2] assign (res://scripts/procgen/room_assigner.gd:63)
       [3] _generate_once (res://scripts/procgen/ship_layout_generator.gd:121)
       [4] generate_with_options (res://scripts/procgen/ship_layout_generator.gd:78)
       [5] generate (res://scripts/procgen/ship_generator.gd:71)
       [6] _initialize (res://scripts/validation/derelict_generator_smoke.gd:86)
GameplaySliceBuilder slot_fallback room=bridge_01 kind=salvage
GameplaySliceBuilder slot_fallback room=storage_01 kind=salvage
WARNING: RoomAssigner: guaranteed role 'dock' has no eligible zone in this template; guarantee skipped
   at: push_warning (core/variant/variant_utility.cpp:1033)
   GDScript backtrace (most recent call first):
       [0] _enforce_guaranteed_roles (res://scripts/procgen/room_assigner.gd:216)
       [1] assign_with_selector (res://scripts/procgen/room_assigner.gd:165)
       [2] assign (res://scripts/procgen/room_assigner.gd:63)
       [3] _generate_once (res://scripts/procgen/ship_layout_generator.gd:121)
       [4] generate_with_options (res://scripts/procgen/ship_layout_generator.gd:78)
       [5] generate (res://scripts/procgen/ship_generator.gd:71)
       [6] _initialize (res://scripts/validation/derelict_generator_smoke.gd:86)
WARNING: RoomAssigner: guaranteed role 'dock' has no eligible zone in this template; guarantee skipped
   at: push_warning (core/variant/variant_utility.cpp:1033)
   GDScript backtrace (most recent call first):
       [0] _enforce_guaranteed_roles (res://scripts/procgen/room_assigner.gd:216)
       [1] assign_with_selector (res://scripts/procgen/room_assigner.gd:165)
       [2] assign (res://scripts/procgen/room_assigner.gd:63)
       [3] _generate_once (res://scripts/procgen/ship_layout_generator.gd:121)
       [4] generate_with_options (res://scripts/procgen/ship_layout_generator.gd:78)
       [5] generate (res://scripts/procgen/ship_generator.gd:71)
       [6] _initialize (res://scripts/validation/derelict_generator_smoke.gd:86)
WARNING: RoomAssigner: guaranteed role 'dock' has no eligible zone in this template; guarantee skipped
   at: push_warning (core/variant/variant_utility.cpp:1033)
   GDScript backtrace (most recent call first):
       [0] _enforce_guaranteed_roles (res://scripts/procgen/room_assigner.gd:216)
       [1] assign_with_selector (res://scripts/procgen/room_assigner.gd:165)
       [2] assign (res://scripts/procgen/room_assigner.gd:63)
       [3] _generate_once (res://scripts/procgen/ship_layout_generator.gd:121)
       [4] generate_with_options (res://scripts/procgen/ship_layout_generator.gd:78)
       [5] generate (res://scripts/procgen/ship_generator.gd:71)
       [6] _initialize (res://scripts/validation/derelict_generator_smoke.gd:86)
GameplaySliceBuilder slot_fallback room=crew_quarters_01 kind=salvage
GameplaySliceBuilder slot_fallback room=storage_02 kind=salvage
DERELICT GENERATOR PASS seeds=100 determinism=3 hangar_seeds=80
=== procgen layout stress smoke ===
Initialize godot-rust (API v4.6.stable.official, runtime v4.7.2.stable.mono.official, safeguards balanced)
Godot Engine v4.7.2.stable.mono.official.ed1daf0bf - https://godotengine.org

PROCGEN LAYOUT STRESS PASS total=60/60 rooms=[9,12] golden=deterministic
PROCGEN LAYOUT STRESS SEED17 PASS rooms=11 occupied_cells=53 portals=12 compiler_errors=0
=== load from blueprint smoke ===
Initialize godot-rust (API v4.6.stable.official, runtime v4.7.2.stable.mono.official, safeguards balanced)
Godot Engine v4.7.2.stable.mono.official.ed1daf0bf - https://godotengine.org

GameplaySliceBuilder slot_fallback room=bridge_01 kind=salvage
GameplaySliceBuilder slot_fallback room=storage_01 kind=salvage
ERROR: PlayableGeneratedShip.load_from_blueprint: blueprint must not be null
   at: push_error (core/variant/variant_utility.cpp:1023)
   GDScript backtrace (most recent call first):
       [0] load_from_blueprint (res://scripts/procgen/playable_generated_ship.gd:713)
       [1] _initialize (res://scripts/validation/load_from_blueprint_smoke.gd:60)
GameplaySliceBuilder slot_fallback room=mess_hall_01 kind=salvage
GameplaySliceBuilder slot_fallback room=storage_01 kind=salvage
LOAD FROM BLUEPRINT INTEGRATION PASS sizes=3 room_count=10 null_rejected=true
PLAYABLE SHIP READY player_spawned=true camera_spawned=true objectives=1 collision_shapes=225
=== ship generator smoke ===
Initialize godot-rust (API v4.6.stable.official, runtime v4.7.2.stable.mono.official, safeguards balanced)
Godot Engine v4.7.2.stable.mono.official.ed1daf0bf - https://godotengine.org

SHIP GENERATOR PASS life_boat=true small=true deterministic=true life_rooms=9 small_rooms=24
=== procgen playable ship smoke ===
Initialize godot-rust (API v4.6.stable.official, runtime v4.7.2.stable.mono.official, safeguards balanced)
Godot Engine v4.7.2.stable.mono.official.ed1daf0bf - https://godotengine.org

PLAYABLE SHIP READY player_spawned=true camera_spawned=true objectives=1 collision_shapes=225
ACHIEVEMENT UNLOCKED trigger=objective_completed target=objectives[0] id=objective_complete
SHIP SYSTEM UPDATED sequence=1 type=reach_room power=20 reactor=20 extraction=false route_opened=0 blockers=0
PLAYABLE INTERACTION interaction=objective:01:bridge_07:reach_goal objective=bridge_07:reach_goal sequence=1 type=reach_room room=bridge_07
ACHIEVEMENT UNLOCKED trigger=run_complete target=complete id=extracted
PLAYABLE SLICE COMPLETE objectives_completed=1
META PAYOUT reason=completion payout=10 meta_currency=360 runs_completed=10
PLAYABLE SHIP SMOKE PASS player_spawned=true collision_checked=true interaction_completed=true objectives_completed=1 objective_count=1 collision_shapes=225 frames=1
=== procgen runtime demo smoke ===
Initialize godot-rust (API v4.6.stable.official, runtime v4.7.2.stable.mono.official, safeguards balanced)
Godot Engine v4.7.2.stable.mono.official.ed1daf0bf - https://godotengine.org

RUNTIME SHIP LOADED wrappers=174 vertical_links=0 objectives=1
RUNTIME INTERACTION objective=bridge_07:reach_goal sequence=1 type=reach_room room=bridge_07
RUNTIME GAMEPLAY DEMO PASS objectives=1 interactions=1 frames=523 final_distance=0.753
RUNTIME GAMEPLAY DEMO PASS objectives=1 interactions=1 frames=523 final_distance=0.753
=== procgen walkability smoke ===
Initialize godot-rust (API v4.6.stable.official, runtime v4.7.2.stable.mono.official, safeguards balanced)
Godot Engine v4.7.2.stable.mono.official.ed1daf0bf - https://godotengine.org

GameplaySliceBuilder slot_fallback room=crew_quarters_01 kind=salvage
WALKABILITY PASS spine_seed_42 compiler_walls=true doorway=true no_void=true no_wall_through=true nav_kinds=true
=== interior aabb smoke ===
Initialize godot-rust (API v4.6.stable.official, runtime v4.7.2.stable.mono.official, safeguards balanced)
Godot Engine v4.7.2.stable.mono.official.ed1daf0bf - https://godotengine.org

INTERIOR AABB PASS nondegenerate=true positioned=true contains=true
=== kit catalog smoke ===
Initialize godot-rust (API v4.6.stable.official, runtime v4.7.2.stable.mono.official, safeguards balanced)
Godot Engine v4.7.2.stable.mono.official.ed1daf0bf - https://godotengine.org

KIT CATALOG PASS loaded=6 default=ship_structural_v0 airlock=3 eng=3 breach_select=ok fallback=ok real_stems=true default_role_module=floor_1x1 ids_sorted=true
=== hive biomatter kit smoke ===
Initialize godot-rust (API v4.6.stable.official, runtime v4.7.2.stable.mono.official, safeguards balanced)
Godot Engine v4.7.2.stable.mono.official.ed1daf0bf - https://godotengine.org

HIVE BIOMATTER KIT PASS template=true kit=true sockets_fallback=true occupancy=true v0_paths=true
=== floor wrapper collision footprint smoke ===
Initialize godot-rust (API v4.6.stable.official, runtime v4.7.2.stable.mono.official, safeguards balanced)
Godot Engine v4.7.2.stable.mono.official.ed1daf0bf - https://godotengine.org

FLOOR WRAPPER COLLISION FOOTPRINT PASS checked=4
=== structural wrapper collision footprint smoke ===
Initialize godot-rust (API v4.6.stable.official, runtime v4.7.2.stable.mono.official, safeguards balanced)
Godot Engine v4.7.2.stable.mono.official.ed1daf0bf - https://godotengine.org

STRUCTURAL WRAPPER COLLISION FOOTPRINT PASS walls=true corners=true doors=true aperture=true thickness=0.2 hatch_skipped=true
=== readability prop factory smoke ===
Initialize godot-rust (API v4.6.stable.official, runtime v4.7.2.stable.mono.official, safeguards balanced)
Godot Engine v4.7.2.stable.mono.official.ed1daf0bf - https://godotengine.org

READABILITY PROP FACTORY PASS props=9
=== procgen loader playable contract smoke ===
Initialize godot-rust (API v4.6.stable.official, runtime v4.7.2.stable.mono.official, safeguards balanced)
Godot Engine v4.7.2.stable.mono.official.ed1daf0bf - https://godotengine.org

PROCGEN LOADER PLAYABLE CONTRACT PASS loaded=true objectives=1 collision_shapes=225 structural_live=true edge_wrappers=70 floor_wrappers=52
=== Task 1.3 structural live loader smoke ===
Initialize godot-rust (API v4.6.stable.official, runtime v4.7.2.stable.mono.official, safeguards balanced)
Godot Engine v4.7.2.stable.mono.official.ed1daf0bf - https://godotengine.org

GameplaySliceBuilder slot_fallback room=cargo_03 kind=salvage
GameplaySliceBuilder slot_fallback room=crew_quarters_01 kind=salvage
GameplaySliceBuilder slot_fallback room=cargo_01 kind=salvage
STRUCTURAL LIVE LOADER PASS seeds=2 biome=breach_field kit_wrappers=254 kit_meshes=7822 floor_wrappers=73 edge_wrappers=108
=== Tranche 6 demo scope gate model smoke ===
Initialize godot-rust (API v4.6.stable.official, runtime v4.7.2.stable.mono.official, safeguards balanced)
Godot Engine v4.7.2.stable.mono.official.ed1daf0bf - https://godotengine.org

DEMO SCOPE GATE PASS build_kind=release blocked=5 allowed=0 unknown_rejected=true params=true
=== Tranche 6 demo scope enforcement smoke ===
Initialize godot-rust (API v4.6.stable.official, runtime v4.7.2.stable.mono.official, safeguards balanced)
Godot Engine v4.7.2.stable.mono.official.ed1daf0bf - https://godotengine.org

The Synaptic Sea coherent proof ship bootstrap loaded.
PLAYABLE SHIP READY player_spawned=true camera_spawned=true objectives=5 collision_shapes=112
PLAYABLE SHIP SAVED location= sequence=1
PLAYABLE SHIP SAVED location= sequence=1
DEMO SCOPE ENFORCEMENT PASS dev_unaffected=true save_cap=true world_skip=true hub_blocked=true hazards_capped=true cargo_capped=true
=== Tranche 6 unlock trigger production smoke ===
Initialize godot-rust (API v4.6.stable.official, runtime v4.7.2.stable.mono.official, safeguards balanced)
Godot Engine v4.7.2.stable.mono.official.ed1daf0bf - https://godotengine.org

The Synaptic Sea coherent proof ship bootstrap loaded.
PLAYABLE SHIP READY player_spawned=true camera_spawned=true objectives=5 collision_shapes=112
ACHIEVEMENT UNLOCKED trigger=loot_searched target=corpse_unlock_probe id=first_loot
LOOT CONTAINER SEARCHED marker= container=corpse_unlock_probe granted=1
META PAYOUT reason=completion payout=0 meta_currency=0 runs_completed=1
UNLOCK TRIGGER PRODUCTION PASS triggers_valid=true scavenge_emitted=true codex_unlocked=true class_unlocked=true bridge_unlocked=true
=== Stream D unlock trigger live actions smoke ===
Initialize godot-rust (API v4.6.stable.official, runtime v4.7.2.stable.mono.official, safeguards balanced)
Godot Engine v4.7.2.stable.mono.official.ed1daf0bf - https://godotengine.org

The Synaptic Sea coherent proof ship bootstrap loaded.
PLAYABLE SHIP READY player_spawned=true camera_spawned=true objectives=5 collision_shapes=112
CRAFT STARTED station=kitchen recipe=cook_basic_meal
CRAFT COMPLETED item=cooked_meal qty=1 quality=standard
CRAFT STARTED station=fabricator recipe=craft_power_cell
CRAFT COMPLETED item=power_cell qty=1 quality=poor
ACHIEVEMENT UNLOCKED trigger=repair_consumed target=power.battery_cells id=first_repair
REPAIR COMPLETED system=power sub=battery_cells operational=false
UNLOCK TRIGGER STREAM D PASS scan=true first_aid=true cook=true fabricate=true repair=true weld=true travel=true
=== Stream E unlock + junk salvage smoke ===
Initialize godot-rust (API v4.6.stable.official, runtime v4.7.2.stable.mono.official, safeguards balanced)
Godot Engine v4.7.2.stable.mono.official.ed1daf0bf - https://godotengine.org

The Synaptic Sea coherent proof ship bootstrap loaded.
PLAYABLE SHIP READY player_spawned=true camera_spawned=true objectives=5 collision_shapes=112
CRAFT COMPLETED item=stimulant qty=1 quality=standard
SALVAGE COMPLETED junk=frayed_cable_coil primary=wiring_bundle qty=2 multi=true
UNLOCK TRIGGER STREAM E PASS ration=true diagnose=true discover=true extract=true compound=true junk_salvage=true
=== Stream F unlock + Fire B2 smoke ===
Initialize godot-rust (API v4.6.stable.official, runtime v4.7.2.stable.mono.official, safeguards balanced)
Godot Engine v4.7.2.stable.mono.official.ed1daf0bf - https://godotengine.org

The Synaptic Sea coherent proof ship bootstrap loaded.
PLAYABLE SHIP READY player_spawned=true camera_spawned=true objectives=5 collision_shapes=112
MEDBAY SURGERY health=90.0
WARNING: AudioManager: stream file missing, path='res://data/audio/voice/log_beacon_01.ogg'
   at: push_warning (core/variant/variant_utility.cpp:1033)
   GDScript backtrace (most recent call first):
       [0] _load_stream_cached (res://scripts/audio/audio_manager.gd:437)
       [1] _play_via_bus (res://scripts/audio/audio_manager.gd:476)
       [2] play_voice_log (res://scripts/audio/audio_manager.gd:397)
       [3] _validate (res://scripts/validation/unlock_trigger_stream_f_smoke.gd:126)
       [4] _on_frame (res://scripts/validation/unlock_trigger_stream_f_smoke.gd:43)
UNLOCK TRIGGER STREAM F PASS surgery=true decode=true shelter=true social=true fire_b2=true
=== ADR-0049 ship nav graph smoke ===
Initialize godot-rust (API v4.6.stable.official, runtime v4.7.2.stable.mono.official, safeguards balanced)
Godot Engine v4.7.2.stable.mono.official.ed1daf0bf - https://godotengine.org

SHIP NAV GRAPH PASS nodes=26 edges=29 path=true wall=true shortcut_blocked=true stacked_vertical=true
=== ADR-0049 threat pathfinder smoke ===
Initialize godot-rust (API v4.6.stable.official, runtime v4.7.2.stable.mono.official, safeguards balanced)
Godot Engine v4.7.2.stable.mono.official.ed1daf0bf - https://godotengine.org

THREAT PATHFINDER PASS path=true step=true flee=true
=== ADR-0049 threat path follow smoke ===
Initialize godot-rust (API v4.6.stable.official, runtime v4.7.2.stable.mono.official, safeguards balanced)
Godot Engine v4.7.2.stable.mono.official.ed1daf0bf - https://godotengine.org

THREAT PATH FOLLOW PASS advanced=true no_tunnel=true graph=true
=== ADR-0049 main playable threat pathfinding smoke ===
Initialize godot-rust (API v4.6.stable.official, runtime v4.7.2.stable.mono.official, safeguards balanced)
Godot Engine v4.7.2.stable.mono.official.ed1daf0bf - https://godotengine.org

The Synaptic Sea coherent proof ship bootstrap loaded.
PLAYABLE SHIP READY player_spawned=true camera_spawned=true objectives=5 collision_shapes=112
MAIN PLAYABLE THREAT PATHFINDING PASS graph=true advanced=true nodes=26
=== Procgen quality gate smoke ===
Initialize godot-rust (API v4.6.stable.official, runtime v4.7.2.stable.mono.official, safeguards balanced)
Godot Engine v4.7.2.stable.mono.official.ed1daf0bf - https://godotengine.org

WARNING: RoomAssigner: guaranteed role 'dock' has no eligible zone in this template; guarantee skipped
   at: push_warning (core/variant/variant_utility.cpp:1033)
   GDScript backtrace (most recent call first):
       [0] _enforce_guaranteed_roles (res://scripts/procgen/room_assigner.gd:216)
       [1] assign_with_selector (res://scripts/procgen/room_assigner.gd:165)
       [2] _generate_once (res://scripts/procgen/ship_layout_generator.gd:118)
       [3] generate_with_options (res://scripts/procgen/ship_layout_generator.gd:78)
       [4] _initialize (res://scripts/validation/procgen_quality_gate_smoke.gd:30)
WARNING: RoomAssigner: guaranteed role 'dock' has no eligible zone in this template; guarantee skipped
   at: push_warning (core/variant/variant_utility.cpp:1033)
   GDScript backtrace (most recent call first):
       [0] _enforce_guaranteed_roles (res://scripts/procgen/room_assigner.gd:216)
       [1] assign_with_selector (res://scripts/procgen/room_assigner.gd:165)
       [2] _generate_once (res://scripts/procgen/ship_layout_generator.gd:118)
       [3] generate_with_options (res://scripts/procgen/ship_layout_generator.gd:78)
       [4] _initialize (res://scripts/validation/procgen_quality_gate_smoke.gd:131)
WARNING: RoomAssigner: guaranteed role 'dock' has no eligible zone in this template; guarantee skipped
   at: push_warning (core/variant/variant_utility.cpp:1033)
   GDScript backtrace (most recent call first):
       [0] _enforce_guaranteed_roles (res://scripts/procgen/room_assigner.gd:216)
       [1] assign_with_selector (res://scripts/procgen/room_assigner.gd:165)
       [2] _generate_once (res://scripts/procgen/ship_layout_generator.gd:118)
       [3] generate_with_options (res://scripts/procgen/ship_layout_generator.gd:78)
       [4] _initialize (res://scripts/validation/procgen_quality_gate_smoke.gd:30)
WARNING: RoomAssigner: guaranteed role 'dock' has no eligible zone in this template; guarantee skipped
   at: push_warning (core/variant/variant_utility.cpp:1033)
   GDScript backtrace (most recent call first):
       [0] _enforce_guaranteed_roles (res://scripts/procgen/room_assigner.gd:216)
       [1] assign_with_selector (res://scripts/procgen/room_assigner.gd:165)
       [2] _generate_once (res://scripts/procgen/ship_layout_generator.gd:118)
       [3] generate_with_options (res://scripts/procgen/ship_layout_generator.gd:78)
       [4] _initialize (res://scripts/validation/procgen_quality_gate_smoke.gd:131)
WARNING: RoomAssigner: guaranteed role 'dock' has no eligible zone in this template; guarantee skipped
   at: push_warning (core/variant/variant_utility.cpp:1033)
   GDScript backtrace (most recent call first):
       [0] _enforce_guaranteed_roles (res://scripts/procgen/room_assigner.gd:216)
       [1] assign_with_selector (res://scripts/procgen/room_assigner.gd:165)
       [2] _generate_once (res://scripts/procgen/ship_layout_generator.gd:118)
       [3] generate_with_options (res://scripts/procgen/ship_layout_generator.gd:78)
       [4] _initialize (res://scripts/validation/procgen_quality_gate_smoke.gd:30)
WARNING: RoomAssigner: guaranteed role 'dock' has no eligible zone in this template; guarantee skipped
   at: push_warning (core/variant/variant_utility.cpp:1033)
   GDScript backtrace (most recent call first):
       [0] _enforce_guaranteed_roles (res://scripts/procgen/room_assigner.gd:216)
       [1] assign_with_selector (res://scripts/procgen/room_assigner.gd:165)
       [2] _generate_once (res://scripts/procgen/ship_layout_generator.gd:118)
       [3] generate_with_options (res://scripts/procgen/ship_layout_generator.gd:78)
       [4] _initialize (res://scripts/validation/procgen_quality_gate_smoke.gd:131)
WARNING: RoomAssigner: guaranteed role 'dock' has no eligible zone in this template; guarantee skipped
   at: push_warning (core/variant/variant_utility.cpp:1033)
   GDScript backtrace (most recent call first):
       [0] _enforce_guaranteed_roles (res://scripts/procgen/room_assigner.gd:216)
       [1] assign_with_selector (res://scripts/procgen/room_assigner.gd:165)
       [2] _generate_once (res://scripts/procgen/ship_layout_generator.gd:118)
       [3] generate_with_options (res://scripts/procgen/ship_layout_generator.gd:78)
       [4] _initialize (res://scripts/validation/procgen_quality_gate_smoke.gd:30)
WARNING: RoomAssigner: guaranteed role 'dock' has no eligible zone in this template; guarantee skipped
   at: push_warning (core/variant/variant_utility.cpp:1033)
   GDScript backtrace (most recent call first):
       [0] _enforce_guaranteed_roles (res://scripts/procgen/room_assigner.gd:216)
       [1] assign_with_selector (res://scripts/procgen/room_assigner.gd:165)
       [2] _generate_once (res://scripts/procgen/ship_layout_generator.gd:118)
       [3] generate_with_options (res://scripts/procgen/ship_layout_generator.gd:78)
       [4] _initialize (res://scripts/validation/procgen_quality_gate_smoke.gd:131)
WARNING: RoomAssigner: guaranteed role 'dock' has no eligible zone in this template; guarantee skipped
   at: push_warning (core/variant/variant_utility.cpp:1033)
   GDScript backtrace (most recent call first):
       [0] _enforce_guaranteed_roles (res://scripts/procgen/room_assigner.gd:216)
       [1] assign_with_selector (res://scripts/procgen/room_assigner.gd:165)
       [2] _generate_once (res://scripts/procgen/ship_layout_generator.gd:118)
       [3] generate_with_options (res://scripts/procgen/ship_layout_generator.gd:78)
       [4] _initialize (res://scripts/validation/procgen_quality_gate_smoke.gd:30)
WARNING: RoomAssigner: guaranteed role 'dock' has no eligible zone in this template; guarantee skipped
   at: push_warning (core/variant/variant_utility.cpp:1033)
   GDScript backtrace (most recent call first):
       [0] _enforce_guaranteed_roles (res://scripts/procgen/room_assigner.gd:216)
       [1] assign_with_selector (res://scripts/procgen/room_assigner.gd:165)
       [2] _generate_once (res://scripts/procgen/ship_layout_generator.gd:118)
       [3] generate_with_options (res://scripts/procgen/ship_layout_generator.gd:78)
       [4] _initialize (res://scripts/validation/procgen_quality_gate_smoke.gd:131)
WARNING: RoomAssigner: guaranteed role 'dock' has no eligible zone in this template; guarantee skipped
   at: push_warning (core/variant/variant_utility.cpp:1033)
   GDScript backtrace (most recent call first):
       [0] _enforce_guaranteed_roles (res://scripts/procgen/room_assigner.gd:216)
       [1] assign_with_selector (res://scripts/procgen/room_assigner.gd:165)
       [2] _generate_once (res://scripts/procgen/ship_layout_generator.gd:118)
       [3] generate_with_options (res://scripts/procgen/ship_layout_generator.gd:78)
       [4] _initialize (res://scripts/validation/procgen_quality_gate_smoke.gd:30)
WARNING: RoomAssigner: guaranteed role 'dock' has no eligible zone in this template; guarantee skipped
   at: push_warning (core/variant/variant_utility.cpp:1033)
   GDScript backtrace (most recent call first):
       [0] _enforce_guaranteed_roles (res://scripts/procgen/room_assigner.gd:216)
       [1] assign_with_selector (res://scripts/procgen/room_assigner.gd:165)
       [2] _generate_once (res://scripts/procgen/ship_layout_generator.gd:118)
       [3] generate_with_options (res://scripts/procgen/ship_layout_generator.gd:78)
       [4] _initialize (res://scripts/validation/procgen_quality_gate_smoke.gd:131)
WARNING: RoomAssigner: guaranteed role 'dock' has no eligible zone in this template; guarantee skipped
   at: push_warning (core/variant/variant_utility.cpp:1033)
   GDScript backtrace (most recent call first):
       [0] _enforce_guaranteed_roles (res://scripts/procgen/room_assigner.gd:216)
       [1] assign_with_selector (res://scripts/procgen/room_assigner.gd:165)
       [2] _generate_once (res://scripts/procgen/ship_layout_generator.gd:118)
       [3] generate_with_options (res://scripts/procgen/ship_layout_generator.gd:78)
       [4] _initialize (res://scripts/validation/procgen_quality_gate_smoke.gd:30)
WARNING: RoomAssigner: guaranteed role 'dock' has no eligible zone in this template; guarantee skipped
   at: push_warning (core/variant/variant_utility.cpp:1033)
   GDScript backtrace (most recent call first):
       [0] _enforce_guaranteed_roles (res://scripts/procgen/room_assigner.gd:216)
       [1] assign_with_selector (res://scripts/procgen/room_assigner.gd:165)
       [2] _generate_once (res://scripts/procgen/ship_layout_generator.gd:118)
       [3] generate_with_options (res://scripts/procgen/ship_layout_generator.gd:78)
       [4] _initialize (res://scripts/validation/procgen_quality_gate_smoke.gd:131)
WARNING: RoomAssigner: guaranteed role 'dock' has no eligible zone in this template; guarantee skipped
   at: push_warning (core/variant/variant_utility.cpp:1033)
   GDScript backtrace (most recent call first):
       [0] _enforce_guaranteed_roles (res://scripts/procgen/room_assigner.gd:216)
       [1] assign_with_selector (res://scripts/procgen/room_assigner.gd:165)
       [2] _generate_once (res://scripts/procgen/ship_layout_generator.gd:118)
       [3] generate_with_options (res://scripts/procgen/ship_layout_generator.gd:78)
       [4] _initialize (res://scripts/validation/procgen_quality_gate_smoke.gd:30)
WARNING: RoomAssigner: guaranteed role 'dock' has no eligible zone in this template; guarantee skipped
   at: push_warning (core/variant/variant_utility.cpp:1033)
   GDScript backtrace (most recent call first):
       [0] _enforce_guaranteed_roles (res://scripts/procgen/room_assigner.gd:216)
       [1] assign_with_selector (res://scripts/procgen/room_assigner.gd:165)
       [2] _generate_once (res://scripts/procgen/ship_layout_generator.gd:118)
       [3] generate_with_options (res://scripts/procgen/ship_layout_generator.gd:78)
       [4] _initialize (res://scripts/validation/procgen_quality_gate_smoke.gd:131)
WARNING: RoomAssigner: guaranteed role 'dock' has no eligible zone in this template; guarantee skipped
   at: push_warning (core/variant/variant_utility.cpp:1033)
   GDScript backtrace (most recent call first):
       [0] _enforce_guaranteed_roles (res://scripts/procgen/room_assigner.gd:216)
       [1] assign_with_selector (res://scripts/procgen/room_assigner.gd:165)
       [2] _generate_once (res://scripts/procgen/ship_layout_generator.gd:118)
       [3] generate_with_options (res://scripts/procgen/ship_layout_generator.gd:78)
       [4] _initialize (res://scripts/validation/procgen_quality_gate_smoke.gd:30)
WARNING: RoomAssigner: guaranteed role 'dock' has no eligible zone in this template; guarantee skipped
   at: push_warning (core/variant/variant_utility.cpp:1033)
   GDScript backtrace (most recent call first):
       [0] _enforce_guaranteed_roles (res://scripts/procgen/room_assigner.gd:216)
       [1] assign_with_selector (res://scripts/procgen/room_assigner.gd:165)
       [2] _generate_once (res://scripts/procgen/ship_layout_generator.gd:118)
       [3] generate_with_options (res://scripts/procgen/ship_layout_generator.gd:78)
       [4] _initialize (res://scripts/validation/procgen_quality_gate_smoke.gd:131)
WARNING: RoomAssigner: guaranteed role 'dock' has no eligible zone in this template; guarantee skipped
   at: push_warning (core/variant/variant_utility.cpp:1033)
   GDScript backtrace (most recent call first):
       [0] _enforce_guaranteed_roles (res://scripts/procgen/room_assigner.gd:216)
       [1] assign_with_selector (res://scripts/procgen/room_assigner.gd:165)
       [2] _generate_once (res://scripts/procgen/ship_layout_generator.gd:118)
       [3] generate_with_options (res://scripts/procgen/ship_layout_generator.gd:78)
       [4] _initialize (res://scripts/validation/procgen_quality_gate_smoke.gd:30)
WARNING: RoomAssigner: guaranteed role 'dock' has no eligible zone in this template; guarantee skipped
   at: push_warning (core/variant/variant_utility.cpp:1033)
   GDScript backtrace (most recent call first):
       [0] _enforce_guaranteed_roles (res://scripts/procgen/room_assigner.gd:216)
       [1] assign_with_selector (res://scripts/procgen/room_assigner.gd:165)
       [2] _generate_once (res://scripts/procgen/ship_layout_generator.gd:118)
       [3] generate_with_options (res://scripts/procgen/ship_layout_generator.gd:78)
       [4] _initialize (res://scripts/validation/procgen_quality_gate_smoke.gd:131)
WARNING: RoomAssigner: guaranteed role 'dock' has no eligible zone in this template; guarantee skipped
   at: push_warning (core/variant/variant_utility.cpp:1033)
   GDScript backtrace (most recent call first):
       [0] _enforce_guaranteed_roles (res://scripts/procgen/room_assigner.gd:216)
       [1] assign_with_selector (res://scripts/procgen/room_assigner.gd:165)
       [2] _generate_once (res://scripts/procgen/ship_layout_generator.gd:118)
       [3] generate_with_options (res://scripts/procgen/ship_layout_generator.gd:78)
       [4] _initialize (res://scripts/validation/procgen_quality_gate_smoke.gd:30)
WARNING: RoomAssigner: guaranteed role 'dock' has no eligible zone in this template; guarantee skipped
   at: push_warning (core/variant/variant_utility.cpp:1033)
   GDScript backtrace (most recent call first):
       [0] _enforce_guaranteed_roles (res://scripts/procgen/room_assigner.gd:216)
       [1] assign_with_selector (res://scripts/procgen/room_assigner.gd:165)
       [2] _generate_once (res://scripts/procgen/ship_layout_generator.gd:118)
       [3] generate_with_options (res://scripts/procgen/ship_layout_generator.gd:78)
       [4] _initialize (res://scripts/validation/procgen_quality_gate_smoke.gd:131)
WARNING: RoomAssigner: guaranteed role 'dock' has no eligible zone in this template; guarantee skipped
   at: push_warning (core/variant/variant_utility.cpp:1033)
   GDScript backtrace (most recent call first):
       [0] _enforce_guaranteed_roles (res://scripts/procgen/room_assigner.gd:216)
       [1] assign_with_selector (res://scripts/procgen/room_assigner.gd:165)
       [2] _generate_once (res://scripts/procgen/ship_layout_generator.gd:118)
       [3] generate_with_options (res://scripts/procgen/ship_layout_generator.gd:78)
       [4] _initialize (res://scripts/validation/procgen_quality_gate_smoke.gd:30)
WARNING: RoomAssigner: guaranteed role 'dock' has no eligible zone in this template; guarantee skipped
   at: push_warning (core/variant/variant_utility.cpp:1033)
   GDScript backtrace (most recent call first):
       [0] _enforce_guaranteed_roles (res://scripts/procgen/room_assigner.gd:216)
       [1] assign_with_selector (res://scripts/procgen/room_assigner.gd:165)
       [2] _generate_once (res://scripts/procgen/ship_layout_generator.gd:118)
       [3] generate_with_options (res://scripts/procgen/ship_layout_generator.gd:78)
       [4] _initialize (res://scripts/validation/procgen_quality_gate_smoke.gd:131)
PROCGEN QUALITY GATE PASS seeds=16 layouts=16 walkable=true encounters=true schema=true wreck=true
=== Current procgen topology parity smoke ===
Initialize godot-rust (API v4.6.stable.official, runtime v4.7.2.stable.mono.official, safeguards balanced)
Godot Engine v4.7.2.stable.mono.official.ed1daf0bf - https://godotengine.org

PROCGEN CURRENT TOPOLOGY PARITY PASS seed=17 placements=48 wrappers=48 portals=8 structural=true visual_only=GLB,material
=== Procgen derelict pipeline contract smoke ===
Initialize godot-rust (API v4.6.stable.official, runtime v4.7.2.stable.mono.official, safeguards balanced)
Godot Engine v4.7.2.stable.mono.official.ed1daf0bf - https://godotengine.org

The Synaptic Sea coherent proof ship bootstrap loaded.
PLAYABLE SHIP READY player_spawned=true camera_spawned=true objectives=5 collision_shapes=112
WARNING: RoomAssigner: guaranteed role 'dock' has no eligible zone in this template; guarantee skipped
   at: push_warning (core/variant/variant_utility.cpp:1033)
   GDScript backtrace (most recent call first):
       [0] _enforce_guaranteed_roles (res://scripts/procgen/room_assigner.gd:216)
       [1] assign_with_selector (res://scripts/procgen/room_assigner.gd:165)
       [2] _generate_once (res://scripts/procgen/ship_layout_generator.gd:118)
       [3] generate_with_options (res://scripts/procgen/ship_layout_generator.gd:78)
       [4] generate (res://scripts/procgen/ship_generator.gd:71)
       [5] _validate (res://scripts/validation/main_playable_derelict_pipeline_contract_smoke.gd:44)
       [6] _on_frame (res://scripts/validation/main_playable_derelict_pipeline_contract_smoke.gd:30)
GameplaySliceBuilder slot_fallback room=cargo_01 kind=salvage
MAIN PLAYABLE DERELICT PIPELINE CONTRACT PASS layout=true nav=true biome=true rooms=12 nodes=51 enc=2
=== SimKeys contract smoke ===
Initialize godot-rust (API v4.6.stable.official, runtime v4.7.2.stable.mono.official, safeguards balanced)
Godot Engine v4.7.2.stable.mono.official.ed1daf0bf - https://godotengine.org

SIM KEYS PASS hot=12 total=55 vitals_wired=true
=== TuningCatalog shell smoke ===
Initialize godot-rust (API v4.6.stable.official, runtime v4.7.2.stable.mono.official, safeguards balanced)
Godot Engine v4.7.2.stable.mono.official.ed1daf0bf - https://godotengine.org

TUNING CATALOG PASS shell=true dir_loaded=1 override=true
=== ShipRuntime shell smoke ===
Initialize godot-rust (API v4.6.stable.official, runtime v4.7.2.stable.mono.official, safeguards balanced)
Godot Engine v4.7.2.stable.mono.official.ed1daf0bf - https://godotengine.org

SHIP RUNTIME PASS advance=true catchup=true idempotent=true hub_skip=true snapshot=true multi=true
=== Tick bands smoke ===
Initialize godot-rust (API v4.6.stable.official, runtime v4.7.2.stable.mono.official, safeguards balanced)
Godot Engine v4.7.2.stable.mono.official.ed1daf0bf - https://godotengine.org

TICK BANDS PASS frame=true slow=true lazy=true catchup_lazy=true slow_hits=5 lazy_hits=1
=== Module integrity pure smoke ===
Initialize godot-rust (API v4.6.stable.official, runtime v4.7.2.stable.mono.official, safeguards balanced)
Godot Engine v4.7.2.stable.mono.official.ed1daf0bf - https://godotengine.org

MODULE INTEGRITY PASS fsm=true sparse=true determinism=true round_trip=true
=== Dressing consumption smoke ===
Initialize godot-rust (API v4.6.stable.official, runtime v4.7.2.stable.mono.official, safeguards balanced)
Godot Engine v4.7.2.stable.mono.official.ed1daf0bf - https://godotengine.org

DRESSING CONSUMPTION PASS presets=true descriptors=true lights=true density=true
=== WorkAction pure smoke ===
Initialize godot-rust (API v4.6.stable.official, runtime v4.7.2.stable.mono.official, safeguards balanced)
Godot Engine v4.7.2.stable.mono.official.ed1daf0bf - https://godotengine.org

WORK ACTION STATE PASS catalog=true gates=true progress=true interrupt=true yield=true
=== Module integrity consequences smoke ===
Initialize godot-rust (API v4.6.stable.official, runtime v4.7.2.stable.mono.official, safeguards balanced)
Godot Engine v4.7.2.stable.mono.official.ed1daf0bf - https://godotengine.org

MODULE INTEGRITY CONSEQUENCES PASS fire=true breach_derived=true scene=true nav=true
=== WorkAction resolve smoke ===
Initialize godot-rust (API v4.6.stable.official, runtime v4.7.2.stable.mono.official, safeguards balanced)
Godot Engine v4.7.2.stable.mono.official.ed1daf0bf - https://godotengine.org

WORK ACTION RESOLVE PASS cut=true weld=true yields=true noise=true
=== Component slot population smoke ===
Initialize godot-rust (API v4.6.stable.official, runtime v4.7.2.stable.mono.official, safeguards balanced)
Godot Engine v4.7.2.stable.mono.official.ed1daf0bf - https://godotengine.org

COMPONENT SLOT POPULATION PASS catalog=true placed=true deterministic=true no_collision=true linked=true count=4
=== Crafting quality knowledge smoke ===
Initialize godot-rust (API v4.6.stable.official, runtime v4.7.2.stable.mono.official, safeguards balanced)
Godot Engine v4.7.2.stable.mono.official.ed1daf0bf - https://godotengine.org

CRAFTING QUALITY KNOWLEDGE PASS quality=true knowledge=true reverse=true
=== Repair unification smoke ===
Initialize godot-rust (API v4.6.stable.official, runtime v4.7.2.stable.mono.official, safeguards balanced)
Godot Engine v4.7.2.stable.mono.official.ed1daf0bf - https://godotengine.org

REPAIR UNIFICATION PASS repair=true seal=true suppress=true interrupt=true catalog=true
=== Component mount/dismount smoke ===
Initialize godot-rust (API v4.6.stable.official, runtime v4.7.2.stable.mono.official, safeguards balanced)
Godot Engine v4.7.2.stable.mono.official.ed1daf0bf - https://godotengine.org

COMPONENT MOUNT DISMOUNT PASS dismount=true mount=true work=true mass=true round_trip=true
=== Station tiers batch smoke ===
Initialize godot-rust (API v4.6.stable.official, runtime v4.7.2.stable.mono.official, safeguards balanced)
Godot Engine v4.7.2.stable.mono.official.ed1daf0bf - https://godotengine.org

STATION TIERS BATCH PASS tier=true queue=true gate=true schema=true batch=true
=== Wound state pure smoke ===
Initialize godot-rust (API v4.6.stable.official, runtime v4.7.2.stable.mono.official, safeguards balanced)
Godot Engine v4.7.2.stable.mono.official.ed1daf0bf - https://godotengine.org

WOUND STATE PASS kinds=true bleed=true infection=true work_speed=true treat=true round_trip=true
=== Spatial perception pure smoke ===
Initialize godot-rust (API v4.6.stable.official, runtime v4.7.2.stable.mono.official, safeguards balanced)
Godot Engine v4.7.2.stable.mono.official.ed1daf0bf - https://godotengine.org

SPATIAL PERCEPTION PASS los=true muffle=true blocked=true open=true round_trip=true
=== Vitals curves cross-coupling smoke ===
Initialize godot-rust (API v4.6.stable.official, runtime v4.7.2.stable.mono.official, safeguards balanced)
Godot Engine v4.7.2.stable.mono.official.ed1daf0bf - https://godotengine.org

VITALS CURVES PASS curves=true cross=true wounds=true cold=true
=== Archetype behavior modifiers smoke ===
Initialize godot-rust (API v4.6.stable.official, runtime v4.7.2.stable.mono.official, safeguards balanced)
Godot Engine v4.7.2.stable.mono.official.ed1daf0bf - https://godotengine.org

ARCHETYPE BEHAVIOR PASS ambush=true stalk=true swarm=true anchored=true telegraph=true verbs=true
=== Manifestation pool schema smoke ===
Initialize godot-rust (API v4.6.stable.official, runtime v4.7.2.stable.mono.official, safeguards balanced)
Godot Engine v4.7.2.stable.mono.official.ed1daf0bf - https://godotengine.org

MANIFESTATION POOL PASS schema=true kinds=true force_room=true force_log=true no_code_entry=true
=== Sea graph pure smoke ===
Initialize godot-rust (API v4.6.stable.official, runtime v4.7.2.stable.mono.official, safeguards balanced)
Godot Engine v4.7.2.stable.mono.official.ed1daf0bf - https://godotengine.org

SEA GRAPH PASS nodes=true route=true cost=true biomes=true extract=true
=== Templates wreck mutator smoke ===
Initialize godot-rust (API v4.6.stable.official, runtime v4.7.2.stable.mono.official, safeguards balanced)
Godot Engine v4.7.2.stable.mono.official.ed1daf0bf - https://godotengine.org

TEMPLATES WRECK MUTATOR PASS catalog=true load=true zone=true branch=true wreck=true
=== Live decay stamp smoke ===
Initialize godot-rust (API v4.6.stable.official, runtime v4.7.2.stable.mono.official, safeguards balanced)
Godot Engine v4.7.2.stable.mono.official.ed1daf0bf - https://godotengine.org

GameplaySliceBuilder slot_fallback room=crew_quarters_01 kind=salvage
GameplaySliceBuilder slot_fallback room=hangar_01 kind=salvage
LIVE DECAY STAMP PASS locked=true wreck=true integrity=true links_kept=true quiet_import=true
=== generated seed boarded slice smoke ===
Initialize godot-rust (API v4.6.stable.official, runtime v4.7.2.stable.mono.official, safeguards balanced)
Godot Engine v4.7.2.stable.mono.official.ed1daf0bf - https://godotengine.org

The Synaptic Sea coherent proof ship bootstrap loaded.
PLAYABLE SHIP READY player_spawned=true camera_spawned=true objectives=5 collision_shapes=112
GameplaySliceBuilder slot_fallback room=storage_09 kind=salvage
GENERATED SEED BOARDED SLICE PASS away=true nav=true slots=true wreck=true objectives=true away_ticks=30 seed=42
=== Structural variant wrapper smoke ===
Initialize godot-rust (API v4.6.stable.official, runtime v4.7.2.stable.mono.official, safeguards balanced)
Godot Engine v4.7.2.stable.mono.official.ed1daf0bf - https://godotengine.org

STRUCTURAL VARIANT WRAPPER PASS wrappers=8 intact=true damaged=true breached=true
=== Food sustenance closure smoke ===
Initialize godot-rust (API v4.6.stable.official, runtime v4.7.2.stable.mono.official, safeguards balanced)
Godot Engine v4.7.2.stable.mono.official.ed1daf0bf - https://godotengine.org

FOOD CLOSURE PASS spoil_eat=true harvest=true travel=true loop=true
=== Skill effects consumers smoke ===
Initialize godot-rust (API v4.6.stable.official, runtime v4.7.2.stable.mono.official, safeguards balanced)
Godot Engine v4.7.2.stable.mono.official.ed1daf0bf - https://godotengine.org

SKILL EFFECTS PASS audit=true work=true craft=true heal=true travel=true class_kit=true
=== Pillar persistence smoke ===
Initialize godot-rust (API v4.6.stable.official, runtime v4.7.2.stable.mono.official, safeguards balanced)
Godot Engine v4.7.2.stable.mono.official.ed1daf0bf - https://godotengine.org

PILLAR PERSISTENCE PASS integrity=true components=true work=true fuzz=true snapshot=true
=== WorkAction driver smoke ===
Initialize godot-rust (API v4.6.stable.official, runtime v4.7.2.stable.mono.official, safeguards balanced)
Godot Engine v4.7.2.stable.mono.official.ed1daf0bf - https://godotengine.org

WORK ACTION DRIVER PASS cut=true noise=true yield=true interrupt=true overload=true
=== Threat LOS perception smoke ===
Initialize godot-rust (API v4.6.stable.official, runtime v4.7.2.stable.mono.official, safeguards balanced)
Godot Engine v4.7.2.stable.mono.official.ed1daf0bf - https://godotengine.org

THREAT LOS PERCEPTION PASS room_los=true closed_hatch=true raycast=true distance=true
=== UI consumers D9 smoke ===
Initialize godot-rust (API v4.6.stable.official, runtime v4.7.2.stable.mono.official, safeguards balanced)
Godot Engine v4.7.2.stable.mono.official.ed1daf0bf - https://godotengine.org

UI CONSUMERS D9 PASS work_hud=true wounds=true chart_route=true
=== Audio event coverage smoke ===
Initialize godot-rust (API v4.6.stable.official, runtime v4.7.2.stable.mono.official, safeguards balanced)
Godot Engine v4.7.2.stable.mono.official.ed1daf0bf - https://godotengine.org

AUDIO EVENT COVERAGE PASS verbs=true seam=true router=true work_driver=true
=== Ship modification smoke ===
Initialize godot-rust (API v4.6.stable.official, runtime v4.7.2.stable.mono.official, safeguards balanced)
Godot Engine v4.7.2.stable.mono.official.ed1daf0bf - https://godotengine.org

SHIP MODIFICATION PASS install=true power=true uninstall=true plating=true
=== Work action integration smoke ===
Initialize godot-rust (API v4.6.stable.official, runtime v4.7.2.stable.mono.official, safeguards balanced)
Godot Engine v4.7.2.stable.mono.official.ed1daf0bf - https://godotengine.org

The Synaptic Sea coherent proof ship bootstrap loaded.
PLAYABLE SHIP READY player_spawned=true camera_spawned=true objectives=5 collision_shapes=112
WORK ACTION INTEGRATION PASS driver=true hud=true wounds=true shipmod=true cut=true
=== Hub explorable verify smoke ===
Initialize godot-rust (API v4.6.stable.official, runtime v4.7.2.stable.mono.official, safeguards balanced)
Godot Engine v4.7.2.stable.mono.official.ed1daf0bf - https://godotengine.org

The Synaptic Sea coherent proof ship bootstrap loaded.
PLAYABLE SHIP READY player_spawned=true camera_spawned=true objectives=5 collision_shapes=112
HUB EXPLORABLE VERIFY PASS home=true stations=true repair=true walk=true
=== Pillar revisit persistence smoke ===
Initialize godot-rust (API v4.6.stable.official, runtime v4.7.2.stable.mono.official, safeguards balanced)
Godot Engine v4.7.2.stable.mono.official.ed1daf0bf - https://godotengine.org

PILLAR REVISIT PERSISTENCE PASS integrity=true components=true ship=true runtime=true
=== Ship modification panel smoke ===
Initialize godot-rust (API v4.6.stable.official, runtime v4.7.2.stable.mono.official, safeguards balanced)
Godot Engine v4.7.2.stable.mono.official.ed1daf0bf - https://godotengine.org

SHIP MOD PANEL PASS bind=true install=true uninstall=true power=true
=== Work action interact smoke ===
Initialize godot-rust (API v4.6.stable.official, runtime v4.7.2.stable.mono.official, safeguards balanced)
Godot Engine v4.7.2.stable.mono.official.ed1daf0bf - https://godotengine.org

The Synaptic Sea coherent proof ship bootstrap loaded.
PLAYABLE SHIP READY player_spawned=true camera_spawned=true objectives=5 collision_shapes=112
WORK ACTION INTERACT PASS start=true tick=true complete=true nearest=true
=== Component placement runtime smoke ===
Initialize godot-rust (API v4.6.stable.official, runtime v4.7.2.stable.mono.official, safeguards balanced)
Godot Engine v4.7.2.stable.mono.official.ed1daf0bf - https://godotengine.org

The Synaptic Sea coherent proof ship bootstrap loaded.
PLAYABLE SHIP READY player_spawned=true camera_spawned=true objectives=5 collision_shapes=112
COMPONENT PLACEMENT RUNTIME PASS wired=true populate_or_empty=true round_trip=true
=== Component dismount interact smoke ===
Initialize godot-rust (API v4.6.stable.official, runtime v4.7.2.stable.mono.official, safeguards balanced)
Godot Engine v4.7.2.stable.mono.official.ed1daf0bf - https://godotengine.org

The Synaptic Sea coherent proof ship bootstrap loaded.
PLAYABLE SHIP READY player_spawned=true camera_spawned=true objectives=5 collision_shapes=112
COMPONENT DISMOUNT INTERACT PASS start=true tick=true stripped=true yield=true
=== Component mount interact smoke ===
Initialize godot-rust (API v4.6.stable.official, runtime v4.7.2.stable.mono.official, safeguards balanced)
Godot Engine v4.7.2.stable.mono.official.ed1daf0bf - https://godotengine.org

The Synaptic Sea coherent proof ship bootstrap loaded.
PLAYABLE SHIP READY player_spawned=true camera_spawned=true objectives=5 collision_shapes=112
WARNING: AudioManager: stream file missing, path='res://data/audio/voice/log_beacon_01.ogg'
   at: push_warning (core/variant/variant_utility.cpp:1033)
   GDScript backtrace (most recent call first):
       [0] _load_stream_cached (res://scripts/audio/audio_manager.gd:437)
       [1] _play_via_bus (res://scripts/audio/audio_manager.gd:476)
       [2] play_voice_log (res://scripts/audio/audio_manager.gd:397)
       [3] tick (res://scripts/audio/audio_manager.gd:287)
       [4] _tick_audio_runtime (res://scripts/procgen/playable_generated_ship.gd:8753)
       [5] _process (res://scripts/procgen/playable_generated_ship.gd:8649)
       [6] _tick_until_idle (res://scripts/validation/component_mount_interact_smoke.gd:87)
       [7] _on_frame (res://scripts/validation/component_mount_interact_smoke.gd:45)
COMPONENT MOUNT INTERACT PASS dismount=true remount=true mounted=true
=== Component markers smoke ===
Initialize godot-rust (API v4.6.stable.official, runtime v4.7.2.stable.mono.official, safeguards balanced)
Godot Engine v4.7.2.stable.mono.official.ed1daf0bf - https://godotengine.org

The Synaptic Sea coherent proof ship bootstrap loaded.
PLAYABLE SHIP READY player_spawned=true camera_spawned=true objectives=5 collision_shapes=112
COMPONENT MARKERS PASS wired=true count=true rebuild=true
=== Component system link smoke ===
Initialize godot-rust (API v4.6.stable.official, runtime v4.7.2.stable.mono.official, safeguards balanced)
Godot Engine v4.7.2.stable.mono.official.ed1daf0bf - https://godotengine.org

COMPONENT SYSTEM LINK PASS catalog_links=true soft_fill=true coverage=true
=== Dismount system damage smoke ===
Initialize godot-rust (API v4.6.stable.official, runtime v4.7.2.stable.mono.official, safeguards balanced)
Godot Engine v4.7.2.stable.mono.official.ed1daf0bf - https://godotengine.org

DISMOUNT SYSTEM DAMAGE PASS link=true damage=true remount_no_autoheal=true
=== Synthetic wall slots smoke ===
Initialize godot-rust (API v4.6.stable.official, runtime v4.7.2.stable.mono.official, safeguards balanced)
Godot Engine v4.7.2.stable.mono.official.ed1daf0bf - https://godotengine.org

SYNTHETIC WALL SLOTS PASS wall=true center=true placed=true
=== Multi-source module damage smoke ===
Initialize godot-rust (API v4.6.stable.official, runtime v4.7.2.stable.mono.official, safeguards balanced)
Godot Engine v4.7.2.stable.mono.official.ed1daf0bf - https://godotengine.org

MULTI SOURCE MODULE DAMAGE PASS fire=true decomp=true threat=true tool=true interrupt=true
=== Ship mod panel input smoke ===
Initialize godot-rust (API v4.6.stable.official, runtime v4.7.2.stable.mono.official, safeguards balanced)
Godot Engine v4.7.2.stable.mono.official.ed1daf0bf - https://godotengine.org

The Synaptic Sea coherent proof ship bootstrap loaded.
PLAYABLE SHIP READY player_spawned=true camera_spawned=true objectives=5 collision_shapes=112
SHIP MOD PANEL INPUT PASS open=true select=true close=true
=== Combat work interrupt smoke ===
Initialize godot-rust (API v4.6.stable.official, runtime v4.7.2.stable.mono.official, safeguards balanced)
Godot Engine v4.7.2.stable.mono.official.ed1daf0bf - https://godotengine.org

COMBAT WORK INTERRUPT PASS start=true hit=true interrupted=true no_yield=true
=== Tendril structure damage smoke ===
Initialize godot-rust (API v4.6.stable.official, runtime v4.7.2.stable.mono.official, safeguards balanced)
Godot Engine v4.7.2.stable.mono.official.ed1daf0bf - https://godotengine.org

TENDRIL STRUCTURE DAMAGE PASS archetype=true hit=true damaged=true
=== Work yield inventory smoke ===
Initialize godot-rust (API v4.6.stable.official, runtime v4.7.2.stable.mono.official, safeguards balanced)
Godot Engine v4.7.2.stable.mono.official.ed1daf0bf - https://godotengine.org

The Synaptic Sea coherent proof ship bootstrap loaded.
PLAYABLE SHIP READY player_spawned=true camera_spawned=true objectives=5 collision_shapes=112
WORK YIELD INVENTORY PASS cut=true scrap=true qty=true
=== Ship mod inventory sync smoke ===
Initialize godot-rust (API v4.6.stable.official, runtime v4.7.2.stable.mono.official, safeguards balanced)
Godot Engine v4.7.2.stable.mono.official.ed1daf0bf - https://godotengine.org

The Synaptic Sea coherent proof ship bootstrap loaded.
PLAYABLE SHIP READY player_spawned=true camera_spawned=true objectives=5 collision_shapes=112
SHIP MOD INVENTORY SYNC PASS install=true uninstall=true inv=true
=== Work yield drop smoke ===
Initialize godot-rust (API v4.6.stable.official, runtime v4.7.2.stable.mono.official, safeguards balanced)
Godot Engine v4.7.2.stable.mono.official.ed1daf0bf - https://godotengine.org

The Synaptic Sea coherent proof ship bootstrap loaded.
PLAYABLE SHIP READY player_spawned=true camera_spawned=true objectives=5 collision_shapes=112
WORK YIELD DROP PASS overload=true drop=true scoop=true
=== Work yield partial scoop smoke ===
Initialize godot-rust (API v4.6.stable.official, runtime v4.7.2.stable.mono.official, safeguards balanced)
Godot Engine v4.7.2.stable.mono.official.ed1daf0bf - https://godotengine.org

The Synaptic Sea coherent proof ship bootstrap loaded.
PLAYABLE SHIP READY player_spawned=true camera_spawned=true objectives=5 collision_shapes=112
WORK YIELD PARTIAL SCOOP PASS deny=true partial=true residual=true finish=true
=== Work yield partial scoop away smoke ===
Initialize godot-rust (API v4.6.stable.official, runtime v4.7.2.stable.mono.official, safeguards balanced)
Godot Engine v4.7.2.stable.mono.official.ed1daf0bf - https://godotengine.org

The Synaptic Sea coherent proof ship bootstrap loaded.
PLAYABLE SHIP READY player_spawned=true camera_spawned=true objectives=5 collision_shapes=112
WORK YIELD PARTIAL SCOOP AWAY PASS away=true partial=true residual=true finish=true
=== Work yield scoop denied SFX smoke ===
Initialize godot-rust (API v4.6.stable.official, runtime v4.7.2.stable.mono.official, safeguards balanced)
Godot Engine v4.7.2.stable.mono.official.ed1daf0bf - https://godotengine.org

The Synaptic Sea coherent proof ship bootstrap loaded.
PLAYABLE SHIP READY player_spawned=true camera_spawned=true objectives=5 collision_shapes=112
WORK YIELD SCOOP DENIED SFX PASS deny=true sfx=true remain=true
=== Work yield scoop denied away smoke ===
Initialize godot-rust (API v4.6.stable.official, runtime v4.7.2.stable.mono.official, safeguards balanced)
Godot Engine v4.7.2.stable.mono.official.ed1daf0bf - https://godotengine.org

The Synaptic Sea coherent proof ship bootstrap loaded.
PLAYABLE SHIP READY player_spawned=true camera_spawned=true objectives=5 collision_shapes=112
WORK YIELD SCOOP DENIED AWAY PASS away=true deny=true sfx=true remain=true
=== Loot empty grant SFX smoke ===
Initialize godot-rust (API v4.6.stable.official, runtime v4.7.2.stable.mono.official, safeguards balanced)
Godot Engine v4.7.2.stable.mono.official.ed1daf0bf - https://godotengine.org

The Synaptic Sea coherent proof ship bootstrap loaded.
PLAYABLE SHIP READY player_spawned=true camera_spawned=true objectives=5 collision_shapes=112
ACHIEVEMENT UNLOCKED trigger=loot_searched target=empty_grant_test id=first_loot
LOOT CONTAINER SEARCHED marker= container=empty_grant_test granted=0
LOOT CONTAINER SEARCHED marker= container=granted_test granted=1
LOOT EMPTY GRANT SFX PASS empty=true deny=true no_tool=true
=== Loot empty grant away smoke ===
Initialize godot-rust (API v4.6.stable.official, runtime v4.7.2.stable.mono.official, safeguards balanced)
Godot Engine v4.7.2.stable.mono.official.ed1daf0bf - https://godotengine.org

The Synaptic Sea coherent proof ship bootstrap loaded.
PLAYABLE SHIP READY player_spawned=true camera_spawned=true objectives=5 collision_shapes=112
ACHIEVEMENT UNLOCKED trigger=loot_searched target=empty_grant_away id=first_loot
LOOT CONTAINER SEARCHED marker= container=empty_grant_away granted=0
LOOT EMPTY GRANT AWAY PASS away=true empty=true deny=true
=== Tool pickup denied SFX smoke ===
Initialize godot-rust (API v4.6.stable.official, runtime v4.7.2.stable.mono.official, safeguards balanced)
Godot Engine v4.7.2.stable.mono.official.ed1daf0bf - https://godotengine.org

The Synaptic Sea coherent proof ship bootstrap loaded.
PLAYABLE SHIP READY player_spawned=true camera_spawned=true objectives=5 collision_shapes=112
TOOL PICKUP DENIED SFX PASS deny=true sfx=true remain=true
=== Tool pickup denied away smoke ===
Initialize godot-rust (API v4.6.stable.official, runtime v4.7.2.stable.mono.official, safeguards balanced)
Godot Engine v4.7.2.stable.mono.official.ed1daf0bf - https://godotengine.org

The Synaptic Sea coherent proof ship bootstrap loaded.
PLAYABLE SHIP READY player_spawned=true camera_spawned=true objectives=5 collision_shapes=112
TOOL PICKUP DENIED AWAY PASS away=true deny=true sfx=true remain=true
=== Cargo empty transfer SFX smoke ===
Initialize godot-rust (API v4.6.stable.official, runtime v4.7.2.stable.mono.official, safeguards balanced)
Godot Engine v4.7.2.stable.mono.official.ed1daf0bf - https://godotengine.org

The Synaptic Sea coherent proof ship bootstrap loaded.
PLAYABLE SHIP READY player_spawned=true camera_spawned=true objectives=5 collision_shapes=112
CARGO EMPTY TRANSFER SFX PASS deposit=true withdraw=true panel=true
=== Cargo empty transfer away smoke ===
Initialize godot-rust (API v4.6.stable.official, runtime v4.7.2.stable.mono.official, safeguards balanced)
Godot Engine v4.7.2.stable.mono.official.ed1daf0bf - https://godotengine.org

The Synaptic Sea coherent proof ship bootstrap loaded.
PLAYABLE SHIP READY player_spawned=true camera_spawned=true objectives=5 collision_shapes=112
CARGO EMPTY TRANSFER AWAY PASS away=true deposit=true withdraw=true panel=true
=== Transfer quantity denied SFX smoke ===
Initialize godot-rust (API v4.6.stable.official, runtime v4.7.2.stable.mono.official, safeguards balanced)
Godot Engine v4.7.2.stable.mono.official.ed1daf0bf - https://godotengine.org

The Synaptic Sea coherent proof ship bootstrap loaded.
PLAYABLE SHIP READY player_spawned=true camera_spawned=true objectives=5 collision_shapes=112
TRANSFER QUANTITY DENIED SFX PASS deny=true sfx=true
=== Transfer quantity denied away smoke ===
Initialize godot-rust (API v4.6.stable.official, runtime v4.7.2.stable.mono.official, safeguards balanced)
Godot Engine v4.7.2.stable.mono.official.ed1daf0bf - https://godotengine.org

The Synaptic Sea coherent proof ship bootstrap loaded.
PLAYABLE SHIP READY player_spawned=true camera_spawned=true objectives=5 collision_shapes=112
TRANSFER QUANTITY DENIED AWAY PASS away=true deny=true sfx=true
=== Hatch bypass denied SFX smoke ===
Initialize godot-rust (API v4.6.stable.official, runtime v4.7.2.stable.mono.official, safeguards balanced)
Godot Engine v4.7.2.stable.mono.official.ed1daf0bf - https://godotengine.org

The Synaptic Sea coherent proof ship bootstrap loaded.
PLAYABLE SHIP READY player_spawned=true camera_spawned=true objectives=5 collision_shapes=112
HATCH BYPASS DENIED SFX PASS locked=true sfx=true
=== Hatch bypass denied away smoke ===
Initialize godot-rust (API v4.6.stable.official, runtime v4.7.2.stable.mono.official, safeguards balanced)
Godot Engine v4.7.2.stable.mono.official.ed1daf0bf - https://godotengine.org

The Synaptic Sea coherent proof ship bootstrap loaded.
PLAYABLE SHIP READY player_spawned=true camera_spawned=true objectives=5 collision_shapes=112
HATCH BYPASS DENIED AWAY PASS away=true locked=true sfx=true
=== Work tool missing SFX smoke ===
Initialize godot-rust (API v4.6.stable.official, runtime v4.7.2.stable.mono.official, safeguards balanced)
Godot Engine v4.7.2.stable.mono.official.ed1daf0bf - https://godotengine.org

The Synaptic Sea coherent proof ship bootstrap loaded.
PLAYABLE SHIP READY player_spawned=true camera_spawned=true objectives=5 collision_shapes=112
WORK TOOL MISSING SFX PASS near=true deny=true sfx=true
=== Work tool missing away smoke ===
Initialize godot-rust (API v4.6.stable.official, runtime v4.7.2.stable.mono.official, safeguards balanced)
Godot Engine v4.7.2.stable.mono.official.ed1daf0bf - https://godotengine.org

The Synaptic Sea coherent proof ship bootstrap loaded.
PLAYABLE SHIP READY player_spawned=true camera_spawned=true objectives=5 collision_shapes=112
WORK TOOL MISSING AWAY PASS away=true deny=true sfx=true
=== Production unknown kind consume smoke ===
Initialize godot-rust (API v4.6.stable.official, runtime v4.7.2.stable.mono.official, safeguards balanced)
Godot Engine v4.7.2.stable.mono.official.ed1daf0bf - https://godotengine.org

The Synaptic Sea coherent proof ship bootstrap loaded.
PLAYABLE SHIP READY player_spawned=true camera_spawned=true objectives=5 collision_shapes=112
PRODUCTION UNKNOWN KIND CONSUME PASS blocked=true consume=true
=== Production unknown kind consume away smoke ===
Initialize godot-rust (API v4.6.stable.official, runtime v4.7.2.stable.mono.official, safeguards balanced)
Godot Engine v4.7.2.stable.mono.official.ed1daf0bf - https://godotengine.org

The Synaptic Sea coherent proof ship bootstrap loaded.
PLAYABLE SHIP READY player_spawned=true camera_spawned=true objectives=5 collision_shapes=112
PRODUCTION UNKNOWN KIND CONSUME AWAY PASS away=true blocked=true consume=true
=== Inventory toggle smoke ===
Initialize godot-rust (API v4.6.stable.official, runtime v4.7.2.stable.mono.official, safeguards balanced)
Godot Engine v4.7.2.stable.mono.official.ed1daf0bf - https://godotengine.org

The Synaptic Sea coherent proof ship bootstrap loaded.
PLAYABLE SHIP READY player_spawned=true camera_spawned=true objectives=5 collision_shapes=112
INVENTORY TOGGLE PASS open=true close=true
=== Inventory toggle away smoke ===
Initialize godot-rust (API v4.6.stable.official, runtime v4.7.2.stable.mono.official, safeguards balanced)
Godot Engine v4.7.2.stable.mono.official.ed1daf0bf - https://godotengine.org

The Synaptic Sea coherent proof ship bootstrap loaded.
PLAYABLE SHIP READY player_spawned=true camera_spawned=true objectives=5 collision_shapes=112
INVENTORY TOGGLE AWAY PASS away=true open=true close=true
=== Chart toggle smoke ===
Initialize godot-rust (API v4.6.stable.official, runtime v4.7.2.stable.mono.official, safeguards balanced)
Godot Engine v4.7.2.stable.mono.official.ed1daf0bf - https://godotengine.org

The Synaptic Sea coherent proof ship bootstrap loaded.
PLAYABLE SHIP READY player_spawned=true camera_spawned=true objectives=5 collision_shapes=112
CHART TOGGLE PASS open=true close=true
=== Chart toggle away smoke ===
Initialize godot-rust (API v4.6.stable.official, runtime v4.7.2.stable.mono.official, safeguards balanced)
Godot Engine v4.7.2.stable.mono.official.ed1daf0bf - https://godotengine.org

The Synaptic Sea coherent proof ship bootstrap loaded.
PLAYABLE SHIP READY player_spawned=true camera_spawned=true objectives=5 collision_shapes=112
CHART TOGGLE AWAY PASS away=true open=true close=true
=== Ship mod toggle smoke ===
Initialize godot-rust (API v4.6.stable.official, runtime v4.7.2.stable.mono.official, safeguards balanced)
Godot Engine v4.7.2.stable.mono.official.ed1daf0bf - https://godotengine.org

The Synaptic Sea coherent proof ship bootstrap loaded.
PLAYABLE SHIP READY player_spawned=true camera_spawned=true objectives=5 collision_shapes=112
SHIP MOD TOGGLE PASS open=true close=true
=== Ship mod toggle away smoke ===
Initialize godot-rust (API v4.6.stable.official, runtime v4.7.2.stable.mono.official, safeguards balanced)
Godot Engine v4.7.2.stable.mono.official.ed1daf0bf - https://godotengine.org

The Synaptic Sea coherent proof ship bootstrap loaded.
PLAYABLE SHIP READY player_spawned=true camera_spawned=true objectives=5 collision_shapes=112
SHIP MOD TOGGLE AWAY PASS away=true open=true close=true
=== Wounds toggle smoke ===
Initialize godot-rust (API v4.6.stable.official, runtime v4.7.2.stable.mono.official, safeguards balanced)
Godot Engine v4.7.2.stable.mono.official.ed1daf0bf - https://godotengine.org

The Synaptic Sea coherent proof ship bootstrap loaded.
PLAYABLE SHIP READY player_spawned=true camera_spawned=true objectives=5 collision_shapes=112
WOUNDS TOGGLE PASS open=true close=true validation_stays=true
=== Wounds toggle away smoke ===
Initialize godot-rust (API v4.6.stable.official, runtime v4.7.2.stable.mono.official, safeguards balanced)
Godot Engine v4.7.2.stable.mono.official.ed1daf0bf - https://godotengine.org

The Synaptic Sea coherent proof ship bootstrap loaded.
PLAYABLE SHIP READY player_spawned=true camera_spawned=true objectives=5 collision_shapes=112
WOUNDS TOGGLE AWAY PASS away=true open=true close=true
=== Dock barrier channel consume smoke ===
Initialize godot-rust (API v4.6.stable.official, runtime v4.7.2.stable.mono.official, safeguards balanced)
Godot Engine v4.7.2.stable.mono.official.ed1daf0bf - https://godotengine.org

The Synaptic Sea coherent proof ship bootstrap loaded.
PLAYABLE SHIP READY player_spawned=true camera_spawned=true objectives=5 collision_shapes=112
DOCK BARRIER CHANNEL CONSUME PASS start=true channeling=true second=true
=== Dock barrier channel consume away smoke ===
Initialize godot-rust (API v4.6.stable.official, runtime v4.7.2.stable.mono.official, safeguards balanced)
Godot Engine v4.7.2.stable.mono.official.ed1daf0bf - https://godotengine.org

The Synaptic Sea coherent proof ship bootstrap loaded.
PLAYABLE SHIP READY player_spawned=true camera_spawned=true objectives=5 collision_shapes=112
DOCK BARRIER CHANNEL CONSUME AWAY PASS away=true start=true channeling=true second=true
=== Hazard channel consume smoke ===
Initialize godot-rust (API v4.6.stable.official, runtime v4.7.2.stable.mono.official, safeguards balanced)
Godot Engine v4.7.2.stable.mono.official.ed1daf0bf - https://godotengine.org

The Synaptic Sea coherent proof ship bootstrap loaded.
PLAYABLE SHIP READY player_spawned=true camera_spawned=true objectives=5 collision_shapes=112
HAZARD CHANNEL CONSUME PASS repair=true breach=true fire=true
=== Hazard channel consume away smoke ===
Initialize godot-rust (API v4.6.stable.official, runtime v4.7.2.stable.mono.official, safeguards balanced)
Godot Engine v4.7.2.stable.mono.official.ed1daf0bf - https://godotengine.org

The Synaptic Sea coherent proof ship bootstrap loaded.
PLAYABLE SHIP READY player_spawned=true camera_spawned=true objectives=5 collision_shapes=112
HAZARD CHANNEL CONSUME AWAY PASS away=true repair=true breach=true fire=true
=== Station busy consume smoke ===
Initialize godot-rust (API v4.6.stable.official, runtime v4.7.2.stable.mono.official, safeguards balanced)
Godot Engine v4.7.2.stable.mono.official.ed1daf0bf - https://godotengine.org

The Synaptic Sea coherent proof ship bootstrap loaded.
PLAYABLE SHIP READY player_spawned=true camera_spawned=true objectives=5 collision_shapes=112
STATION BUSY CONSUME PASS craft=true hydro=true
=== Station busy consume away smoke ===
Initialize godot-rust (API v4.6.stable.official, runtime v4.7.2.stable.mono.official, safeguards balanced)
Godot Engine v4.7.2.stable.mono.official.ed1daf0bf - https://godotengine.org

The Synaptic Sea coherent proof ship bootstrap loaded.
PLAYABLE SHIP READY player_spawned=true camera_spawned=true objectives=5 collision_shapes=112
STATION BUSY CONSUME AWAY PASS away=true craft=true hydro=true
=== Recycler busy consume smoke ===
Initialize godot-rust (API v4.6.stable.official, runtime v4.7.2.stable.mono.official, safeguards balanced)
Godot Engine v4.7.2.stable.mono.official.ed1daf0bf - https://godotengine.org

The Synaptic Sea coherent proof ship bootstrap loaded.
PLAYABLE SHIP READY player_spawned=true camera_spawned=true objectives=5 collision_shapes=112
RECYCLER BUSY CONSUME PASS recycling=true consume=true
=== Recycler busy consume away smoke ===
Initialize godot-rust (API v4.6.stable.official, runtime v4.7.2.stable.mono.official, safeguards balanced)
Godot Engine v4.7.2.stable.mono.official.ed1daf0bf - https://godotengine.org

The Synaptic Sea coherent proof ship bootstrap loaded.
PLAYABLE SHIP READY player_spawned=true camera_spawned=true objectives=5 collision_shapes=112
RECYCLER BUSY CONSUME AWAY PASS away=true recycling=true consume=true
=== Production output full consume smoke ===
Initialize godot-rust (API v4.6.stable.official, runtime v4.7.2.stable.mono.official, safeguards balanced)
Godot Engine v4.7.2.stable.mono.official.ed1daf0bf - https://godotengine.org

The Synaptic Sea coherent proof ship bootstrap loaded.
PLAYABLE SHIP READY player_spawned=true camera_spawned=true objectives=5 collision_shapes=112
PRODUCTION OUTPUT FULL CONSUME PASS hydro=true recycler=true
=== Production output full consume away smoke ===
Initialize godot-rust (API v4.6.stable.official, runtime v4.7.2.stable.mono.official, safeguards balanced)
Godot Engine v4.7.2.stable.mono.official.ed1daf0bf - https://godotengine.org

The Synaptic Sea coherent proof ship bootstrap loaded.
PLAYABLE SHIP READY player_spawned=true camera_spawned=true objectives=5 collision_shapes=112
PRODUCTION OUTPUT FULL CONSUME AWAY PASS away=true hydro=true recycler=true
=== Recycler no input consume smoke ===
Initialize godot-rust (API v4.6.stable.official, runtime v4.7.2.stable.mono.official, safeguards balanced)
Godot Engine v4.7.2.stable.mono.official.ed1daf0bf - https://godotengine.org

The Synaptic Sea coherent proof ship bootstrap loaded.
PLAYABLE SHIP READY player_spawned=true camera_spawned=true objectives=5 collision_shapes=112
RECYCLER NO INPUT CONSUME PASS no_input=true consume=true
=== Recycler no input consume away smoke ===
Initialize godot-rust (API v4.6.stable.official, runtime v4.7.2.stable.mono.official, safeguards balanced)
Godot Engine v4.7.2.stable.mono.official.ed1daf0bf - https://godotengine.org

The Synaptic Sea coherent proof ship bootstrap loaded.
PLAYABLE SHIP READY player_spawned=true camera_spawned=true objectives=5 collision_shapes=112
RECYCLER NO INPUT CONSUME AWAY PASS away=true no_input=true consume=true
=== Plant crop blocked consume smoke ===
Initialize godot-rust (API v4.6.stable.official, runtime v4.7.2.stable.mono.official, safeguards balanced)
Godot Engine v4.7.2.stable.mono.official.ed1daf0bf - https://godotengine.org

The Synaptic Sea coherent proof ship bootstrap loaded.
PLAYABLE SHIP READY player_spawned=true camera_spawned=true objectives=5 collision_shapes=112
PLANT CROP BLOCKED CONSUME PASS busy=true missing=true blocked=true
=== Plant crop blocked consume away smoke ===
Initialize godot-rust (API v4.6.stable.official, runtime v4.7.2.stable.mono.official, safeguards balanced)
Godot Engine v4.7.2.stable.mono.official.ed1daf0bf - https://godotengine.org

The Synaptic Sea coherent proof ship bootstrap loaded.
PLAYABLE SHIP READY player_spawned=true camera_spawned=true objectives=5 collision_shapes=112
PLANT CROP BLOCKED CONSUME AWAY PASS away=true busy=true missing=true blocked=true
=== Melee reload denied SFX smoke ===
Initialize godot-rust (API v4.6.stable.official, runtime v4.7.2.stable.mono.official, safeguards balanced)
Godot Engine v4.7.2.stable.mono.official.ed1daf0bf - https://godotengine.org

The Synaptic Sea coherent proof ship bootstrap loaded.
PLAYABLE SHIP READY player_spawned=true camera_spawned=true objectives=5 collision_shapes=112
MELEE RELOAD DENIED SFX PASS melee=true sfx=true
=== Melee reload denied away smoke ===
Initialize godot-rust (API v4.6.stable.official, runtime v4.7.2.stable.mono.official, safeguards balanced)
Godot Engine v4.7.2.stable.mono.official.ed1daf0bf - https://godotengine.org

The Synaptic Sea coherent proof ship bootstrap loaded.
PLAYABLE SHIP READY player_spawned=true camera_spawned=true objectives=5 collision_shapes=112
MELEE RELOAD DENIED AWAY PASS away=true melee=true sfx=true
=== Attack soft fail SFX smoke ===
Initialize godot-rust (API v4.6.stable.official, runtime v4.7.2.stable.mono.official, safeguards balanced)
Godot Engine v4.7.2.stable.mono.official.ed1daf0bf - https://godotengine.org

The Synaptic Sea coherent proof ship bootstrap loaded.
PLAYABLE SHIP READY player_spawned=true camera_spawned=true objectives=5 collision_shapes=112
ATTACK SOFT FAIL SFX PASS soft_fail=true sfx=true
=== Attack soft fail away smoke ===
Initialize godot-rust (API v4.6.stable.official, runtime v4.7.2.stable.mono.official, safeguards balanced)
Godot Engine v4.7.2.stable.mono.official.ed1daf0bf - https://godotengine.org

The Synaptic Sea coherent proof ship bootstrap loaded.
PLAYABLE SHIP READY player_spawned=true camera_spawned=true objectives=5 collision_shapes=112
ATTACK SOFT FAIL AWAY PASS away=true soft_fail=true sfx=true
=== Repair blocked consume smoke ===
Initialize godot-rust (API v4.6.stable.official, runtime v4.7.2.stable.mono.official, safeguards balanced)
Godot Engine v4.7.2.stable.mono.official.ed1daf0bf - https://godotengine.org

The Synaptic Sea coherent proof ship bootstrap loaded.
PLAYABLE SHIP READY player_spawned=true camera_spawned=true objectives=5 collision_shapes=112
REPAIR BLOCKED CONSUME PASS blocked=true consume=true sfx=true
=== Repair blocked consume away smoke ===
Initialize godot-rust (API v4.6.stable.official, runtime v4.7.2.stable.mono.official, safeguards balanced)
Godot Engine v4.7.2.stable.mono.official.ed1daf0bf - https://godotengine.org

The Synaptic Sea coherent proof ship bootstrap loaded.
PLAYABLE SHIP READY player_spawned=true camera_spawned=true objectives=5 collision_shapes=112
REPAIR BLOCKED CONSUME AWAY PASS away=true blocked=true consume=true sfx=true
=== Repair validation channeling smoke ===
Initialize godot-rust (API v4.6.stable.official, runtime v4.7.2.stable.mono.official, safeguards balanced)
Godot Engine v4.7.2.stable.mono.official.ed1daf0bf - https://godotengine.org

The Synaptic Sea coherent proof ship bootstrap loaded.
PLAYABLE SHIP READY player_spawned=true camera_spawned=true objectives=5 collision_shapes=112
REPAIR VALIDATION CHANNELING PASS start=true soft_block_false=true
=== Work progress noise smoke ===
Initialize godot-rust (API v4.6.stable.official, runtime v4.7.2.stable.mono.official, safeguards balanced)
Godot Engine v4.7.2.stable.mono.official.ed1daf0bf - https://godotengine.org

WORK PROGRESS NOISE PASS cut=true pulse=true detection=true
=== Wound bandage inventory smoke ===
Initialize godot-rust (API v4.6.stable.official, runtime v4.7.2.stable.mono.official, safeguards balanced)
Godot Engine v4.7.2.stable.mono.official.ed1daf0bf - https://godotengine.org

The Synaptic Sea coherent proof ship bootstrap loaded.
PLAYABLE SHIP READY player_spawned=true camera_spawned=true objectives=5 collision_shapes=112
WOUND BANDAGE INVENTORY PASS wound=true bandage=true consume=true
=== Cut module scene smoke ===
Initialize godot-rust (API v4.6.stable.official, runtime v4.7.2.stable.mono.official, safeguards balanced)
Godot Engine v4.7.2.stable.mono.official.ed1daf0bf - https://godotengine.org

The Synaptic Sea coherent proof ship bootstrap loaded.
PLAYABLE SHIP READY player_spawned=true camera_spawned=true objectives=5 collision_shapes=112
CUT MODULE SCENE PASS cut=true damaged=true sparse=true
=== Remount system restore smoke ===
Initialize godot-rust (API v4.6.stable.official, runtime v4.7.2.stable.mono.official, safeguards balanced)
Godot Engine v4.7.2.stable.mono.official.ed1daf0bf - https://godotengine.org

REMOUNT SYSTEM RESTORE PASS damage=true remount=true floor=true no_full=true
=== Ship mod run snapshot smoke ===
Initialize godot-rust (API v4.6.stable.official, runtime v4.7.2.stable.mono.official, safeguards balanced)
Godot Engine v4.7.2.stable.mono.official.ed1daf0bf - https://godotengine.org

SHIP MOD RUN SNAPSHOT PASS shipmod=true pillar=true count=true
=== Work hold-to-work smoke ===
Initialize godot-rust (API v4.6.stable.official, runtime v4.7.2.stable.mono.official, safeguards balanced)
Godot Engine v4.7.2.stable.mono.official.ed1daf0bf - https://godotengine.org

The Synaptic Sea coherent proof ship bootstrap loaded.
PLAYABLE SHIP READY player_spawned=true camera_spawned=true objectives=5 collision_shapes=112
WORK HOLD TO WORK PASS freeze=true validation=true
=== Work hold-to-work away smoke ===
Initialize godot-rust (API v4.6.stable.official, runtime v4.7.2.stable.mono.official, safeguards balanced)
Godot Engine v4.7.2.stable.mono.official.ed1daf0bf - https://godotengine.org

The Synaptic Sea coherent proof ship bootstrap loaded.
PLAYABLE SHIP READY player_spawned=true camera_spawned=true objectives=5 collision_shapes=112
WORK HOLD TO WORK AWAY PASS away=true freeze=true validation=true
=== Bandage training smoke ===
Initialize godot-rust (API v4.6.stable.official, runtime v4.7.2.stable.mono.official, safeguards balanced)
Godot Engine v4.7.2.stable.mono.official.ed1daf0bf - https://godotengine.org

The Synaptic Sea coherent proof ship bootstrap loaded.
PLAYABLE SHIP READY player_spawned=true camera_spawned=true objectives=5 collision_shapes=112
BANDAGE TRAINING PASS bandage_xp=true treat_xp=true catalog=true
=== Bandage training away smoke ===
Initialize godot-rust (API v4.6.stable.official, runtime v4.7.2.stable.mono.official, safeguards balanced)
Godot Engine v4.7.2.stable.mono.official.ed1daf0bf - https://godotengine.org

The Synaptic Sea coherent proof ship bootstrap loaded.
PLAYABLE SHIP READY player_spawned=true camera_spawned=true objectives=5 collision_shapes=112
BANDAGE TRAINING AWAY PASS away=true bandage_xp=true treat_xp=true catalog=true
=== Ship mod install key smoke ===
Initialize godot-rust (API v4.6.stable.official, runtime v4.7.2.stable.mono.official, safeguards balanced)
Godot Engine v4.7.2.stable.mono.official.ed1daf0bf - https://godotengine.org

The Synaptic Sea coherent proof ship bootstrap loaded.
PLAYABLE SHIP READY player_spawned=true camera_spawned=true objectives=5 collision_shapes=112
SHIP MOD INSTALL KEY PASS install=true catalog=true uninstall=true
=== Ship mod system effect smoke ===
Initialize godot-rust (API v4.6.stable.official, runtime v4.7.2.stable.mono.official, safeguards balanced)
Godot Engine v4.7.2.stable.mono.official.ed1daf0bf - https://godotengine.org

The Synaptic Sea coherent proof ship bootstrap loaded.
PLAYABLE SHIP READY player_spawned=true camera_spawned=true objectives=5 collision_shapes=112
SHIP MOD SYSTEM EFFECT PASS restore=true power=true uninstall_damage=true
=== Ship mod station tier smoke ===
Initialize godot-rust (API v4.6.stable.official, runtime v4.7.2.stable.mono.official, safeguards balanced)
Godot Engine v4.7.2.stable.mono.official.ed1daf0bf - https://godotengine.org

The Synaptic Sea coherent proof ship bootstrap loaded.
PLAYABLE SHIP READY player_spawned=true camera_spawned=true objectives=5 collision_shapes=112
SHIP MOD STATION TIER PASS install=true tier=true uninstall=true
=== Hull plating resist smoke ===
Initialize godot-rust (API v4.6.stable.official, runtime v4.7.2.stable.mono.official, safeguards balanced)
Godot Engine v4.7.2.stable.mono.official.ed1daf0bf - https://godotengine.org

HULL PLATING RESIST PASS resist=true reduced=true zero_away=true
=== Work stamina drain smoke ===
Initialize godot-rust (API v4.6.stable.official, runtime v4.7.2.stable.mono.official, safeguards balanced)
Godot Engine v4.7.2.stable.mono.official.ed1daf0bf - https://godotengine.org

The Synaptic Sea coherent proof ship bootstrap loaded.
PLAYABLE SHIP READY player_spawned=true camera_spawned=true objectives=5 collision_shapes=112
WORK STAMINA DRAIN PASS start=true drain=true speed=true
=== Work stamina drain away smoke ===
Initialize godot-rust (API v4.6.stable.official, runtime v4.7.2.stable.mono.official, safeguards balanced)
Godot Engine v4.7.2.stable.mono.official.ed1daf0bf - https://godotengine.org

The Synaptic Sea coherent proof ship bootstrap loaded.
PLAYABLE SHIP READY player_spawned=true camera_spawned=true objectives=5 collision_shapes=112
WORK STAMINA DRAIN AWAY PASS away=true start=true drain=true speed=true
=== Work weld damaged smoke ===
Initialize godot-rust (API v4.6.stable.official, runtime v4.7.2.stable.mono.official, safeguards balanced)
Godot Engine v4.7.2.stable.mono.official.ed1daf0bf - https://godotengine.org

The Synaptic Sea coherent proof ship bootstrap loaded.
PLAYABLE SHIP READY player_spawned=true camera_spawned=true objectives=5 collision_shapes=112
WORK WELD DAMAGED PASS start=true repair=true consume=true
=== Ship mod restore effects smoke ===
Initialize godot-rust (API v4.6.stable.official, runtime v4.7.2.stable.mono.official, safeguards balanced)
Godot Engine v4.7.2.stable.mono.official.ed1daf0bf - https://godotengine.org

The Synaptic Sea coherent proof ship bootstrap loaded.
PLAYABLE SHIP READY player_spawned=true camera_spawned=true objectives=5 collision_shapes=112
SHIP MOD RESTORE EFFECTS PASS restore=true tier=true system=true
=== Fire plating resist smoke ===
Initialize godot-rust (API v4.6.stable.official, runtime v4.7.2.stable.mono.official, safeguards balanced)
Godot Engine v4.7.2.stable.mono.official.ed1daf0bf - https://godotengine.org

FIRE PLATING RESIST PASS resist=true reduced=true
=== Work stamina interrupt smoke ===
Initialize godot-rust (API v4.6.stable.official, runtime v4.7.2.stable.mono.official, safeguards balanced)
Godot Engine v4.7.2.stable.mono.official.ed1daf0bf - https://godotengine.org

The Synaptic Sea coherent proof ship bootstrap loaded.
PLAYABLE SHIP READY player_spawned=true camera_spawned=true objectives=5 collision_shapes=112
WORK STAMINA INTERRUPT PASS start=true exhaust=true interrupted=true
=== Work stamina interrupt away smoke ===
Initialize godot-rust (API v4.6.stable.official, runtime v4.7.2.stable.mono.official, safeguards balanced)
Godot Engine v4.7.2.stable.mono.official.ed1daf0bf - https://godotengine.org

The Synaptic Sea coherent proof ship bootstrap loaded.
PLAYABLE SHIP READY player_spawned=true camera_spawned=true objectives=5 collision_shapes=112
WORK STAMINA INTERRUPT AWAY PASS away=true start=true exhaust=true interrupted=true
=== Work weld skill context smoke ===
Initialize godot-rust (API v4.6.stable.official, runtime v4.7.2.stable.mono.official, safeguards balanced)
Godot Engine v4.7.2.stable.mono.official.ed1daf0bf - https://godotengine.org

The Synaptic Sea coherent proof ship bootstrap loaded.
PLAYABLE SHIP READY player_spawned=true camera_spawned=true objectives=5 collision_shapes=112
WORK WELD SKILL CONTEXT PASS skill=true start=true
=== Ship mod install XP smoke ===
Initialize godot-rust (API v4.6.stable.official, runtime v4.7.2.stable.mono.official, safeguards balanced)
Godot Engine v4.7.2.stable.mono.official.ed1daf0bf - https://godotengine.org

The Synaptic Sea coherent proof ship bootstrap loaded.
PLAYABLE SHIP READY player_spawned=true camera_spawned=true objectives=5 collision_shapes=112
SHIP MOD INSTALL XP PASS install_xp=true uninstall_xp=true catalog=true
=== Ship mod install XP away smoke ===
Initialize godot-rust (API v4.6.stable.official, runtime v4.7.2.stable.mono.official, safeguards balanced)
Godot Engine v4.7.2.stable.mono.official.ed1daf0bf - https://godotengine.org

The Synaptic Sea coherent proof ship bootstrap loaded.
PLAYABLE SHIP READY player_spawned=true camera_spawned=true objectives=5 collision_shapes=112
SHIP MOD INSTALL XP AWAY PASS away=true install_xp=true catalog=true
=== Ship mod audio smoke ===
Initialize godot-rust (API v4.6.stable.official, runtime v4.7.2.stable.mono.official, safeguards balanced)
Godot Engine v4.7.2.stable.mono.official.ed1daf0bf - https://godotengine.org

SHIP MOD AUDIO PASS seam=true router=true route=true
=== Hull plating catalog smoke ===
Initialize godot-rust (API v4.6.stable.official, runtime v4.7.2.stable.mono.official, safeguards balanced)
Godot Engine v4.7.2.stable.mono.official.ed1daf0bf - https://godotengine.org

The Synaptic Sea coherent proof ship bootstrap loaded.
PLAYABLE SHIP READY player_spawned=true camera_spawned=true objectives=5 collision_shapes=112
HULL PLATING CATALOG PASS catalog=true install=true bonus=true
=== Work block zero stamina smoke ===
Initialize godot-rust (API v4.6.stable.official, runtime v4.7.2.stable.mono.official, safeguards balanced)
Godot Engine v4.7.2.stable.mono.official.ed1daf0bf - https://godotengine.org

The Synaptic Sea coherent proof ship bootstrap loaded.
PLAYABLE SHIP READY player_spawned=true camera_spawned=true objectives=5 collision_shapes=112
WORK BLOCK ZERO STAMINA PASS block=true start_ok=true
=== Work block zero stamina away smoke ===
Initialize godot-rust (API v4.6.stable.official, runtime v4.7.2.stable.mono.official, safeguards balanced)
Godot Engine v4.7.2.stable.mono.official.ed1daf0bf - https://godotengine.org

The Synaptic Sea coherent proof ship bootstrap loaded.
PLAYABLE SHIP READY player_spawned=true camera_spawned=true objectives=5 collision_shapes=112
WORK BLOCK ZERO STAMINA AWAY PASS away=true block=true start_ok=true
=== Ship mod power budget scene smoke ===
Initialize godot-rust (API v4.6.stable.official, runtime v4.7.2.stable.mono.official, safeguards balanced)
Godot Engine v4.7.2.stable.mono.official.ed1daf0bf - https://godotengine.org

The Synaptic Sea coherent proof ship bootstrap loaded.
PLAYABLE SHIP READY player_spawned=true camera_spawned=true objectives=5 collision_shapes=112
SHIP MOD POWER BUDGET SCENE PASS fill=true reject=true inventory=true
=== Work action XP catalog smoke ===
Initialize godot-rust (API v4.6.stable.official, runtime v4.7.2.stable.mono.official, safeguards balanced)
Godot Engine v4.7.2.stable.mono.official.ed1daf0bf - https://godotengine.org

WORK ACTION XP CATALOG PASS cut=true weld=true salvage=true repair=true
=== Work cut XP live smoke ===
Initialize godot-rust (API v4.6.stable.official, runtime v4.7.2.stable.mono.official, safeguards balanced)
Godot Engine v4.7.2.stable.mono.official.ed1daf0bf - https://godotengine.org

The Synaptic Sea coherent proof ship bootstrap loaded.
PLAYABLE SHIP READY player_spawned=true camera_spawned=true objectives=5 collision_shapes=112
WORK CUT XP LIVE PASS start=true complete=true xp=true
=== Work weld XP live smoke ===
Initialize godot-rust (API v4.6.stable.official, runtime v4.7.2.stable.mono.official, safeguards balanced)
Godot Engine v4.7.2.stable.mono.official.ed1daf0bf - https://godotengine.org

The Synaptic Sea coherent proof ship bootstrap loaded.
PLAYABLE SHIP READY player_spawned=true camera_spawned=true objectives=5 collision_shapes=112
WORK WELD XP LIVE PASS start=true complete=true xp=true
=== Ship mod overbudget power smoke ===
Initialize godot-rust (API v4.6.stable.official, runtime v4.7.2.stable.mono.official, safeguards balanced)
Godot Engine v4.7.2.stable.mono.official.ed1daf0bf - https://godotengine.org

The Synaptic Sea coherent proof ship bootstrap loaded.
PLAYABLE SHIP READY player_spawned=true camera_spawned=true objectives=5 collision_shapes=112
SHIP MOD OVERBUDGET POWER PASS over=true unpowered=true ok=true
=== Work progress UI SFX smoke ===
Initialize godot-rust (API v4.6.stable.official, runtime v4.7.2.stable.mono.official, safeguards balanced)
Godot Engine v4.7.2.stable.mono.official.ed1daf0bf - https://godotengine.org

WORK PROGRESS UI SFX PASS seam=true router=true
=== Work progress UI away smoke ===
Initialize godot-rust (API v4.6.stable.official, runtime v4.7.2.stable.mono.official, safeguards balanced)
Godot Engine v4.7.2.stable.mono.official.ed1daf0bf - https://godotengine.org

The Synaptic Sea coherent proof ship bootstrap loaded.
PLAYABLE SHIP READY player_spawned=true camera_spawned=true objectives=5 collision_shapes=112
WORK PROGRESS UI AWAY PASS away=true progress=true sfx=true
=== Wounds panel open SFX smoke ===
Initialize godot-rust (API v4.6.stable.official, runtime v4.7.2.stable.mono.official, safeguards balanced)
Godot Engine v4.7.2.stable.mono.official.ed1daf0bf - https://godotengine.org

WOUNDS PANEL OPEN SFX PASS seam=true router=true
=== Wounds panel open away smoke ===
Initialize godot-rust (API v4.6.stable.official, runtime v4.7.2.stable.mono.official, safeguards balanced)
Godot Engine v4.7.2.stable.mono.official.ed1daf0bf - https://godotengine.org

The Synaptic Sea coherent proof ship bootstrap loaded.
PLAYABLE SHIP READY player_spawned=true camera_spawned=true objectives=5 collision_shapes=112
WOUNDS PANEL OPEN AWAY PASS away=true open=true sfx=true
=== Treat wound SFX smoke ===
Initialize godot-rust (API v4.6.stable.official, runtime v4.7.2.stable.mono.official, safeguards balanced)
Godot Engine v4.7.2.stable.mono.official.ed1daf0bf - https://godotengine.org

TREAT WOUND SFX PASS seam=true router=true
=== Treat wound away smoke ===
Initialize godot-rust (API v4.6.stable.official, runtime v4.7.2.stable.mono.official, safeguards balanced)
Godot Engine v4.7.2.stable.mono.official.ed1daf0bf - https://godotengine.org

The Synaptic Sea coherent proof ship bootstrap loaded.
PLAYABLE SHIP READY player_spawned=true camera_spawned=true objectives=5 collision_shapes=112
TREAT WOUND AWAY PASS away=true sfx=true
=== Craft complete SFX smoke ===
Initialize godot-rust (API v4.6.stable.official, runtime v4.7.2.stable.mono.official, safeguards balanced)
Godot Engine v4.7.2.stable.mono.official.ed1daf0bf - https://godotengine.org

CRAFT COMPLETE SFX PASS seam=true router=true
=== Craft complete away smoke ===
Initialize godot-rust (API v4.6.stable.official, runtime v4.7.2.stable.mono.official, safeguards balanced)
Godot Engine v4.7.2.stable.mono.official.ed1daf0bf - https://godotengine.org

The Synaptic Sea coherent proof ship bootstrap loaded.
PLAYABLE SHIP READY player_spawned=true camera_spawned=true objectives=5 collision_shapes=112
FIELD CRAFT STARTED recipe=field_bandage
FIELD CRAFT COMPLETED item=field_bandage qty=1 quality=poor
CRAFT COMPLETE AWAY PASS away=true complete=true sfx=true
=== Repair complete SFX smoke ===
Initialize godot-rust (API v4.6.stable.official, runtime v4.7.2.stable.mono.official, safeguards balanced)
Godot Engine v4.7.2.stable.mono.official.ed1daf0bf - https://godotengine.org

REPAIR COMPLETE SFX PASS seam=true router=true
=== Repair complete away smoke ===
Initialize godot-rust (API v4.6.stable.official, runtime v4.7.2.stable.mono.official, safeguards balanced)
Godot Engine v4.7.2.stable.mono.official.ed1daf0bf - https://godotengine.org

The Synaptic Sea coherent proof ship bootstrap loaded.
PLAYABLE SHIP READY player_spawned=true camera_spawned=true objectives=5 collision_shapes=112
REPAIR COMPLETE AWAY PASS away=true sfx=true
=== Work complete SFX live smoke ===
Initialize godot-rust (API v4.6.stable.official, runtime v4.7.2.stable.mono.official, safeguards balanced)
Godot Engine v4.7.2.stable.mono.official.ed1daf0bf - https://godotengine.org

The Synaptic Sea coherent proof ship bootstrap loaded.
PLAYABLE SHIP READY player_spawned=true camera_spawned=true objectives=5 collision_shapes=112
WORK COMPLETE SFX LIVE PASS complete=true audio=true route=true
=== Salvage scavenge XP smoke ===
Initialize godot-rust (API v4.6.stable.official, runtime v4.7.2.stable.mono.official, safeguards balanced)
Godot Engine v4.7.2.stable.mono.official.ed1daf0bf - https://godotengine.org

The Synaptic Sea coherent proof ship bootstrap loaded.
PLAYABLE SHIP READY player_spawned=true camera_spawned=true objectives=5 collision_shapes=112
SALVAGE COMPLETED junk=junk_crate primary=scrap_metal qty=2 multi=false
SALVAGE SCAVENGE XP PASS emit=true catalog=true
=== Salvage scavenge XP away smoke ===
Initialize godot-rust (API v4.6.stable.official, runtime v4.7.2.stable.mono.official, safeguards balanced)
Godot Engine v4.7.2.stable.mono.official.ed1daf0bf - https://godotengine.org

The Synaptic Sea coherent proof ship bootstrap loaded.
PLAYABLE SHIP READY player_spawned=true camera_spawned=true objectives=5 collision_shapes=112
SALVAGE COMPLETED junk=junk_crate_away primary=scrap_metal qty=2 multi=false
SALVAGE SCAVENGE XP AWAY PASS away=true emit=true catalog=true
=== Production harvest XP smoke ===
Initialize godot-rust (API v4.6.stable.official, runtime v4.7.2.stable.mono.official, safeguards balanced)
Godot Engine v4.7.2.stable.mono.official.ed1daf0bf - https://godotengine.org

The Synaptic Sea coherent proof ship bootstrap loaded.
PLAYABLE SHIP READY player_spawned=true camera_spawned=true objectives=5 collision_shapes=112
PRODUCTION HARVESTED station=hydroponics item=fresh_greens qty=2
PRODUCTION HARVESTED station=water_recycler item=clean_water qty=1
PRODUCTION HARVEST XP PASS emit=true catalog=true
=== Production harvest XP away smoke ===
Initialize godot-rust (API v4.6.stable.official, runtime v4.7.2.stable.mono.official, safeguards balanced)
Godot Engine v4.7.2.stable.mono.official.ed1daf0bf - https://godotengine.org

The Synaptic Sea coherent proof ship bootstrap loaded.
PLAYABLE SHIP READY player_spawned=true camera_spawned=true objectives=5 collision_shapes=112
PRODUCTION HARVESTED station=hydroponics item=fresh_greens qty=2
PRODUCTION HARVEST XP AWAY PASS away=true emit=true catalog=true
=== Medbay surgery SFX smoke ===
Initialize godot-rust (API v4.6.stable.official, runtime v4.7.2.stable.mono.official, safeguards balanced)
Godot Engine v4.7.2.stable.mono.official.ed1daf0bf - https://godotengine.org

The Synaptic Sea coherent proof ship bootstrap loaded.
PLAYABLE SHIP READY player_spawned=true camera_spawned=true objectives=5 collision_shapes=112
MEDBAY SURGERY health=60.0
MEDBAY SURGERY SFX PASS surgery=true heal=true xp=true
=== Medbay surgery away smoke ===
Initialize godot-rust (API v4.6.stable.official, runtime v4.7.2.stable.mono.official, safeguards balanced)
Godot Engine v4.7.2.stable.mono.official.ed1daf0bf - https://godotengine.org

The Synaptic Sea coherent proof ship bootstrap loaded.
PLAYABLE SHIP READY player_spawned=true camera_spawned=true objectives=5 collision_shapes=112
MEDBAY SURGERY health=60.0
MEDBAY SURGERY AWAY PASS away=true surgery=true heal=true xp=true
=== Decode signal XP smoke ===
Initialize godot-rust (API v4.6.stable.official, runtime v4.7.2.stable.mono.official, safeguards balanced)
Godot Engine v4.7.2.stable.mono.official.ed1daf0bf - https://godotengine.org

The Synaptic Sea coherent proof ship bootstrap loaded.
PLAYABLE SHIP READY player_spawned=true camera_spawned=true objectives=5 collision_shapes=112
DECODE SIGNAL XP PASS emit=true catalog=true
=== Decode signal XP away smoke ===
Initialize godot-rust (API v4.6.stable.official, runtime v4.7.2.stable.mono.official, safeguards balanced)
Godot Engine v4.7.2.stable.mono.official.ed1daf0bf - https://godotengine.org

The Synaptic Sea coherent proof ship bootstrap loaded.
PLAYABLE SHIP READY player_spawned=true camera_spawned=true objectives=5 collision_shapes=112
DECODE SIGNAL XP AWAY PASS away=true emit=true catalog=true
=== Diagnose fault XP smoke ===
Initialize godot-rust (API v4.6.stable.official, runtime v4.7.2.stable.mono.official, safeguards balanced)
Godot Engine v4.7.2.stable.mono.official.ed1daf0bf - https://godotengine.org

The Synaptic Sea coherent proof ship bootstrap loaded.
PLAYABLE SHIP READY player_spawned=true camera_spawned=true objectives=5 collision_shapes=112
DIAGNOSE FAULT XP PASS emit=true catalog=true
=== Diagnose fault XP away smoke ===
Initialize godot-rust (API v4.6.stable.official, runtime v4.7.2.stable.mono.official, safeguards balanced)
Godot Engine v4.7.2.stable.mono.official.ed1daf0bf - https://godotengine.org

The Synaptic Sea coherent proof ship bootstrap loaded.
PLAYABLE SHIP READY player_spawned=true camera_spawned=true objectives=5 collision_shapes=112
DIAGNOSE FAULT XP AWAY PASS away=true emit=true catalog=true
=== Social training XP smoke ===
Initialize godot-rust (API v4.6.stable.official, runtime v4.7.2.stable.mono.official, safeguards balanced)
Godot Engine v4.7.2.stable.mono.official.ed1daf0bf - https://godotengine.org

The Synaptic Sea coherent proof ship bootstrap loaded.
PLAYABLE SHIP READY player_spawned=true camera_spawned=true objectives=5 collision_shapes=112
SOCIAL TRAINING XP PASS inspire=true negotiate=true intimidate=true
=== Social training XP away smoke ===
Initialize godot-rust (API v4.6.stable.official, runtime v4.7.2.stable.mono.official, safeguards balanced)
Godot Engine v4.7.2.stable.mono.official.ed1daf0bf - https://godotengine.org

The Synaptic Sea coherent proof ship bootstrap loaded.
PLAYABLE SHIP READY player_spawned=true camera_spawned=true objectives=5 collision_shapes=112
SOCIAL TRAINING XP AWAY PASS away=true inspire=true negotiate=true intimidate=true
=== Stream D/E training XP smoke ===
Initialize godot-rust (API v4.6.stable.official, runtime v4.7.2.stable.mono.official, safeguards balanced)
Godot Engine v4.7.2.stable.mono.official.ed1daf0bf - https://godotengine.org

The Synaptic Sea coherent proof ship bootstrap loaded.
PLAYABLE SHIP READY player_spawned=true camera_spawned=true objectives=5 collision_shapes=112
STREAM DE TRAINING XP PASS discover=true extract=true plot=true ration=true
=== Consumable training XP smoke ===
Initialize godot-rust (API v4.6.stable.official, runtime v4.7.2.stable.mono.official, safeguards balanced)
Godot Engine v4.7.2.stable.mono.official.ed1daf0bf - https://godotengine.org

The Synaptic Sea coherent proof ship bootstrap loaded.
PLAYABLE SHIP READY player_spawned=true camera_spawned=true objectives=5 collision_shapes=112
CONSUMABLE TRAINING XP PASS medicine=true food=true
=== Consumable training XP away smoke ===
Initialize godot-rust (API v4.6.stable.official, runtime v4.7.2.stable.mono.official, safeguards balanced)
Godot Engine v4.7.2.stable.mono.official.ed1daf0bf - https://godotengine.org

The Synaptic Sea coherent proof ship bootstrap loaded.
PLAYABLE SHIP READY player_spawned=true camera_spawned=true objectives=5 collision_shapes=112
CONSUMABLE TRAINING XP AWAY PASS away=true medicine=true food=true
=== Scanner open XP smoke ===
Initialize godot-rust (API v4.6.stable.official, runtime v4.7.2.stable.mono.official, safeguards balanced)
Godot Engine v4.7.2.stable.mono.official.ed1daf0bf - https://godotengine.org

The Synaptic Sea coherent proof ship bootstrap loaded.
PLAYABLE SHIP READY player_spawned=true camera_spawned=true objectives=5 collision_shapes=112
SCANNER OPEN XP PASS open=true xp=true
=== Scanner open XP away smoke ===
Initialize godot-rust (API v4.6.stable.official, runtime v4.7.2.stable.mono.official, safeguards balanced)
Godot Engine v4.7.2.stable.mono.official.ed1daf0bf - https://godotengine.org

The Synaptic Sea coherent proof ship bootstrap loaded.
PLAYABLE SHIP READY player_spawned=true camera_spawned=true objectives=5 collision_shapes=112
SCANNER OPEN XP AWAY PASS away=true open=true xp=true
=== Travel training XP smoke ===
Initialize godot-rust (API v4.6.stable.official, runtime v4.7.2.stable.mono.official, safeguards balanced)
Godot Engine v4.7.2.stable.mono.official.ed1daf0bf - https://godotengine.org

The Synaptic Sea coherent proof ship bootstrap loaded.
PLAYABLE SHIP READY player_spawned=true camera_spawned=true objectives=5 collision_shapes=112
TRAVEL TRAINING XP PASS plot=true astrogation=true
=== Travel training XP away smoke ===
Initialize godot-rust (API v4.6.stable.official, runtime v4.7.2.stable.mono.official, safeguards balanced)
Godot Engine v4.7.2.stable.mono.official.ed1daf0bf - https://godotengine.org

The Synaptic Sea coherent proof ship bootstrap loaded.
PLAYABLE SHIP READY player_spawned=true camera_spawned=true objectives=5 collision_shapes=112
TRAVEL TRAINING XP AWAY PASS away=true plot=true astrogation=true
=== Threat kill XP smoke ===
Initialize godot-rust (API v4.6.stable.official, runtime v4.7.2.stable.mono.official, safeguards balanced)
Godot Engine v4.7.2.stable.mono.official.ed1daf0bf - https://godotengine.org

The Synaptic Sea coherent proof ship bootstrap loaded.
PLAYABLE SHIP READY player_spawned=true camera_spawned=true objectives=5 collision_shapes=112
THREAT KILL XP PASS kill=true melee=true catalog=true
=== Threat kill XP away smoke ===
Initialize godot-rust (API v4.6.stable.official, runtime v4.7.2.stable.mono.official, safeguards balanced)
Godot Engine v4.7.2.stable.mono.official.ed1daf0bf - https://godotengine.org

The Synaptic Sea coherent proof ship bootstrap loaded.
PLAYABLE SHIP READY player_spawned=true camera_spawned=true objectives=5 collision_shapes=112
THREAT KILL XP AWAY PASS away=true kill=true melee=true catalog=true
=== Discover room XP smoke ===
Initialize godot-rust (API v4.6.stable.official, runtime v4.7.2.stable.mono.official, safeguards balanced)
Godot Engine v4.7.2.stable.mono.official.ed1daf0bf - https://godotengine.org

The Synaptic Sea coherent proof ship bootstrap loaded.
PLAYABLE SHIP READY player_spawned=true camera_spawned=true objectives=5 collision_shapes=112
DISCOVER ROOM XP PASS discover=true extract=true
=== Ship mod plating repair smoke ===
Initialize godot-rust (API v4.6.stable.official, runtime v4.7.2.stable.mono.official, safeguards balanced)
Godot Engine v4.7.2.stable.mono.official.ed1daf0bf - https://godotengine.org

The Synaptic Sea coherent proof ship bootstrap loaded.
PLAYABLE SHIP READY player_spawned=true camera_spawned=true objectives=5 collision_shapes=112
SHIP MOD PLATING REPAIR PASS install=true repair=true
=== Build shelter XP smoke ===
Initialize godot-rust (API v4.6.stable.official, runtime v4.7.2.stable.mono.official, safeguards balanced)
Godot Engine v4.7.2.stable.mono.official.ed1daf0bf - https://godotengine.org

The Synaptic Sea coherent proof ship bootstrap loaded.
PLAYABLE SHIP READY player_spawned=true camera_spawned=true objectives=5 collision_shapes=112
BUILD SHELTER XP PASS emit=true catalog=true
=== Decontaminate zone XP smoke ===
Initialize godot-rust (API v4.6.stable.official, runtime v4.7.2.stable.mono.official, safeguards balanced)
Godot Engine v4.7.2.stable.mono.official.ed1daf0bf - https://godotengine.org

The Synaptic Sea coherent proof ship bootstrap loaded.
PLAYABLE SHIP READY player_spawned=true camera_spawned=true objectives=5 collision_shapes=112
DECONTAMINATE ZONE XP PASS emit=true catalog=true
=== Decontaminate zone XP away smoke ===
Initialize godot-rust (API v4.6.stable.official, runtime v4.7.2.stable.mono.official, safeguards balanced)
Godot Engine v4.7.2.stable.mono.official.ed1daf0bf - https://godotengine.org

The Synaptic Sea coherent proof ship bootstrap loaded.
PLAYABLE SHIP READY player_spawned=true camera_spawned=true objectives=5 collision_shapes=112
DECONTAMINATE ZONE XP AWAY PASS away=true emit=true
=== Breach seal XP smoke ===
Initialize godot-rust (API v4.6.stable.official, runtime v4.7.2.stable.mono.official, safeguards balanced)
Godot Engine v4.7.2.stable.mono.official.ed1daf0bf - https://godotengine.org

The Synaptic Sea coherent proof ship bootstrap loaded.
PLAYABLE SHIP READY player_spawned=true camera_spawned=true objectives=5 collision_shapes=112
BREACH SEAL XP PASS weld=true shelter=true
=== Breach seal XP away smoke ===
Initialize godot-rust (API v4.6.stable.official, runtime v4.7.2.stable.mono.official, safeguards balanced)
Godot Engine v4.7.2.stable.mono.official.ed1daf0bf - https://godotengine.org

The Synaptic Sea coherent proof ship bootstrap loaded.
PLAYABLE SHIP READY player_spawned=true camera_spawned=true objectives=5 collision_shapes=112
BREACH SEAL XP AWAY PASS away=true weld=true shelter=true
=== Repair full system XP smoke ===
Initialize godot-rust (API v4.6.stable.official, runtime v4.7.2.stable.mono.official, safeguards balanced)
Godot Engine v4.7.2.stable.mono.official.ed1daf0bf - https://godotengine.org

The Synaptic Sea coherent proof ship bootstrap loaded.
PLAYABLE SHIP READY player_spawned=true camera_spawned=true objectives=5 collision_shapes=112
REPAIR FULL SYSTEM XP PASS emit=true catalog=true
=== Fabricate part XP smoke ===
Initialize godot-rust (API v4.6.stable.official, runtime v4.7.2.stable.mono.official, safeguards balanced)
Godot Engine v4.7.2.stable.mono.official.ed1daf0bf - https://godotengine.org

The Synaptic Sea coherent proof ship bootstrap loaded.
PLAYABLE SHIP READY player_spawned=true camera_spawned=true objectives=5 collision_shapes=112
FABRICATE PART XP PASS emit=true catalog=true
=== Fabricate part XP away smoke ===
Initialize godot-rust (API v4.6.stable.official, runtime v4.7.2.stable.mono.official, safeguards balanced)
Godot Engine v4.7.2.stable.mono.official.ed1daf0bf - https://godotengine.org

The Synaptic Sea coherent proof ship bootstrap loaded.
PLAYABLE SHIP READY player_spawned=true camera_spawned=true objectives=5 collision_shapes=112
FABRICATE PART XP AWAY PASS away=true emit=true catalog=true
=== Compound stim XP smoke ===
Initialize godot-rust (API v4.6.stable.official, runtime v4.7.2.stable.mono.official, safeguards balanced)
Godot Engine v4.7.2.stable.mono.official.ed1daf0bf - https://godotengine.org

The Synaptic Sea coherent proof ship bootstrap loaded.
PLAYABLE SHIP READY player_spawned=true camera_spawned=true objectives=5 collision_shapes=112
COMPOUND STIM XP PASS emit=true catalog=true
=== Cook meal XP smoke ===
Initialize godot-rust (API v4.6.stable.official, runtime v4.7.2.stable.mono.official, safeguards balanced)
Godot Engine v4.7.2.stable.mono.official.ed1daf0bf - https://godotengine.org

The Synaptic Sea coherent proof ship bootstrap loaded.
PLAYABLE SHIP READY player_spawned=true camera_spawned=true objectives=5 collision_shapes=112
COOK MEAL XP PASS emit=true catalog=true
=== Cook meal XP away smoke ===
Initialize godot-rust (API v4.6.stable.official, runtime v4.7.2.stable.mono.official, safeguards balanced)
Godot Engine v4.7.2.stable.mono.official.ed1daf0bf - https://godotengine.org

The Synaptic Sea coherent proof ship bootstrap loaded.
PLAYABLE SHIP READY player_spawned=true camera_spawned=true objectives=5 collision_shapes=112
COOK MEAL XP AWAY PASS away=true emit=true catalog=true
=== Perform surgery XP smoke ===
Initialize godot-rust (API v4.6.stable.official, runtime v4.7.2.stable.mono.official, safeguards balanced)
Godot Engine v4.7.2.stable.mono.official.ed1daf0bf - https://godotengine.org

The Synaptic Sea coherent proof ship bootstrap loaded.
PLAYABLE SHIP READY player_spawned=true camera_spawned=true objectives=5 collision_shapes=112
PERFORM SURGERY XP PASS emit=true catalog=true
=== Perform surgery XP away smoke ===
Initialize godot-rust (API v4.6.stable.official, runtime v4.7.2.stable.mono.official, safeguards balanced)
Godot Engine v4.7.2.stable.mono.official.ed1daf0bf - https://godotengine.org

The Synaptic Sea coherent proof ship bootstrap loaded.
PLAYABLE SHIP READY player_spawned=true camera_spawned=true objectives=5 collision_shapes=112
PERFORM SURGERY XP AWAY PASS away=true emit=true catalog=true
=== Training catalog coverage smoke ===
Initialize godot-rust (API v4.6.stable.official, runtime v4.7.2.stable.mono.official, safeguards balanced)
Godot Engine v4.7.2.stable.mono.official.ed1daf0bf - https://godotengine.org

The Synaptic Sea coherent proof ship bootstrap loaded.
PLAYABLE SHIP READY player_spawned=true camera_spawned=true objectives=5 collision_shapes=112
TRAINING CATALOG COVERAGE PASS count=34 all=true
=== Repair subcomponent XP smoke ===
Initialize godot-rust (API v4.6.stable.official, runtime v4.7.2.stable.mono.official, safeguards balanced)
Godot Engine v4.7.2.stable.mono.official.ed1daf0bf - https://godotengine.org

The Synaptic Sea coherent proof ship bootstrap loaded.
PLAYABLE SHIP READY player_spawned=true camera_spawned=true objectives=5 collision_shapes=112
ACHIEVEMENT UNLOCKED trigger=repair_consumed target=power.power_distribution id=first_repair
REPAIR COMPLETED system=power sub=power_distribution operational=false
REPAIR SUBCOMPONENT XP PASS emit=true catalog=true
=== Repair subcomponent XP away smoke ===
Initialize godot-rust (API v4.6.stable.official, runtime v4.7.2.stable.mono.official, safeguards balanced)
Godot Engine v4.7.2.stable.mono.official.ed1daf0bf - https://godotengine.org

The Synaptic Sea coherent proof ship bootstrap loaded.
PLAYABLE SHIP READY player_spawned=true camera_spawned=true objectives=5 collision_shapes=112
ACHIEVEMENT UNLOCKED trigger=repair_consumed target=power.power_distribution id=first_repair
REPAIR COMPLETED system=power sub=power_distribution operational=false
REPAIR SUBCOMPONENT XP AWAY PASS away=true emit=true catalog=true
=== Discover room XP away smoke ===
Initialize godot-rust (API v4.6.stable.official, runtime v4.7.2.stable.mono.official, safeguards balanced)
Godot Engine v4.7.2.stable.mono.official.ed1daf0bf - https://godotengine.org

The Synaptic Sea coherent proof ship bootstrap loaded.
PLAYABLE SHIP READY player_spawned=true camera_spawned=true objectives=5 collision_shapes=112
DISCOVER ROOM XP AWAY PASS away=true discover=true extract=true
=== Build shelter XP away smoke ===
Initialize godot-rust (API v4.6.stable.official, runtime v4.7.2.stable.mono.official, safeguards balanced)
Godot Engine v4.7.2.stable.mono.official.ed1daf0bf - https://godotengine.org

The Synaptic Sea coherent proof ship bootstrap loaded.
PLAYABLE SHIP READY player_spawned=true camera_spawned=true objectives=5 collision_shapes=112
BUILD SHELTER XP AWAY PASS away=true emit=true catalog=true
=== Compound stim XP away smoke ===
Initialize godot-rust (API v4.6.stable.official, runtime v4.7.2.stable.mono.official, safeguards balanced)
Godot Engine v4.7.2.stable.mono.official.ed1daf0bf - https://godotengine.org

The Synaptic Sea coherent proof ship bootstrap loaded.
PLAYABLE SHIP READY player_spawned=true camera_spawned=true objectives=5 collision_shapes=112
COMPOUND STIM XP AWAY PASS away=true emit=true catalog=true
=== First aid ally XP away smoke ===
Initialize godot-rust (API v4.6.stable.official, runtime v4.7.2.stable.mono.official, safeguards balanced)
Godot Engine v4.7.2.stable.mono.official.ed1daf0bf - https://godotengine.org

The Synaptic Sea coherent proof ship bootstrap loaded.
PLAYABLE SHIP READY player_spawned=true camera_spawned=true objectives=5 collision_shapes=112
MEDBAY SURGERY health=60.0
FIRST AID ALLY XP AWAY PASS away=true ally=true surgery=true
=== Repair full system XP away smoke ===
Initialize godot-rust (API v4.6.stable.official, runtime v4.7.2.stable.mono.official, safeguards balanced)
Godot Engine v4.7.2.stable.mono.official.ed1daf0bf - https://godotengine.org

The Synaptic Sea coherent proof ship bootstrap loaded.
PLAYABLE SHIP READY player_spawned=true camera_spawned=true objectives=5 collision_shapes=112
REPAIR FULL SYSTEM XP AWAY PASS away=true emit=true catalog=true
=== Stream DE training XP away smoke ===
Initialize godot-rust (API v4.6.stable.official, runtime v4.7.2.stable.mono.official, safeguards balanced)
Godot Engine v4.7.2.stable.mono.official.ed1daf0bf - https://godotengine.org

The Synaptic Sea coherent proof ship bootstrap loaded.
PLAYABLE SHIP READY player_spawned=true camera_spawned=true objectives=5 collision_shapes=112
STREAM DE TRAINING XP AWAY PASS away=true ration=true scan=true transmit=true
=== Ship mod uninstall XP away smoke ===
Initialize godot-rust (API v4.6.stable.official, runtime v4.7.2.stable.mono.official, safeguards balanced)
Godot Engine v4.7.2.stable.mono.official.ed1daf0bf - https://godotengine.org

The Synaptic Sea coherent proof ship bootstrap loaded.
PLAYABLE SHIP READY player_spawned=true camera_spawned=true objectives=5 collision_shapes=112
SHIP MOD UNINSTALL XP AWAY PASS away=true emit=true catalog=true
=== Weld panel XP away smoke ===
Initialize godot-rust (API v4.6.stable.official, runtime v4.7.2.stable.mono.official, safeguards balanced)
Godot Engine v4.7.2.stable.mono.official.ed1daf0bf - https://godotengine.org

The Synaptic Sea coherent proof ship bootstrap loaded.
PLAYABLE SHIP READY player_spawned=true camera_spawned=true objectives=5 collision_shapes=112
WELD PANEL XP AWAY PASS away=true weld_panel=true weld=true
=== Defeat enemy XP away smoke ===
Initialize godot-rust (API v4.6.stable.official, runtime v4.7.2.stable.mono.official, safeguards balanced)
Godot Engine v4.7.2.stable.mono.official.ed1daf0bf - https://godotengine.org

The Synaptic Sea coherent proof ship bootstrap loaded.
PLAYABLE SHIP READY player_spawned=true camera_spawned=true objectives=5 collision_shapes=112
DEFEAT ENEMY XP AWAY PASS away=true emit=true catalog=true
=== Cooking work XP away smoke ===
Initialize godot-rust (API v4.6.stable.official, runtime v4.7.2.stable.mono.official, safeguards balanced)
Godot Engine v4.7.2.stable.mono.official.ed1daf0bf - https://godotengine.org

The Synaptic Sea coherent proof ship bootstrap loaded.
PLAYABLE SHIP READY player_spawned=true camera_spawned=true objectives=5 collision_shapes=112
COOKING WORK XP AWAY PASS away=true cooking=true salvage=true repair=true
=== Work pry XP live away smoke ===
Initialize godot-rust (API v4.6.stable.official, runtime v4.7.2.stable.mono.official, safeguards balanced)
Godot Engine v4.7.2.stable.mono.official.ed1daf0bf - https://godotengine.org

The Synaptic Sea coherent proof ship bootstrap loaded.
PLAYABLE SHIP READY player_spawned=true camera_spawned=true objectives=5 collision_shapes=112
WORK PRY XP LIVE AWAY PASS away=true start=true complete=true xp=true
=== Work weld XP live away smoke ===
Initialize godot-rust (API v4.6.stable.official, runtime v4.7.2.stable.mono.official, safeguards balanced)
Godot Engine v4.7.2.stable.mono.official.ed1daf0bf - https://godotengine.org

The Synaptic Sea coherent proof ship bootstrap loaded.
PLAYABLE SHIP READY player_spawned=true camera_spawned=true objectives=5 collision_shapes=112
WORK WELD XP LIVE AWAY PASS away=true start=true complete=true xp=true
=== Work cut XP live away smoke ===
Initialize godot-rust (API v4.6.stable.official, runtime v4.7.2.stable.mono.official, safeguards balanced)
Godot Engine v4.7.2.stable.mono.official.ed1daf0bf - https://godotengine.org

The Synaptic Sea coherent proof ship bootstrap loaded.
PLAYABLE SHIP READY player_spawned=true camera_spawned=true objectives=5 collision_shapes=112
WORK CUT XP LIVE AWAY PASS away=true start=true complete=true xp=true
=== Work patch XP live away smoke ===
Initialize godot-rust (API v4.6.stable.official, runtime v4.7.2.stable.mono.official, safeguards balanced)
Godot Engine v4.7.2.stable.mono.official.ed1daf0bf - https://godotengine.org

The Synaptic Sea coherent proof ship bootstrap loaded.
PLAYABLE SHIP READY player_spawned=true camera_spawned=true objectives=5 collision_shapes=112
WORK PATCH XP LIVE AWAY PASS away=true start=true complete=true xp=true
=== Work splice XP live away smoke ===
Initialize godot-rust (API v4.6.stable.official, runtime v4.7.2.stable.mono.official, safeguards balanced)
Godot Engine v4.7.2.stable.mono.official.ed1daf0bf - https://godotengine.org

The Synaptic Sea coherent proof ship bootstrap loaded.
PLAYABLE SHIP READY player_spawned=true camera_spawned=true objectives=5 collision_shapes=112
WORK SPLICE XP LIVE AWAY PASS away=true start=true complete=true xp=true
=== Work suppress XP live away smoke ===
Initialize godot-rust (API v4.6.stable.official, runtime v4.7.2.stable.mono.official, safeguards balanced)
Godot Engine v4.7.2.stable.mono.official.ed1daf0bf - https://godotengine.org

The Synaptic Sea coherent proof ship bootstrap loaded.
PLAYABLE SHIP READY player_spawned=true camera_spawned=true objectives=5 collision_shapes=112
WORK SUPPRESS XP LIVE AWAY PASS away=true start=true complete=true xp=true
=== Work harvest XP live away smoke ===
Initialize godot-rust (API v4.6.stable.official, runtime v4.7.2.stable.mono.official, safeguards balanced)
Godot Engine v4.7.2.stable.mono.official.ed1daf0bf - https://godotengine.org

The Synaptic Sea coherent proof ship bootstrap loaded.
PLAYABLE SHIP READY player_spawned=true camera_spawned=true objectives=5 collision_shapes=112
WORK HARVEST XP LIVE AWAY PASS away=true start=true complete=true xp=true
=== Work plant XP live away smoke ===
Initialize godot-rust (API v4.6.stable.official, runtime v4.7.2.stable.mono.official, safeguards balanced)
Godot Engine v4.7.2.stable.mono.official.ed1daf0bf - https://godotengine.org

The Synaptic Sea coherent proof ship bootstrap loaded.
PLAYABLE SHIP READY player_spawned=true camera_spawned=true objectives=5 collision_shapes=112
WORK PLANT XP LIVE AWAY PASS away=true start=true complete=true xp=true
=== Component mount XP live away smoke ===
Initialize godot-rust (API v4.6.stable.official, runtime v4.7.2.stable.mono.official, safeguards balanced)
Godot Engine v4.7.2.stable.mono.official.ed1daf0bf - https://godotengine.org

The Synaptic Sea coherent proof ship bootstrap loaded.
PLAYABLE SHIP READY player_spawned=true camera_spawned=true objectives=5 collision_shapes=112
WARNING: AudioManager: stream file missing, path='res://data/audio/voice/log_beacon_01.ogg'
   at: push_warning (core/variant/variant_utility.cpp:1033)
   GDScript backtrace (most recent call first):
       [0] _load_stream_cached (res://scripts/audio/audio_manager.gd:437)
       [1] _play_via_bus (res://scripts/audio/audio_manager.gd:476)
       [2] play_voice_log (res://scripts/audio/audio_manager.gd:397)
       [3] tick (res://scripts/audio/audio_manager.gd:287)
       [4] _tick_audio_runtime (res://scripts/procgen/playable_generated_ship.gd:8753)
       [5] _process (res://scripts/procgen/playable_generated_ship.gd:8619)
       [6] _tick_until_idle (res://scripts/validation/component_mount_xp_live_away_smoke.gd:94)
       [7] _on_frame (res://scripts/validation/component_mount_xp_live_away_smoke.gd:48)
COMPONENT MOUNT XP LIVE AWAY PASS away=true dismount=true remount=true xp=true
=== Component mount SFX live away smoke ===
Initialize godot-rust (API v4.6.stable.official, runtime v4.7.2.stable.mono.official, safeguards balanced)
Godot Engine v4.7.2.stable.mono.official.ed1daf0bf - https://godotengine.org

The Synaptic Sea coherent proof ship bootstrap loaded.
PLAYABLE SHIP READY player_spawned=true camera_spawned=true objectives=5 collision_shapes=112
COMPONENT MOUNT SFX LIVE AWAY PASS away=true dismount=true sfx=true
=== Component remount SFX live away smoke ===
Initialize godot-rust (API v4.6.stable.official, runtime v4.7.2.stable.mono.official, safeguards balanced)
Godot Engine v4.7.2.stable.mono.official.ed1daf0bf - https://godotengine.org

The Synaptic Sea coherent proof ship bootstrap loaded.
PLAYABLE SHIP READY player_spawned=true camera_spawned=true objectives=5 collision_shapes=112
WARNING: AudioManager: stream file missing, path='res://data/audio/voice/log_beacon_01.ogg'
   at: push_warning (core/variant/variant_utility.cpp:1033)
   GDScript backtrace (most recent call first):
       [0] _load_stream_cached (res://scripts/audio/audio_manager.gd:437)
       [1] _play_via_bus (res://scripts/audio/audio_manager.gd:476)
       [2] play_voice_log (res://scripts/audio/audio_manager.gd:397)
       [3] tick (res://scripts/audio/audio_manager.gd:287)
       [4] _tick_audio_runtime (res://scripts/procgen/playable_generated_ship.gd:8753)
       [5] _process (res://scripts/procgen/playable_generated_ship.gd:8619)
       [6] _tick_until (res://scripts/validation/component_remount_sfx_live_away_smoke.gd:93)
       [7] _on_frame (res://scripts/validation/component_remount_sfx_live_away_smoke.gd:47)
COMPONENT REMOUNT SFX LIVE AWAY PASS away=true remount=true sfx=true
=== Work complete SFX live away smoke ===
Initialize godot-rust (API v4.6.stable.official, runtime v4.7.2.stable.mono.official, safeguards balanced)
Godot Engine v4.7.2.stable.mono.official.ed1daf0bf - https://godotengine.org

The Synaptic Sea coherent proof ship bootstrap loaded.
PLAYABLE SHIP READY player_spawned=true camera_spawned=true objectives=5 collision_shapes=112
WORK COMPLETE SFX LIVE AWAY PASS away=true complete=true audio=true route=true
=== Work suppress SFX live away smoke ===
Initialize godot-rust (API v4.6.stable.official, runtime v4.7.2.stable.mono.official, safeguards balanced)
Godot Engine v4.7.2.stable.mono.official.ed1daf0bf - https://godotengine.org

The Synaptic Sea coherent proof ship bootstrap loaded.
PLAYABLE SHIP READY player_spawned=true camera_spawned=true objectives=5 collision_shapes=112
WORK SUPPRESS SFX LIVE AWAY PASS away=true complete=true sfx=true
=== Component mount interact away smoke ===
Initialize godot-rust (API v4.6.stable.official, runtime v4.7.2.stable.mono.official, safeguards balanced)
Godot Engine v4.7.2.stable.mono.official.ed1daf0bf - https://godotengine.org

The Synaptic Sea coherent proof ship bootstrap loaded.
PLAYABLE SHIP READY player_spawned=true camera_spawned=true objectives=5 collision_shapes=112
WARNING: AudioManager: stream file missing, path='res://data/audio/voice/log_beacon_01.ogg'
   at: push_warning (core/variant/variant_utility.cpp:1033)
   GDScript backtrace (most recent call first):
       [0] _load_stream_cached (res://scripts/audio/audio_manager.gd:437)
       [1] _play_via_bus (res://scripts/audio/audio_manager.gd:476)
       [2] play_voice_log (res://scripts/audio/audio_manager.gd:397)
       [3] tick (res://scripts/audio/audio_manager.gd:287)
       [4] _tick_audio_runtime (res://scripts/procgen/playable_generated_ship.gd:8753)
       [5] _process (res://scripts/procgen/playable_generated_ship.gd:8619)
       [6] _tick_until_idle (res://scripts/validation/component_mount_interact_away_smoke.gd:89)
       [7] _on_frame (res://scripts/validation/component_mount_interact_away_smoke.gd:45)
COMPONENT MOUNT INTERACT AWAY PASS away=true dismount=true remount=true mounted=true
=== Component dismount interact away smoke ===
Initialize godot-rust (API v4.6.stable.official, runtime v4.7.2.stable.mono.official, safeguards balanced)
Godot Engine v4.7.2.stable.mono.official.ed1daf0bf - https://godotengine.org

The Synaptic Sea coherent proof ship bootstrap loaded.
PLAYABLE SHIP READY player_spawned=true camera_spawned=true objectives=5 collision_shapes=112
COMPONENT DISMOUNT INTERACT AWAY PASS away=true start=true tick=true stripped=true yield=true
=== Work action interact away smoke ===
Initialize godot-rust (API v4.6.stable.official, runtime v4.7.2.stable.mono.official, safeguards balanced)
Godot Engine v4.7.2.stable.mono.official.ed1daf0bf - https://godotengine.org

The Synaptic Sea coherent proof ship bootstrap loaded.
PLAYABLE SHIP READY player_spawned=true camera_spawned=true objectives=5 collision_shapes=112
WORK ACTION INTERACT AWAY PASS away=true start=true tick=true complete=true nearest=true
=== Work weld damaged away smoke ===
Initialize godot-rust (API v4.6.stable.official, runtime v4.7.2.stable.mono.official, safeguards balanced)
Godot Engine v4.7.2.stable.mono.official.ed1daf0bf - https://godotengine.org

The Synaptic Sea coherent proof ship bootstrap loaded.
PLAYABLE SHIP READY player_spawned=true camera_spawned=true objectives=5 collision_shapes=112
WORK WELD DAMAGED AWAY PASS away=true start=true repair=true consume=true
=== Work weld skill context away smoke ===
Initialize godot-rust (API v4.6.stable.official, runtime v4.7.2.stable.mono.official, safeguards balanced)
Godot Engine v4.7.2.stable.mono.official.ed1daf0bf - https://godotengine.org

The Synaptic Sea coherent proof ship bootstrap loaded.
PLAYABLE SHIP READY player_spawned=true camera_spawned=true objectives=5 collision_shapes=112
WORK WELD SKILL CONTEXT AWAY PASS away=true skill=true start=true
=== Cut module scene away smoke ===
Initialize godot-rust (API v4.6.stable.official, runtime v4.7.2.stable.mono.official, safeguards balanced)
Godot Engine v4.7.2.stable.mono.official.ed1daf0bf - https://godotengine.org

The Synaptic Sea coherent proof ship bootstrap loaded.
PLAYABLE SHIP READY player_spawned=true camera_spawned=true objectives=5 collision_shapes=112
CUT MODULE SCENE AWAY PASS away=true cut=true damaged=true sparse=true
=== Ship mod install key away smoke ===
Initialize godot-rust (API v4.6.stable.official, runtime v4.7.2.stable.mono.official, safeguards balanced)
Godot Engine v4.7.2.stable.mono.official.ed1daf0bf - https://godotengine.org

The Synaptic Sea coherent proof ship bootstrap loaded.
PLAYABLE SHIP READY player_spawned=true camera_spawned=true objectives=5 collision_shapes=112
SHIP MOD INSTALL KEY AWAY PASS away=true install=true catalog=true uninstall=true
=== Ship mod inventory sync away smoke ===
Initialize godot-rust (API v4.6.stable.official, runtime v4.7.2.stable.mono.official, safeguards balanced)
Godot Engine v4.7.2.stable.mono.official.ed1daf0bf - https://godotengine.org

The Synaptic Sea coherent proof ship bootstrap loaded.
PLAYABLE SHIP READY player_spawned=true camera_spawned=true objectives=5 collision_shapes=112
SHIP MOD INVENTORY SYNC AWAY PASS away=true install=true uninstall=true inv=true
=== Ship mod plating repair away smoke ===
Initialize godot-rust (API v4.6.stable.official, runtime v4.7.2.stable.mono.official, safeguards balanced)
Godot Engine v4.7.2.stable.mono.official.ed1daf0bf - https://godotengine.org

The Synaptic Sea coherent proof ship bootstrap loaded.
PLAYABLE SHIP READY player_spawned=true camera_spawned=true objectives=5 collision_shapes=112
SHIP MOD PLATING REPAIR AWAY PASS away=true install=true repair=true
=== Component placement runtime away smoke ===
Initialize godot-rust (API v4.6.stable.official, runtime v4.7.2.stable.mono.official, safeguards balanced)
Godot Engine v4.7.2.stable.mono.official.ed1daf0bf - https://godotengine.org

The Synaptic Sea coherent proof ship bootstrap loaded.
PLAYABLE SHIP READY player_spawned=true camera_spawned=true objectives=5 collision_shapes=112
COMPONENT PLACEMENT RUNTIME AWAY PASS away=true wired=true populate_or_empty=true round_trip=true
=== Ship mod overbudget power away smoke ===
Initialize godot-rust (API v4.6.stable.official, runtime v4.7.2.stable.mono.official, safeguards balanced)
Godot Engine v4.7.2.stable.mono.official.ed1daf0bf - https://godotengine.org

The Synaptic Sea coherent proof ship bootstrap loaded.
PLAYABLE SHIP READY player_spawned=true camera_spawned=true objectives=5 collision_shapes=112
SHIP MOD OVERBUDGET POWER AWAY PASS away=true over=true unpowered=true ok=true
=== Ship mod panel input away smoke ===
Initialize godot-rust (API v4.6.stable.official, runtime v4.7.2.stable.mono.official, safeguards balanced)
Godot Engine v4.7.2.stable.mono.official.ed1daf0bf - https://godotengine.org

The Synaptic Sea coherent proof ship bootstrap loaded.
PLAYABLE SHIP READY player_spawned=true camera_spawned=true objectives=5 collision_shapes=112
SHIP MOD PANEL INPUT AWAY PASS away=true open=true select=true close=true
=== Ship mod power budget scene away smoke ===
Initialize godot-rust (API v4.6.stable.official, runtime v4.7.2.stable.mono.official, safeguards balanced)
Godot Engine v4.7.2.stable.mono.official.ed1daf0bf - https://godotengine.org

The Synaptic Sea coherent proof ship bootstrap loaded.
PLAYABLE SHIP READY player_spawned=true camera_spawned=true objectives=5 collision_shapes=112
SHIP MOD POWER BUDGET SCENE AWAY PASS away=true fill=true reject=true inventory=true
=== Ship mod restore effects away smoke ===
Initialize godot-rust (API v4.6.stable.official, runtime v4.7.2.stable.mono.official, safeguards balanced)
Godot Engine v4.7.2.stable.mono.official.ed1daf0bf - https://godotengine.org

The Synaptic Sea coherent proof ship bootstrap loaded.
PLAYABLE SHIP READY player_spawned=true camera_spawned=true objectives=5 collision_shapes=112
SHIP MOD RESTORE EFFECTS AWAY PASS away=true restore=true tier=true system=true
=== Ship mod station tier away smoke ===
Initialize godot-rust (API v4.6.stable.official, runtime v4.7.2.stable.mono.official, safeguards balanced)
Godot Engine v4.7.2.stable.mono.official.ed1daf0bf - https://godotengine.org

The Synaptic Sea coherent proof ship bootstrap loaded.
PLAYABLE SHIP READY player_spawned=true camera_spawned=true objectives=5 collision_shapes=112
SHIP MOD STATION TIER AWAY PASS away=true install=true tier=true uninstall=true
=== Ship mod system effect away smoke ===
Initialize godot-rust (API v4.6.stable.official, runtime v4.7.2.stable.mono.official, safeguards balanced)
Godot Engine v4.7.2.stable.mono.official.ed1daf0bf - https://godotengine.org

The Synaptic Sea coherent proof ship bootstrap loaded.
PLAYABLE SHIP READY player_spawned=true camera_spawned=true objectives=5 collision_shapes=112
SHIP MOD SYSTEM EFFECT AWAY PASS away=true restore=true power=true uninstall_damage=true
=== Work verb SFX multi away smoke ===
Initialize godot-rust (API v4.6.stable.official, runtime v4.7.2.stable.mono.official, safeguards balanced)
Godot Engine v4.7.2.stable.mono.official.ed1daf0bf - https://godotengine.org

The Synaptic Sea coherent proof ship bootstrap loaded.
PLAYABLE SHIP READY player_spawned=true camera_spawned=true objectives=5 collision_shapes=112
WORK VERB SFX MULTI AWAY PASS away=true weld=true pry=true
=== Work verb SFX patch splice away smoke ===
Initialize godot-rust (API v4.6.stable.official, runtime v4.7.2.stable.mono.official, safeguards balanced)
Godot Engine v4.7.2.stable.mono.official.ed1daf0bf - https://godotengine.org

The Synaptic Sea coherent proof ship bootstrap loaded.
PLAYABLE SHIP READY player_spawned=true camera_spawned=true objectives=5 collision_shapes=112
WORK VERB SFX PATCH SPLICE AWAY PASS away=true patch=true splice=true
=== Work verb SFX plant harvest away smoke ===
Initialize godot-rust (API v4.6.stable.official, runtime v4.7.2.stable.mono.official, safeguards balanced)
Godot Engine v4.7.2.stable.mono.official.ed1daf0bf - https://godotengine.org

The Synaptic Sea coherent proof ship bootstrap loaded.
PLAYABLE SHIP READY player_spawned=true camera_spawned=true objectives=5 collision_shapes=112
WORK VERB SFX PLANT HARVEST AWAY PASS away=true plant=true harvest=true
=== Work action integration away smoke ===
Initialize godot-rust (API v4.6.stable.official, runtime v4.7.2.stable.mono.official, safeguards balanced)
Godot Engine v4.7.2.stable.mono.official.ed1daf0bf - https://godotengine.org

The Synaptic Sea coherent proof ship bootstrap loaded.
PLAYABLE SHIP READY player_spawned=true camera_spawned=true objectives=5 collision_shapes=112
WORK ACTION INTEGRATION AWAY PASS away=true driver=true hud=true wounds=true shipmod=true cut=true
=== Hull plating catalog away smoke ===
Initialize godot-rust (API v4.6.stable.official, runtime v4.7.2.stable.mono.official, safeguards balanced)
Godot Engine v4.7.2.stable.mono.official.ed1daf0bf - https://godotengine.org

The Synaptic Sea coherent proof ship bootstrap loaded.
PLAYABLE SHIP READY player_spawned=true camera_spawned=true objectives=5 collision_shapes=112
HULL PLATING CATALOG AWAY PASS away=true catalog=true install=true bonus=true
=== Repair validation channeling away smoke ===
Initialize godot-rust (API v4.6.stable.official, runtime v4.7.2.stable.mono.official, safeguards balanced)
Godot Engine v4.7.2.stable.mono.official.ed1daf0bf - https://godotengine.org

The Synaptic Sea coherent proof ship bootstrap loaded.
PLAYABLE SHIP READY player_spawned=true camera_spawned=true objectives=5 collision_shapes=112
REPAIR VALIDATION CHANNELING AWAY PASS away=true start=true soft_block_false=true
=== Work yield inventory away smoke ===
Initialize godot-rust (API v4.6.stable.official, runtime v4.7.2.stable.mono.official, safeguards balanced)
Godot Engine v4.7.2.stable.mono.official.ed1daf0bf - https://godotengine.org

The Synaptic Sea coherent proof ship bootstrap loaded.
PLAYABLE SHIP READY player_spawned=true camera_spawned=true objectives=5 collision_shapes=112
WORK YIELD INVENTORY AWAY PASS away=true cut=true scrap=true qty=true
=== Production station wiring away smoke ===
Initialize godot-rust (API v4.6.stable.official, runtime v4.7.2.stable.mono.official, safeguards balanced)
Godot Engine v4.7.2.stable.mono.official.ed1daf0bf - https://godotengine.org

The Synaptic Sea coherent proof ship bootstrap loaded.
PLAYABLE SHIP READY player_spawned=true camera_spawned=true objectives=5 collision_shapes=112
PRODUCTION STARTED station=water_recycler input=contaminated_water
PRODUCTION HARVESTED station=water_recycler item=purified_water qty=4
PRODUCTION STARTED station=hydroponics input=hydroponic_greens
PRODUCTION HARVESTED station=hydroponics item=hydroponic_greens qty=3
PRODUCTION WIRING AWAY PASS away=true hydro=true recycler=true spoilage_registered=true
=== Wound bandage inventory away smoke ===
Initialize godot-rust (API v4.6.stable.official, runtime v4.7.2.stable.mono.official, safeguards balanced)
Godot Engine v4.7.2.stable.mono.official.ed1daf0bf - https://godotengine.org

The Synaptic Sea coherent proof ship bootstrap loaded.
PLAYABLE SHIP READY player_spawned=true camera_spawned=true objectives=5 collision_shapes=112
WOUND BANDAGE INVENTORY AWAY PASS away=true wound=true bandage=true consume=true
=== Unlock trigger production away smoke ===
Initialize godot-rust (API v4.6.stable.official, runtime v4.7.2.stable.mono.official, safeguards balanced)
Godot Engine v4.7.2.stable.mono.official.ed1daf0bf - https://godotengine.org

The Synaptic Sea coherent proof ship bootstrap loaded.
PLAYABLE SHIP READY player_spawned=true camera_spawned=true objectives=5 collision_shapes=112
ACHIEVEMENT UNLOCKED trigger=loot_searched target=corpse_unlock_probe id=first_loot
LOOT CONTAINER SEARCHED marker= container=corpse_unlock_probe granted=1
META PAYOUT reason=completion payout=0 meta_currency=0 runs_completed=1
UNLOCK TRIGGER PRODUCTION AWAY PASS away=true triggers_valid=true scavenge_emitted=true codex_unlocked=true class_unlocked=true bridge_unlocked=true
=== Unlock trigger stream D away smoke ===
Initialize godot-rust (API v4.6.stable.official, runtime v4.7.2.stable.mono.official, safeguards balanced)
Godot Engine v4.7.2.stable.mono.official.ed1daf0bf - https://godotengine.org

The Synaptic Sea coherent proof ship bootstrap loaded.
PLAYABLE SHIP READY player_spawned=true camera_spawned=true objectives=5 collision_shapes=112
CRAFT STARTED station=kitchen recipe=cook_basic_meal
CRAFT COMPLETED item=cooked_meal qty=1 quality=standard
CRAFT STARTED station=fabricator recipe=craft_power_cell
CRAFT COMPLETED item=power_cell qty=1 quality=poor
ACHIEVEMENT UNLOCKED trigger=repair_consumed target=power.battery_cells id=first_repair
REPAIR COMPLETED system=power sub=battery_cells operational=false
UNLOCK TRIGGER STREAM D AWAY PASS away=true scan=true first_aid=true cook=true fabricate=true repair=true weld=true travel=true
=== Unlock trigger stream E away smoke ===
Initialize godot-rust (API v4.6.stable.official, runtime v4.7.2.stable.mono.official, safeguards balanced)
Godot Engine v4.7.2.stable.mono.official.ed1daf0bf - https://godotengine.org

The Synaptic Sea coherent proof ship bootstrap loaded.
PLAYABLE SHIP READY player_spawned=true camera_spawned=true objectives=5 collision_shapes=112
CRAFT COMPLETED item=stimulant qty=1 quality=standard
SALVAGE COMPLETED junk=frayed_cable_coil primary=wiring_bundle qty=2 multi=true
UNLOCK TRIGGER STREAM E AWAY PASS away=true ration=true diagnose=true discover=true extract=true compound=true junk_salvage=true
=== Unlock trigger stream F away smoke ===
Initialize godot-rust (API v4.6.stable.official, runtime v4.7.2.stable.mono.official, safeguards balanced)
Godot Engine v4.7.2.stable.mono.official.ed1daf0bf - https://godotengine.org

The Synaptic Sea coherent proof ship bootstrap loaded.
PLAYABLE SHIP READY player_spawned=true camera_spawned=true objectives=5 collision_shapes=112
MEDBAY SURGERY health=90.0
WARNING: AudioManager: stream file missing, path='res://data/audio/voice/log_beacon_01.ogg'
   at: push_warning (core/variant/variant_utility.cpp:1033)
   GDScript backtrace (most recent call first):
       [0] _load_stream_cached (res://scripts/audio/audio_manager.gd:437)
       [1] _play_via_bus (res://scripts/audio/audio_manager.gd:476)
       [2] play_voice_log (res://scripts/audio/audio_manager.gd:397)
       [3] _validate (res://scripts/validation/unlock_trigger_stream_f_away_smoke.gd:128)
       [4] _on_frame (res://scripts/validation/unlock_trigger_stream_f_away_smoke.gd:43)
UNLOCK TRIGGER STREAM F AWAY PASS away=true surgery=true decode=true shelter=true social=true fire_b2=true
=== Ship catchup away smoke ===
Initialize godot-rust (API v4.6.stable.official, runtime v4.7.2.stable.mono.official, safeguards balanced)
Godot Engine v4.7.2.stable.mono.official.ed1daf0bf - https://godotengine.org

The Synaptic Sea coherent proof ship bootstrap loaded.
PLAYABLE SHIP READY player_spawned=true camera_spawned=true objectives=5 collision_shapes=112
SHIP CATCHUP AWAY PASS away=true web_grew=true hull_degraded=true timestamp_stamped=true bounded=true
=== Component markers away smoke ===
Initialize godot-rust (API v4.6.stable.official, runtime v4.7.2.stable.mono.official, safeguards balanced)
Godot Engine v4.7.2.stable.mono.official.ed1daf0bf - https://godotengine.org

The Synaptic Sea coherent proof ship bootstrap loaded.
PLAYABLE SHIP READY player_spawned=true camera_spawned=true objectives=5 collision_shapes=112
COMPONENT MARKERS AWAY PASS away=true wired=true count=true rebuild=true
=== Training catalog coverage away smoke ===
Initialize godot-rust (API v4.6.stable.official, runtime v4.7.2.stable.mono.official, safeguards balanced)
Godot Engine v4.7.2.stable.mono.official.ed1daf0bf - https://godotengine.org

The Synaptic Sea coherent proof ship bootstrap loaded.
PLAYABLE SHIP READY player_spawned=true camera_spawned=true objectives=5 collision_shapes=112
TRAINING CATALOG COVERAGE AWAY PASS away=true count=34 all=true
=== Hazard feedback away smoke ===
Initialize godot-rust (API v4.6.stable.official, runtime v4.7.2.stable.mono.official, safeguards balanced)
Godot Engine v4.7.2.stable.mono.official.ed1daf0bf - https://godotengine.org

The Synaptic Sea coherent proof ship bootstrap loaded.
PLAYABLE SHIP READY player_spawned=true camera_spawned=true objectives=5 collision_shapes=112
HAZARD FEEDBACK AWAY PASS away=true extinguish_blocked=true seal_blocked=true breach_sealed=true sfx_routed=true
=== Ammo magazine away smoke ===
Initialize godot-rust (API v4.6.stable.official, runtime v4.7.2.stable.mono.official, safeguards balanced)
Godot Engine v4.7.2.stable.mono.official.ed1daf0bf - https://godotengine.org

The Synaptic Sea coherent proof ship bootstrap loaded.
PLAYABLE SHIP READY player_spawned=true camera_spawned=true objectives=5 collision_shapes=112
AMMO MAGAZINE AWAY PASS away_ticks=30 spent=true dry_fire=true reloaded=true
=== Flare steady away smoke ===
Initialize godot-rust (API v4.6.stable.official, runtime v4.7.2.stable.mono.official, safeguards balanced)
Godot Engine v4.7.2.stable.mono.official.ed1daf0bf - https://godotengine.org

The Synaptic Sea coherent proof ship bootstrap loaded.
PLAYABLE SHIP READY player_spawned=true camera_spawned=true objectives=5 collision_shapes=112
WARNING: AudioManager: stream file missing, path='res://data/audio/voice/log_beacon_01.ogg'
   at: push_warning (core/variant/variant_utility.cpp:1033)
   GDScript backtrace (most recent call first):
       [0] _load_stream_cached (res://scripts/audio/audio_manager.gd:437)
       [1] _play_via_bus (res://scripts/audio/audio_manager.gd:476)
       [2] play_voice_log (res://scripts/audio/audio_manager.gd:397)
       [3] tick (res://scripts/audio/audio_manager.gd:287)
       [4] _tick_audio_runtime (res://scripts/procgen/playable_generated_ship.gd:8753)
       [5] _process (res://scripts/procgen/playable_generated_ship.gd:8619)
       [6] _validate (res://scripts/validation/flare_steady_away_smoke.gd:56)
       [7] _on_frame (res://scripts/validation/flare_steady_away_smoke.gd:27)
FLARE STEADY AWAY PASS drain_no_flare=15.000 drain_flare=7.500 steadier=true
=== Combat closure away smoke ===
Initialize godot-rust (API v4.6.stable.official, runtime v4.7.2.stable.mono.official, safeguards balanced)
Godot Engine v4.7.2.stable.mono.official.ed1daf0bf - https://godotengine.org

The Synaptic Sea coherent proof ship bootstrap loaded.
PLAYABLE SHIP READY player_spawned=true camera_spawned=true objectives=5 collision_shapes=112
COMBAT CLOSURE AWAY PASS away=true away_kill=true noise=true crouch=true reward=true removed=true pending_corpse=true coord_feed=true
=== Derelict fire zone marker away smoke ===
Initialize godot-rust (API v4.6.stable.official, runtime v4.7.2.stable.mono.official, safeguards balanced)
Godot Engine v4.7.2.stable.mono.official.ed1daf0bf - https://godotengine.org

The Synaptic Sea coherent proof ship bootstrap loaded.
PLAYABLE SHIP READY player_spawned=true camera_spawned=true objectives=5 collision_shapes=112
DERELICT FIRE ZONE MARKER AWAY PASS away=true boarded=true marker_position_used=true spec_meta=true fallback_intact=true
=== Work yield drop SFX smoke ===
Initialize godot-rust (API v4.6.stable.official, runtime v4.7.2.stable.mono.official, safeguards balanced)
Godot Engine v4.7.2.stable.mono.official.ed1daf0bf - https://godotengine.org

The Synaptic Sea coherent proof ship bootstrap loaded.
PLAYABLE SHIP READY player_spawned=true camera_spawned=true objectives=5 collision_shapes=112
WORK YIELD DROP SFX PASS drop=true sfx=true
=== Work yield drop away smoke ===
Initialize godot-rust (API v4.6.stable.official, runtime v4.7.2.stable.mono.official, safeguards balanced)
Godot Engine v4.7.2.stable.mono.official.ed1daf0bf - https://godotengine.org

The Synaptic Sea coherent proof ship bootstrap loaded.
PLAYABLE SHIP READY player_spawned=true camera_spawned=true objectives=5 collision_shapes=112
WORK YIELD DROP AWAY PASS away=true drop=true sfx=true
=== Hatch door open SFX smoke ===
Initialize godot-rust (API v4.6.stable.official, runtime v4.7.2.stable.mono.official, safeguards balanced)
Godot Engine v4.7.2.stable.mono.official.ed1daf0bf - https://godotengine.org

The Synaptic Sea coherent proof ship bootstrap loaded.
PLAYABLE SHIP READY player_spawned=true camera_spawned=true objectives=5 collision_shapes=112
HATCH DOOR OPEN SFX PASS hatch=true sfx=true
=== Hatch door open away smoke ===
Initialize godot-rust (API v4.6.stable.official, runtime v4.7.2.stable.mono.official, safeguards balanced)
Godot Engine v4.7.2.stable.mono.official.ed1daf0bf - https://godotengine.org

The Synaptic Sea coherent proof ship bootstrap loaded.
PLAYABLE SHIP READY player_spawned=true camera_spawned=true objectives=5 collision_shapes=112
HATCH DOOR OPEN AWAY PASS away=true hatch=true sfx=true
=== Combat hit SFX smoke ===
Initialize godot-rust (API v4.6.stable.official, runtime v4.7.2.stable.mono.official, safeguards balanced)
Godot Engine v4.7.2.stable.mono.official.ed1daf0bf - https://godotengine.org

The Synaptic Sea coherent proof ship bootstrap loaded.
PLAYABLE SHIP READY player_spawned=true camera_spawned=true objectives=5 collision_shapes=112
COMBAT HIT SFX PASS hit=true sfx=true
=== Combat hit away smoke ===
Initialize godot-rust (API v4.6.stable.official, runtime v4.7.2.stable.mono.official, safeguards balanced)
Godot Engine v4.7.2.stable.mono.official.ed1daf0bf - https://godotengine.org

The Synaptic Sea coherent proof ship bootstrap loaded.
PLAYABLE SHIP READY player_spawned=true camera_spawned=true objectives=5 collision_shapes=112
COMBAT HIT AWAY PASS away=true hit=true sfx=true
=== Threat alert SFX smoke ===
Initialize godot-rust (API v4.6.stable.official, runtime v4.7.2.stable.mono.official, safeguards balanced)
Godot Engine v4.7.2.stable.mono.official.ed1daf0bf - https://godotengine.org

The Synaptic Sea coherent proof ship bootstrap loaded.
PLAYABLE SHIP READY player_spawned=true camera_spawned=true objectives=5 collision_shapes=112
THREAT ALERT SFX PASS engage=true edge=true
=== Threat alert away smoke ===
Initialize godot-rust (API v4.6.stable.official, runtime v4.7.2.stable.mono.official, safeguards balanced)
Godot Engine v4.7.2.stable.mono.official.ed1daf0bf - https://godotengine.org

The Synaptic Sea coherent proof ship bootstrap loaded.
PLAYABLE SHIP READY player_spawned=true camera_spawned=true objectives=5 collision_shapes=112
THREAT ALERT AWAY PASS away=true engage=true edge=true
=== Work pry XP live smoke ===
Initialize godot-rust (API v4.6.stable.official, runtime v4.7.2.stable.mono.official, safeguards balanced)
Godot Engine v4.7.2.stable.mono.official.ed1daf0bf - https://godotengine.org

The Synaptic Sea coherent proof ship bootstrap loaded.
PLAYABLE SHIP READY player_spawned=true camera_spawned=true objectives=5 collision_shapes=112
WORK PRY XP LIVE PASS start=true complete=true xp=true
=== Work yield scoop SFX smoke ===
Initialize godot-rust (API v4.6.stable.official, runtime v4.7.2.stable.mono.official, safeguards balanced)
Godot Engine v4.7.2.stable.mono.official.ed1daf0bf - https://godotengine.org

The Synaptic Sea coherent proof ship bootstrap loaded.
PLAYABLE SHIP READY player_spawned=true camera_spawned=true objectives=5 collision_shapes=112
WORK YIELD SCOOP SFX PASS scoop=true sfx=true
=== Work yield scoop away smoke ===
Initialize godot-rust (API v4.6.stable.official, runtime v4.7.2.stable.mono.official, safeguards balanced)
Godot Engine v4.7.2.stable.mono.official.ed1daf0bf - https://godotengine.org

The Synaptic Sea coherent proof ship bootstrap loaded.
PLAYABLE SHIP READY player_spawned=true camera_spawned=true objectives=5 collision_shapes=112
WORK YIELD SCOOP AWAY PASS away=true scoop=true sfx=true
=== Chart route SFX smoke ===
Initialize godot-rust (API v4.6.stable.official, runtime v4.7.2.stable.mono.official, safeguards balanced)
Godot Engine v4.7.2.stable.mono.official.ed1daf0bf - https://godotengine.org

The Synaptic Sea coherent proof ship bootstrap loaded.
PLAYABLE SHIP READY player_spawned=true camera_spawned=true objectives=5 collision_shapes=112
CHART ROUTE SFX PASS open=true sfx=true
=== Chart route away smoke ===
Initialize godot-rust (API v4.6.stable.official, runtime v4.7.2.stable.mono.official, safeguards balanced)
Godot Engine v4.7.2.stable.mono.official.ed1daf0bf - https://godotengine.org

The Synaptic Sea coherent proof ship bootstrap loaded.
PLAYABLE SHIP READY player_spawned=true camera_spawned=true objectives=5 collision_shapes=112
CHART ROUTE AWAY PASS away=true open=true sfx=true
=== Component mount XP live smoke ===
Initialize godot-rust (API v4.6.stable.official, runtime v4.7.2.stable.mono.official, safeguards balanced)
Godot Engine v4.7.2.stable.mono.official.ed1daf0bf - https://godotengine.org

The Synaptic Sea coherent proof ship bootstrap loaded.
PLAYABLE SHIP READY player_spawned=true camera_spawned=true objectives=5 collision_shapes=112
WARNING: AudioManager: stream file missing, path='res://data/audio/voice/log_beacon_01.ogg'
   at: push_warning (core/variant/variant_utility.cpp:1033)
   GDScript backtrace (most recent call first):
       [0] _load_stream_cached (res://scripts/audio/audio_manager.gd:437)
       [1] _play_via_bus (res://scripts/audio/audio_manager.gd:476)
       [2] play_voice_log (res://scripts/audio/audio_manager.gd:397)
       [3] tick (res://scripts/audio/audio_manager.gd:287)
       [4] _tick_audio_runtime (res://scripts/procgen/playable_generated_ship.gd:8753)
       [5] _process (res://scripts/procgen/playable_generated_ship.gd:8649)
       [6] _tick_until_idle (res://scripts/validation/component_mount_xp_live_smoke.gd:92)
       [7] _on_frame (res://scripts/validation/component_mount_xp_live_smoke.gd:48)
COMPONENT MOUNT XP LIVE PASS dismount=true remount=true xp=true
=== Sanity hallucination SFX smoke ===
Initialize godot-rust (API v4.6.stable.official, runtime v4.7.2.stable.mono.official, safeguards balanced)
Godot Engine v4.7.2.stable.mono.official.ed1daf0bf - https://godotengine.org

The Synaptic Sea coherent proof ship bootstrap loaded.
PLAYABLE SHIP READY player_spawned=true camera_spawned=true objectives=5 collision_shapes=112
SANITY HALLUCINATION SFX PASS phantom=true hud=true ambient=true
=== Sanity hallucination away smoke ===
Initialize godot-rust (API v4.6.stable.official, runtime v4.7.2.stable.mono.official, safeguards balanced)
Godot Engine v4.7.2.stable.mono.official.ed1daf0bf - https://godotengine.org

The Synaptic Sea coherent proof ship bootstrap loaded.
PLAYABLE SHIP READY player_spawned=true camera_spawned=true objectives=5 collision_shapes=112
SANITY HALLUCINATION AWAY PASS away=true phantom=true hud=true ambient=true
=== Meta hull groan SFX smoke ===
Initialize godot-rust (API v4.6.stable.official, runtime v4.7.2.stable.mono.official, safeguards balanced)
Godot Engine v4.7.2.stable.mono.official.ed1daf0bf - https://godotengine.org

The Synaptic Sea coherent proof ship bootstrap loaded.
PLAYABLE SHIP READY player_spawned=true camera_spawned=true objectives=5 collision_shapes=112
META HULL GROAN SFX PASS breach=true sfx=true
=== Meta hull groan away smoke ===
Initialize godot-rust (API v4.6.stable.official, runtime v4.7.2.stable.mono.official, safeguards balanced)
Godot Engine v4.7.2.stable.mono.official.ed1daf0bf - https://godotengine.org

The Synaptic Sea coherent proof ship bootstrap loaded.
PLAYABLE SHIP READY player_spawned=true camera_spawned=true objectives=5 collision_shapes=112
META HULL GROAN AWAY PASS away=true breach=true sfx=true
=== Meta biomatter reactor SFX smoke ===
Initialize godot-rust (API v4.6.stable.official, runtime v4.7.2.stable.mono.official, safeguards balanced)
Godot Engine v4.7.2.stable.mono.official.ed1daf0bf - https://godotengine.org

The Synaptic Sea coherent proof ship bootstrap loaded.
PLAYABLE SHIP READY player_spawned=true camera_spawned=true objectives=5 collision_shapes=112
META BIOMATTER REACTOR SFX PASS pulse=true reactor=true
=== Meta biomatter reactor away smoke ===
Initialize godot-rust (API v4.6.stable.official, runtime v4.7.2.stable.mono.official, safeguards balanced)
Godot Engine v4.7.2.stable.mono.official.ed1daf0bf - https://godotengine.org

The Synaptic Sea coherent proof ship bootstrap loaded.
PLAYABLE SHIP READY player_spawned=true camera_spawned=true objectives=5 collision_shapes=112
META BIOMATTER REACTOR AWAY PASS away=true pulse=true reactor=true
=== Dock land SFX smoke ===
Initialize godot-rust (API v4.6.stable.official, runtime v4.7.2.stable.mono.official, safeguards balanced)
Godot Engine v4.7.2.stable.mono.official.ed1daf0bf - https://godotengine.org

The Synaptic Sea coherent proof ship bootstrap loaded.
PLAYABLE SHIP READY player_spawned=true camera_spawned=true objectives=5 collision_shapes=112
DOCK LAND SFX PASS dock=true sfx=true
=== Dock land away smoke ===
Initialize godot-rust (API v4.6.stable.official, runtime v4.7.2.stable.mono.official, safeguards balanced)
Godot Engine v4.7.2.stable.mono.official.ed1daf0bf - https://godotengine.org

The Synaptic Sea coherent proof ship bootstrap loaded.
PLAYABLE SHIP READY player_spawned=true camera_spawned=true objectives=5 collision_shapes=112
DOCK LAND AWAY PASS away=true dock=true sfx=true
=== Work splice XP live smoke ===
Initialize godot-rust (API v4.6.stable.official, runtime v4.7.2.stable.mono.official, safeguards balanced)
Godot Engine v4.7.2.stable.mono.official.ed1daf0bf - https://godotengine.org

The Synaptic Sea coherent proof ship bootstrap loaded.
PLAYABLE SHIP READY player_spawned=true camera_spawned=true objectives=5 collision_shapes=112
WORK SPLICE XP LIVE PASS start=true complete=true xp=true
=== Work patch XP live smoke ===
Initialize godot-rust (API v4.6.stable.official, runtime v4.7.2.stable.mono.official, safeguards balanced)
Godot Engine v4.7.2.stable.mono.official.ed1daf0bf - https://godotengine.org

The Synaptic Sea coherent proof ship bootstrap loaded.
PLAYABLE SHIP READY player_spawned=true camera_spawned=true objectives=5 collision_shapes=112
WORK PATCH XP LIVE PASS start=true complete=true xp=true
=== Meta schedule router smoke ===
Initialize godot-rust (API v4.6.stable.official, runtime v4.7.2.stable.mono.official, safeguards balanced)
Godot Engine v4.7.2.stable.mono.official.ed1daf0bf - https://godotengine.org

The Synaptic Sea coherent proof ship bootstrap loaded.
PLAYABLE SHIP READY player_spawned=true camera_spawned=true objectives=5 collision_shapes=112
META SCHEDULE ROUTER PASS beacon=true routed=true
=== Work suppress XP live smoke ===
Initialize godot-rust (API v4.6.stable.official, runtime v4.7.2.stable.mono.official, safeguards balanced)
Godot Engine v4.7.2.stable.mono.official.ed1daf0bf - https://godotengine.org

The Synaptic Sea coherent proof ship bootstrap loaded.
PLAYABLE SHIP READY player_spawned=true camera_spawned=true objectives=5 collision_shapes=112
WORK SUPPRESS XP LIVE PASS start=true complete=true xp=true
=== Work plant XP live smoke ===
Initialize godot-rust (API v4.6.stable.official, runtime v4.7.2.stable.mono.official, safeguards balanced)
Godot Engine v4.7.2.stable.mono.official.ed1daf0bf - https://godotengine.org

The Synaptic Sea coherent proof ship bootstrap loaded.
PLAYABLE SHIP READY player_spawned=true camera_spawned=true objectives=5 collision_shapes=112
WORK PLANT XP LIVE PASS start=true complete=true xp=true
=== Work harvest XP live smoke ===
Initialize godot-rust (API v4.6.stable.official, runtime v4.7.2.stable.mono.official, safeguards balanced)
Godot Engine v4.7.2.stable.mono.official.ed1daf0bf - https://godotengine.org

The Synaptic Sea coherent proof ship bootstrap loaded.
PLAYABLE SHIP READY player_spawned=true camera_spawned=true objectives=5 collision_shapes=112
WORK HARVEST XP LIVE PASS start=true complete=true xp=true
=== Work verb SFX multi smoke ===
Initialize godot-rust (API v4.6.stable.official, runtime v4.7.2.stable.mono.official, safeguards balanced)
Godot Engine v4.7.2.stable.mono.official.ed1daf0bf - https://godotengine.org

The Synaptic Sea coherent proof ship bootstrap loaded.
PLAYABLE SHIP READY player_spawned=true camera_spawned=true objectives=5 collision_shapes=112
WORK VERB SFX MULTI PASS weld=true pry=true
=== Work verb SFX patch splice smoke ===
Initialize godot-rust (API v4.6.stable.official, runtime v4.7.2.stable.mono.official, safeguards balanced)
Godot Engine v4.7.2.stable.mono.official.ed1daf0bf - https://godotengine.org

The Synaptic Sea coherent proof ship bootstrap loaded.
PLAYABLE SHIP READY player_spawned=true camera_spawned=true objectives=5 collision_shapes=112
WORK VERB SFX PATCH SPLICE PASS patch=true splice=true
=== Work verb SFX plant harvest smoke ===
Initialize godot-rust (API v4.6.stable.official, runtime v4.7.2.stable.mono.official, safeguards balanced)
Godot Engine v4.7.2.stable.mono.official.ed1daf0bf - https://godotengine.org

The Synaptic Sea coherent proof ship bootstrap loaded.
PLAYABLE SHIP READY player_spawned=true camera_spawned=true objectives=5 collision_shapes=112
WORK VERB SFX PLANT HARVEST PASS plant=true harvest=true
=== Component mount SFX live smoke ===
Initialize godot-rust (API v4.6.stable.official, runtime v4.7.2.stable.mono.official, safeguards balanced)
Godot Engine v4.7.2.stable.mono.official.ed1daf0bf - https://godotengine.org

The Synaptic Sea coherent proof ship bootstrap loaded.
PLAYABLE SHIP READY player_spawned=true camera_spawned=true objectives=5 collision_shapes=112
COMPONENT MOUNT SFX LIVE PASS dismount=true sfx=true
=== Work suppress SFX live smoke ===
Initialize godot-rust (API v4.6.stable.official, runtime v4.7.2.stable.mono.official, safeguards balanced)
Godot Engine v4.7.2.stable.mono.official.ed1daf0bf - https://godotengine.org

The Synaptic Sea coherent proof ship bootstrap loaded.
PLAYABLE SHIP READY player_spawned=true camera_spawned=true objectives=5 collision_shapes=112
WORK SUPPRESS SFX LIVE PASS complete=true sfx=true
=== Component remount SFX live smoke ===
Initialize godot-rust (API v4.6.stable.official, runtime v4.7.2.stable.mono.official, safeguards balanced)
Godot Engine v4.7.2.stable.mono.official.ed1daf0bf - https://godotengine.org

The Synaptic Sea coherent proof ship bootstrap loaded.
PLAYABLE SHIP READY player_spawned=true camera_spawned=true objectives=5 collision_shapes=112
WARNING: AudioManager: stream file missing, path='res://data/audio/voice/log_beacon_01.ogg'
   at: push_warning (core/variant/variant_utility.cpp:1033)
   GDScript backtrace (most recent call first):
       [0] _load_stream_cached (res://scripts/audio/audio_manager.gd:437)
       [1] _play_via_bus (res://scripts/audio/audio_manager.gd:476)
       [2] play_voice_log (res://scripts/audio/audio_manager.gd:397)
       [3] tick (res://scripts/audio/audio_manager.gd:287)
       [4] _tick_audio_runtime (res://scripts/procgen/playable_generated_ship.gd:8753)
       [5] _process (res://scripts/procgen/playable_generated_ship.gd:8649)
       [6] _tick_until (res://scripts/validation/component_remount_sfx_live_smoke.gd:91)
       [7] _on_frame (res://scripts/validation/component_remount_sfx_live_smoke.gd:47)
COMPONENT REMOUNT SFX LIVE PASS remount=true sfx=true
=== Loot search SFX smoke ===
Initialize godot-rust (API v4.6.stable.official, runtime v4.7.2.stable.mono.official, safeguards balanced)
Godot Engine v4.7.2.stable.mono.official.ed1daf0bf - https://godotengine.org

The Synaptic Sea coherent proof ship bootstrap loaded.
PLAYABLE SHIP READY player_spawned=true camera_spawned=true objectives=5 collision_shapes=112
ACHIEVEMENT UNLOCKED trigger=loot_searched target=sfx_loot_test id=first_loot
LOOT CONTAINER SEARCHED marker= container=sfx_loot_test granted=1
LOOT SEARCH SFX PASS search=true sfx=true
=== Loot search away smoke ===
Initialize godot-rust (API v4.6.stable.official, runtime v4.7.2.stable.mono.official, safeguards balanced)
Godot Engine v4.7.2.stable.mono.official.ed1daf0bf - https://godotengine.org

The Synaptic Sea coherent proof ship bootstrap loaded.
PLAYABLE SHIP READY player_spawned=true camera_spawned=true objectives=5 collision_shapes=112
ACHIEVEMENT UNLOCKED trigger=loot_searched target=sfx_loot_away id=first_loot
LOOT CONTAINER SEARCHED marker= container=sfx_loot_away granted=1
LOOT SEARCH AWAY PASS away=true search=true sfx=true
=== Panel close SFX smoke ===
Initialize godot-rust (API v4.6.stable.official, runtime v4.7.2.stable.mono.official, safeguards balanced)
Godot Engine v4.7.2.stable.mono.official.ed1daf0bf - https://godotengine.org

The Synaptic Sea coherent proof ship bootstrap loaded.
PLAYABLE SHIP READY player_spawned=true camera_spawned=true objectives=5 collision_shapes=112
PANEL CLOSE SFX PASS wounds=true shipmod=true chart=true scanner=true recipe=true
=== Panel close away smoke ===
Initialize godot-rust (API v4.6.stable.official, runtime v4.7.2.stable.mono.official, safeguards balanced)
Godot Engine v4.7.2.stable.mono.official.ed1daf0bf - https://godotengine.org

The Synaptic Sea coherent proof ship bootstrap loaded.
PLAYABLE SHIP READY player_spawned=true camera_spawned=true objectives=5 collision_shapes=112
PANEL CLOSE AWAY PASS away=true wounds=true shipmod=true chart=true scanner=true recipe=true
=== Equip unequip SFX smoke ===
Initialize godot-rust (API v4.6.stable.official, runtime v4.7.2.stable.mono.official, safeguards balanced)
Godot Engine v4.7.2.stable.mono.official.ed1daf0bf - https://godotengine.org

The Synaptic Sea coherent proof ship bootstrap loaded.
PLAYABLE SHIP READY player_spawned=true camera_spawned=true objectives=5 collision_shapes=112
EQUIP UNEQUIP SFX PASS equip=true unequip=true
=== Equip unequip away smoke ===
Initialize godot-rust (API v4.6.stable.official, runtime v4.7.2.stable.mono.official, safeguards balanced)
Godot Engine v4.7.2.stable.mono.official.ed1daf0bf - https://godotengine.org

The Synaptic Sea coherent proof ship bootstrap loaded.
PLAYABLE SHIP READY player_spawned=true camera_spawned=true objectives=5 collision_shapes=112
EQUIP UNEQUIP AWAY PASS away=true equip=true unequip=true
=== Recipe picker open SFX smoke ===
Initialize godot-rust (API v4.6.stable.official, runtime v4.7.2.stable.mono.official, safeguards balanced)
Godot Engine v4.7.2.stable.mono.official.ed1daf0bf - https://godotengine.org

The Synaptic Sea coherent proof ship bootstrap loaded.
PLAYABLE SHIP READY player_spawned=true camera_spawned=true objectives=5 collision_shapes=112
RECIPE PICKER OPEN SFX PASS open=true sfx=true
=== Recipe picker open away smoke ===
Initialize godot-rust (API v4.6.stable.official, runtime v4.7.2.stable.mono.official, safeguards balanced)
Godot Engine v4.7.2.stable.mono.official.ed1daf0bf - https://godotengine.org

The Synaptic Sea coherent proof ship bootstrap loaded.
PLAYABLE SHIP READY player_spawned=true camera_spawned=true objectives=5 collision_shapes=112
RECIPE PICKER OPEN AWAY PASS away=true open=true sfx=true
=== Scanner open SFX smoke ===
Initialize godot-rust (API v4.6.stable.official, runtime v4.7.2.stable.mono.official, safeguards balanced)
Godot Engine v4.7.2.stable.mono.official.ed1daf0bf - https://godotengine.org

The Synaptic Sea coherent proof ship bootstrap loaded.
PLAYABLE SHIP READY player_spawned=true camera_spawned=true objectives=5 collision_shapes=112
SCANNER OPEN SFX PASS open=true sfx=true
=== Scanner open away smoke ===
Initialize godot-rust (API v4.6.stable.official, runtime v4.7.2.stable.mono.official, safeguards balanced)
Godot Engine v4.7.2.stable.mono.official.ed1daf0bf - https://godotengine.org

The Synaptic Sea coherent proof ship bootstrap loaded.
PLAYABLE SHIP READY player_spawned=true camera_spawned=true objectives=5 collision_shapes=112
SCANNER OPEN AWAY PASS away=true open=true sfx=true
=== Cart grab SFX smoke ===
Initialize godot-rust (API v4.6.stable.official, runtime v4.7.2.stable.mono.official, safeguards balanced)
Godot Engine v4.7.2.stable.mono.official.ed1daf0bf - https://godotengine.org

The Synaptic Sea coherent proof ship bootstrap loaded.
PLAYABLE SHIP READY player_spawned=true camera_spawned=true objectives=5 collision_shapes=112
CART GRAB SFX PASS grab=true sfx=true
=== Cart grab away smoke ===
Initialize godot-rust (API v4.6.stable.official, runtime v4.7.2.stable.mono.official, safeguards balanced)
Godot Engine v4.7.2.stable.mono.official.ed1daf0bf - https://godotengine.org

The Synaptic Sea coherent proof ship bootstrap loaded.
PLAYABLE SHIP READY player_spawned=true camera_spawned=true objectives=5 collision_shapes=112
CART GRAB AWAY PASS away=true grab=true sfx=true
=== Transfer panel open SFX smoke ===
Initialize godot-rust (API v4.6.stable.official, runtime v4.7.2.stable.mono.official, safeguards balanced)
Godot Engine v4.7.2.stable.mono.official.ed1daf0bf - https://godotengine.org

The Synaptic Sea coherent proof ship bootstrap loaded.
PLAYABLE SHIP READY player_spawned=true camera_spawned=true objectives=5 collision_shapes=112
TRANSFER PANEL OPEN SFX PASS open=true sfx=true
=== Transfer panel open away smoke ===
Initialize godot-rust (API v4.6.stable.official, runtime v4.7.2.stable.mono.official, safeguards balanced)
Godot Engine v4.7.2.stable.mono.official.ed1daf0bf - https://godotengine.org

The Synaptic Sea coherent proof ship bootstrap loaded.
PLAYABLE SHIP READY player_spawned=true camera_spawned=true objectives=5 collision_shapes=112
TRANSFER PANEL OPEN AWAY PASS away=true open=true sfx=true
=== Codex open SFX smoke ===
Initialize godot-rust (API v4.6.stable.official, runtime v4.7.2.stable.mono.official, safeguards balanced)
Godot Engine v4.7.2.stable.mono.official.ed1daf0bf - https://godotengine.org

The Synaptic Sea coherent proof ship bootstrap loaded.
PLAYABLE SHIP READY player_spawned=true camera_spawned=true objectives=5 collision_shapes=112
CODEX OPEN SFX PASS open=true sfx=true
=== Codex open away smoke ===
Initialize godot-rust (API v4.6.stable.official, runtime v4.7.2.stable.mono.official, safeguards balanced)
Godot Engine v4.7.2.stable.mono.official.ed1daf0bf - https://godotengine.org

The Synaptic Sea coherent proof ship bootstrap loaded.
PLAYABLE SHIP READY player_spawned=true camera_spawned=true objectives=5 collision_shapes=112
CODEX OPEN AWAY PASS away=true open=true sfx=true
=== Pause menu open SFX smoke ===
Initialize godot-rust (API v4.6.stable.official, runtime v4.7.2.stable.mono.official, safeguards balanced)
Godot Engine v4.7.2.stable.mono.official.ed1daf0bf - https://godotengine.org

The Synaptic Sea coherent proof ship bootstrap loaded.
PLAYABLE SHIP READY player_spawned=true camera_spawned=true objectives=5 collision_shapes=112
PAUSE MENU OPEN SFX PASS open=true sfx=true
=== Pause menu open away smoke ===
Initialize godot-rust (API v4.6.stable.official, runtime v4.7.2.stable.mono.official, safeguards balanced)
Godot Engine v4.7.2.stable.mono.official.ed1daf0bf - https://godotengine.org

The Synaptic Sea coherent proof ship bootstrap loaded.
PLAYABLE SHIP READY player_spawned=true camera_spawned=true objectives=5 collision_shapes=112
PAUSE MENU OPEN AWAY PASS away=true open=true sfx=true
=== Pause menu close SFX smoke ===
Initialize godot-rust (API v4.6.stable.official, runtime v4.7.2.stable.mono.official, safeguards balanced)
Godot Engine v4.7.2.stable.mono.official.ed1daf0bf - https://godotengine.org

The Synaptic Sea coherent proof ship bootstrap loaded.
PLAYABLE SHIP READY player_spawned=true camera_spawned=true objectives=5 collision_shapes=112
PAUSE MENU CLOSE SFX PASS close=true sfx=true
=== Pause menu close away smoke ===
Initialize godot-rust (API v4.6.stable.official, runtime v4.7.2.stable.mono.official, safeguards balanced)
Godot Engine v4.7.2.stable.mono.official.ed1daf0bf - https://godotengine.org

The Synaptic Sea coherent proof ship bootstrap loaded.
PLAYABLE SHIP READY player_spawned=true camera_spawned=true objectives=5 collision_shapes=112
PAUSE MENU CLOSE AWAY PASS away=true close=true sfx=true
=== Menu confirm resume SFX smoke ===
Initialize godot-rust (API v4.6.stable.official, runtime v4.7.2.stable.mono.official, safeguards balanced)
Godot Engine v4.7.2.stable.mono.official.ed1daf0bf - https://godotengine.org

The Synaptic Sea coherent proof ship bootstrap loaded.
PLAYABLE SHIP READY player_spawned=true camera_spawned=true objectives=5 collision_shapes=112
MENU CONFIRM RESUME SFX PASS resume=true sfx=true
=== Menu confirm resume away smoke ===
Initialize godot-rust (API v4.6.stable.official, runtime v4.7.2.stable.mono.official, safeguards balanced)
Godot Engine v4.7.2.stable.mono.official.ed1daf0bf - https://godotengine.org

The Synaptic Sea coherent proof ship bootstrap loaded.
PLAYABLE SHIP READY player_spawned=true camera_spawned=true objectives=5 collision_shapes=112
MENU CONFIRM RESUME AWAY PASS away=true resume=true sfx=true
=== Settings menu open SFX smoke ===
Initialize godot-rust (API v4.6.stable.official, runtime v4.7.2.stable.mono.official, safeguards balanced)
Godot Engine v4.7.2.stable.mono.official.ed1daf0bf - https://godotengine.org

The Synaptic Sea coherent proof ship bootstrap loaded.
PLAYABLE SHIP READY player_spawned=true camera_spawned=true objectives=5 collision_shapes=112
SETTINGS MENU OPEN SFX PASS open=true sfx=true
=== Settings menu open away smoke ===
Initialize godot-rust (API v4.6.stable.official, runtime v4.7.2.stable.mono.official, safeguards balanced)
Godot Engine v4.7.2.stable.mono.official.ed1daf0bf - https://godotengine.org

The Synaptic Sea coherent proof ship bootstrap loaded.
PLAYABLE SHIP READY player_spawned=true camera_spawned=true objectives=5 collision_shapes=112
SETTINGS MENU OPEN AWAY PASS away=true open=true sfx=true
=== Records menu open SFX smoke ===
Initialize godot-rust (API v4.6.stable.official, runtime v4.7.2.stable.mono.official, safeguards balanced)
Godot Engine v4.7.2.stable.mono.official.ed1daf0bf - https://godotengine.org

The Synaptic Sea coherent proof ship bootstrap loaded.
PLAYABLE SHIP READY player_spawned=true camera_spawned=true objectives=5 collision_shapes=112
RECORDS MENU OPEN SFX PASS open=true sfx=true
=== Records menu open away smoke ===
Initialize godot-rust (API v4.6.stable.official, runtime v4.7.2.stable.mono.official, safeguards balanced)
Godot Engine v4.7.2.stable.mono.official.ed1daf0bf - https://godotengine.org

The Synaptic Sea coherent proof ship bootstrap loaded.
PLAYABLE SHIP READY player_spawned=true camera_spawned=true objectives=5 collision_shapes=112
RECORDS MENU OPEN AWAY PASS away=true open=true sfx=true
=== Settings menu back SFX smoke ===
Initialize godot-rust (API v4.6.stable.official, runtime v4.7.2.stable.mono.official, safeguards balanced)
Godot Engine v4.7.2.stable.mono.official.ed1daf0bf - https://godotengine.org

The Synaptic Sea coherent proof ship bootstrap loaded.
PLAYABLE SHIP READY player_spawned=true camera_spawned=true objectives=5 collision_shapes=112
SETTINGS MENU BACK SFX PASS back=true sfx=true
=== Settings menu back away smoke ===
Initialize godot-rust (API v4.6.stable.official, runtime v4.7.2.stable.mono.official, safeguards balanced)
Godot Engine v4.7.2.stable.mono.official.ed1daf0bf - https://godotengine.org

The Synaptic Sea coherent proof ship bootstrap loaded.
PLAYABLE SHIP READY player_spawned=true camera_spawned=true objectives=5 collision_shapes=112
SETTINGS MENU BACK AWAY PASS away=true back=true sfx=true
=== Records menu back SFX smoke ===
Initialize godot-rust (API v4.6.stable.official, runtime v4.7.2.stable.mono.official, safeguards balanced)
Godot Engine v4.7.2.stable.mono.official.ed1daf0bf - https://godotengine.org

The Synaptic Sea coherent proof ship bootstrap loaded.
PLAYABLE SHIP READY player_spawned=true camera_spawned=true objectives=5 collision_shapes=112
RECORDS MENU BACK SFX PASS back=true sfx=true
=== Records menu back away smoke ===
Initialize godot-rust (API v4.6.stable.official, runtime v4.7.2.stable.mono.official, safeguards balanced)
Godot Engine v4.7.2.stable.mono.official.ed1daf0bf - https://godotengine.org

The Synaptic Sea coherent proof ship bootstrap loaded.
PLAYABLE SHIP READY player_spawned=true camera_spawned=true objectives=5 collision_shapes=112
RECORDS MENU BACK AWAY PASS away=true back=true sfx=true
=== Weapon reload SFX smoke ===
Initialize godot-rust (API v4.6.stable.official, runtime v4.7.2.stable.mono.official, safeguards balanced)
Godot Engine v4.7.2.stable.mono.official.ed1daf0bf - https://godotengine.org

The Synaptic Sea coherent proof ship bootstrap loaded.
PLAYABLE SHIP READY player_spawned=true camera_spawned=true objectives=5 collision_shapes=112
WEAPON RELOAD SFX PASS reload=true sfx=true
=== Weapon reload away smoke ===
Initialize godot-rust (API v4.6.stable.official, runtime v4.7.2.stable.mono.official, safeguards balanced)
Godot Engine v4.7.2.stable.mono.official.ed1daf0bf - https://godotengine.org

The Synaptic Sea coherent proof ship bootstrap loaded.
PLAYABLE SHIP READY player_spawned=true camera_spawned=true objectives=5 collision_shapes=112
WEAPON RELOAD AWAY PASS away=true reload=true sfx=true
=== Player attack SFX smoke ===
Initialize godot-rust (API v4.6.stable.official, runtime v4.7.2.stable.mono.official, safeguards balanced)
Godot Engine v4.7.2.stable.mono.official.ed1daf0bf - https://godotengine.org

The Synaptic Sea coherent proof ship bootstrap loaded.
PLAYABLE SHIP READY player_spawned=true camera_spawned=true objectives=5 collision_shapes=112
PLAYER ATTACK SFX PASS attack=true sfx=true
=== Player attack away smoke ===
Initialize godot-rust (API v4.6.stable.official, runtime v4.7.2.stable.mono.official, safeguards balanced)
Godot Engine v4.7.2.stable.mono.official.ed1daf0bf - https://godotengine.org

The Synaptic Sea coherent proof ship bootstrap loaded.
PLAYABLE SHIP READY player_spawned=true camera_spawned=true objectives=5 collision_shapes=112
PLAYER ATTACK AWAY PASS away=true attack=true sfx=true
=== Dry fire SFX smoke ===
Initialize godot-rust (API v4.6.stable.official, runtime v4.7.2.stable.mono.official, safeguards balanced)
Godot Engine v4.7.2.stable.mono.official.ed1daf0bf - https://godotengine.org

The Synaptic Sea coherent proof ship bootstrap loaded.
PLAYABLE SHIP READY player_spawned=true camera_spawned=true objectives=5 collision_shapes=112
DRY FIRE SFX PASS dry=true sfx=true
=== Dry fire away smoke ===
Initialize godot-rust (API v4.6.stable.official, runtime v4.7.2.stable.mono.official, safeguards balanced)
Godot Engine v4.7.2.stable.mono.official.ed1daf0bf - https://godotengine.org

The Synaptic Sea coherent proof ship bootstrap loaded.
PLAYABLE SHIP READY player_spawned=true camera_spawned=true objectives=5 collision_shapes=112
DRY FIRE AWAY PASS away=true dry=true sfx=true
=== Achievement unlock SFX smoke ===
Initialize godot-rust (API v4.6.stable.official, runtime v4.7.2.stable.mono.official, safeguards balanced)
Godot Engine v4.7.2.stable.mono.official.ed1daf0bf - https://godotengine.org

The Synaptic Sea coherent proof ship bootstrap loaded.
PLAYABLE SHIP READY player_spawned=true camera_spawned=true objectives=5 collision_shapes=112
ACHIEVEMENT UNLOCKED trigger=loot_searched target=sfx_ach_test_2342 id=first_loot
ACHIEVEMENT UNLOCK SFX PASS unlock=true sfx=true
=== Achievement unlock away smoke ===
Initialize godot-rust (API v4.6.stable.official, runtime v4.7.2.stable.mono.official, safeguards balanced)
Godot Engine v4.7.2.stable.mono.official.ed1daf0bf - https://godotengine.org

The Synaptic Sea coherent proof ship bootstrap loaded.
PLAYABLE SHIP READY player_spawned=true camera_spawned=true objectives=5 collision_shapes=112
ACHIEVEMENT UNLOCKED trigger=loot_searched target=sfx_ach_away_2416 id=first_loot
ACHIEVEMENT UNLOCK AWAY PASS away=true unlock=true sfx=true
=== Tool pickup SFX smoke ===
Initialize godot-rust (API v4.6.stable.official, runtime v4.7.2.stable.mono.official, safeguards balanced)
Godot Engine v4.7.2.stable.mono.official.ed1daf0bf - https://godotengine.org

The Synaptic Sea coherent proof ship bootstrap loaded.
PLAYABLE SHIP READY player_spawned=true camera_spawned=true objectives=5 collision_shapes=112
PLAYABLE TOOL ACQUIRED tool_id=smoke_tool_sfx
TOOL PICKUP SFX PASS pickup=true sfx=true
=== Tool pickup away smoke ===
Initialize godot-rust (API v4.6.stable.official, runtime v4.7.2.stable.mono.official, safeguards balanced)
Godot Engine v4.7.2.stable.mono.official.ed1daf0bf - https://godotengine.org

The Synaptic Sea coherent proof ship bootstrap loaded.
PLAYABLE SHIP READY player_spawned=true camera_spawned=true objectives=5 collision_shapes=112
PLAYABLE TOOL ACQUIRED tool_id=smoke_tool_away
TOOL PICKUP AWAY PASS away=true pickup=true sfx=true
=== Craft blocked SFX smoke ===
Initialize godot-rust (API v4.6.stable.official, runtime v4.7.2.stable.mono.official, safeguards balanced)
Godot Engine v4.7.2.stable.mono.official.ed1daf0bf - https://godotengine.org

The Synaptic Sea coherent proof ship bootstrap loaded.
PLAYABLE SHIP READY player_spawned=true camera_spawned=true objectives=5 collision_shapes=112
CRAFT BLOCKED station=field_crafting reason=menu_open
CRAFT BLOCKED SFX PASS blocked=true sfx=true
=== Craft blocked away smoke ===
Initialize godot-rust (API v4.6.stable.official, runtime v4.7.2.stable.mono.official, safeguards balanced)
Godot Engine v4.7.2.stable.mono.official.ed1daf0bf - https://godotengine.org

The Synaptic Sea coherent proof ship bootstrap loaded.
PLAYABLE SHIP READY player_spawned=true camera_spawned=true objectives=5 collision_shapes=112
CRAFT BLOCKED station=field_crafting reason=menu_open
CRAFT BLOCKED AWAY PASS away=true blocked=true sfx=true
=== Production start SFX smoke ===
Initialize godot-rust (API v4.6.stable.official, runtime v4.7.2.stable.mono.official, safeguards balanced)
Godot Engine v4.7.2.stable.mono.official.ed1daf0bf - https://godotengine.org

The Synaptic Sea coherent proof ship bootstrap loaded.
PLAYABLE SHIP READY player_spawned=true camera_spawned=true objectives=5 collision_shapes=112
PRODUCTION STARTED station=hydroponics input=seed_packet
PRODUCTION START SFX PASS start=true sfx=true
=== Production start away smoke ===
Initialize godot-rust (API v4.6.stable.official, runtime v4.7.2.stable.mono.official, safeguards balanced)
Godot Engine v4.7.2.stable.mono.official.ed1daf0bf - https://godotengine.org

The Synaptic Sea coherent proof ship bootstrap loaded.
PLAYABLE SHIP READY player_spawned=true camera_spawned=true objectives=5 collision_shapes=112
PRODUCTION STARTED station=hydroponics input=seed_packet
PRODUCTION START AWAY PASS away=true start=true sfx=true
=== Footstep SFX smoke ===
Initialize godot-rust (API v4.6.stable.official, runtime v4.7.2.stable.mono.official, safeguards balanced)
Godot Engine v4.7.2.stable.mono.official.ed1daf0bf - https://godotengine.org

The Synaptic Sea coherent proof ship bootstrap loaded.
PLAYABLE SHIP READY player_spawned=true camera_spawned=true objectives=5 collision_shapes=112
FOOTSTEP SFX PASS moving=true sfx=true
=== Footstep away smoke ===
Initialize godot-rust (API v4.6.stable.official, runtime v4.7.2.stable.mono.official, safeguards balanced)
Godot Engine v4.7.2.stable.mono.official.ed1daf0bf - https://godotengine.org

The Synaptic Sea coherent proof ship bootstrap loaded.
PLAYABLE SHIP READY player_spawned=true camera_spawned=true objectives=5 collision_shapes=112
FOOTSTEP AWAY PASS away=true moving=true sfx=true
=== Hatch door close SFX smoke ===
Initialize godot-rust (API v4.6.stable.official, runtime v4.7.2.stable.mono.official, safeguards balanced)
Godot Engine v4.7.2.stable.mono.official.ed1daf0bf - https://godotengine.org

The Synaptic Sea coherent proof ship bootstrap loaded.
PLAYABLE SHIP READY player_spawned=true camera_spawned=true objectives=5 collision_shapes=112
HATCH DOOR CLOSE SFX PASS reseal=true sfx=true
=== Hatch door close away smoke ===
Initialize godot-rust (API v4.6.stable.official, runtime v4.7.2.stable.mono.official, safeguards balanced)
Godot Engine v4.7.2.stable.mono.official.ed1daf0bf - https://godotengine.org

The Synaptic Sea coherent proof ship bootstrap loaded.
PLAYABLE SHIP READY player_spawned=true camera_spawned=true objectives=5 collision_shapes=112
HATCH DOOR CLOSE AWAY PASS away=true reseal=true sfx=true
=== Production blocked SFX smoke ===
Initialize godot-rust (API v4.6.stable.official, runtime v4.7.2.stable.mono.official, safeguards balanced)
Godot Engine v4.7.2.stable.mono.official.ed1daf0bf - https://godotengine.org

The Synaptic Sea coherent proof ship bootstrap loaded.
PLAYABLE SHIP READY player_spawned=true camera_spawned=true objectives=5 collision_shapes=112
PRODUCTION BLOCKED station=hydroponics reason=missing_input
PRODUCTION BLOCKED SFX PASS blocked=true sfx=true
=== Production blocked away smoke ===
Initialize godot-rust (API v4.6.stable.official, runtime v4.7.2.stable.mono.official, safeguards balanced)
Godot Engine v4.7.2.stable.mono.official.ed1daf0bf - https://godotengine.org

The Synaptic Sea coherent proof ship bootstrap loaded.
PLAYABLE SHIP READY player_spawned=true camera_spawned=true objectives=5 collision_shapes=112
PRODUCTION BLOCKED station=hydroponics reason=missing_input
PRODUCTION BLOCKED AWAY PASS away=true blocked=true sfx=true
=== End run SFX smoke ===
Initialize godot-rust (API v4.6.stable.official, runtime v4.7.2.stable.mono.official, safeguards balanced)
Godot Engine v4.7.2.stable.mono.official.ed1daf0bf - https://godotengine.org

The Synaptic Sea coherent proof ship bootstrap loaded.
PLAYABLE SHIP READY player_spawned=true camera_spawned=true objectives=5 collision_shapes=112
META PAYOUT reason=death payout=0 meta_currency=360 runs_completed=10
ACHIEVEMENT UNLOCKED trigger=run_complete target=completion id=extracted
META PAYOUT reason=completion payout=0 meta_currency=360 runs_completed=11
END RUN SFX PASS death=true complete=true
=== End run away smoke ===
Initialize godot-rust (API v4.6.stable.official, runtime v4.7.2.stable.mono.official, safeguards balanced)
Godot Engine v4.7.2.stable.mono.official.ed1daf0bf - https://godotengine.org

The Synaptic Sea coherent proof ship bootstrap loaded.
PLAYABLE SHIP READY player_spawned=true camera_spawned=true objectives=5 collision_shapes=112
META PAYOUT reason=death payout=0 meta_currency=360 runs_completed=11
ACHIEVEMENT UNLOCKED trigger=run_complete target=completion id=extracted
META PAYOUT reason=completion payout=0 meta_currency=360 runs_completed=12
END RUN AWAY PASS away=true death=true complete=true
=== Craft start SFX smoke ===
Initialize godot-rust (API v4.6.stable.official, runtime v4.7.2.stable.mono.official, safeguards balanced)
Godot Engine v4.7.2.stable.mono.official.ed1daf0bf - https://godotengine.org

The Synaptic Sea coherent proof ship bootstrap loaded.
PLAYABLE SHIP READY player_spawned=true camera_spawned=true objectives=5 collision_shapes=112
CRAFT STARTED station=fabricator recipe=scrap_plate
CRAFT START SFX PASS start=true sfx=true
=== Craft start away smoke ===
Initialize godot-rust (API v4.6.stable.official, runtime v4.7.2.stable.mono.official, safeguards balanced)
Godot Engine v4.7.2.stable.mono.official.ed1daf0bf - https://godotengine.org

The Synaptic Sea coherent proof ship bootstrap loaded.
PLAYABLE SHIP READY player_spawned=true camera_spawned=true objectives=5 collision_shapes=112
CRAFT STARTED station=fabricator recipe=scrap_plate
CRAFT START AWAY PASS away=true start=true sfx=true
=== Field craft start SFX smoke ===
Initialize godot-rust (API v4.6.stable.official, runtime v4.7.2.stable.mono.official, safeguards balanced)
Godot Engine v4.7.2.stable.mono.official.ed1daf0bf - https://godotengine.org

The Synaptic Sea coherent proof ship bootstrap loaded.
PLAYABLE SHIP READY player_spawned=true camera_spawned=true objectives=5 collision_shapes=112
FIELD CRAFT STARTED recipe=field_bandage
FIELD CRAFT START SFX PASS start=true sfx=true
=== Field craft start away smoke ===
Initialize godot-rust (API v4.6.stable.official, runtime v4.7.2.stable.mono.official, safeguards balanced)
Godot Engine v4.7.2.stable.mono.official.ed1daf0bf - https://godotengine.org

The Synaptic Sea coherent proof ship bootstrap loaded.
PLAYABLE SHIP READY player_spawned=true camera_spawned=true objectives=5 collision_shapes=112
FIELD CRAFT STARTED recipe=field_bandage
FIELD CRAFT START AWAY PASS away=true start=true sfx=true
=== Inventory transfer SFX smoke ===
Initialize godot-rust (API v4.6.stable.official, runtime v4.7.2.stable.mono.official, safeguards balanced)
Godot Engine v4.7.2.stable.mono.official.ed1daf0bf - https://godotengine.org

The Synaptic Sea coherent proof ship bootstrap loaded.
PLAYABLE SHIP READY player_spawned=true camera_spawned=true objectives=5 collision_shapes=112
INVENTORY TRANSFER SFX PASS transfer=true sfx=true
=== Inventory transfer away smoke ===
Initialize godot-rust (API v4.6.stable.official, runtime v4.7.2.stable.mono.official, safeguards balanced)
Godot Engine v4.7.2.stable.mono.official.ed1daf0bf - https://godotengine.org

The Synaptic Sea coherent proof ship bootstrap loaded.
PLAYABLE SHIP READY player_spawned=true camera_spawned=true objectives=5 collision_shapes=112
INVENTORY TRANSFER AWAY PASS away=true transfer=true sfx=true
=== Hazard blocked SFX smoke ===
Initialize godot-rust (API v4.6.stable.official, runtime v4.7.2.stable.mono.official, safeguards balanced)
Godot Engine v4.7.2.stable.mono.official.ed1daf0bf - https://godotengine.org

The Synaptic Sea coherent proof ship bootstrap loaded.
PLAYABLE SHIP READY player_spawned=true camera_spawned=true objectives=5 collision_shapes=112
HAZARD BLOCKED SFX PASS repair=true extinguish=true seal=true
=== Hazard blocked away smoke ===
Initialize godot-rust (API v4.6.stable.official, runtime v4.7.2.stable.mono.official, safeguards balanced)
Godot Engine v4.7.2.stable.mono.official.ed1daf0bf - https://godotengine.org

The Synaptic Sea coherent proof ship bootstrap loaded.
PLAYABLE SHIP READY player_spawned=true camera_spawned=true objectives=5 collision_shapes=112
HAZARD BLOCKED AWAY PASS away=true repair=true extinguish=true seal=true
=== Hangar dock launch SFX smoke ===
Initialize godot-rust (API v4.6.stable.official, runtime v4.7.2.stable.mono.official, safeguards balanced)
Godot Engine v4.7.2.stable.mono.official.ed1daf0bf - https://godotengine.org

The Synaptic Sea coherent proof ship bootstrap loaded.
PLAYABLE SHIP READY player_spawned=true camera_spawned=true objectives=5 collision_shapes=112
HANGAR DOCK LAUNCH SFX PASS dock=true launch=true
=== Hangar dock launch away smoke ===
Initialize godot-rust (API v4.6.stable.official, runtime v4.7.2.stable.mono.official, safeguards balanced)
Godot Engine v4.7.2.stable.mono.official.ed1daf0bf - https://godotengine.org

The Synaptic Sea coherent proof ship bootstrap loaded.
PLAYABLE SHIP READY player_spawned=true camera_spawned=true objectives=5 collision_shapes=112
HANGAR DOCK LAUNCH AWAY PASS away=true dock=true launch=true
=== Discover room SFX smoke ===
Initialize godot-rust (API v4.6.stable.official, runtime v4.7.2.stable.mono.official, safeguards balanced)
Godot Engine v4.7.2.stable.mono.official.ed1daf0bf - https://godotengine.org

The Synaptic Sea coherent proof ship bootstrap loaded.
PLAYABLE SHIP READY player_spawned=true camera_spawned=true objectives=5 collision_shapes=112
DISCOVER ROOM SFX PASS discover=true sfx=true
=== Discover room away smoke ===
Initialize godot-rust (API v4.6.stable.official, runtime v4.7.2.stable.mono.official, safeguards balanced)
Godot Engine v4.7.2.stable.mono.official.ed1daf0bf - https://godotengine.org

The Synaptic Sea coherent proof ship bootstrap loaded.
PLAYABLE SHIP READY player_spawned=true camera_spawned=true objectives=5 collision_shapes=112
DISCOVER ROOM AWAY PASS away=true discover=true sfx=true
=== Cargo bulk transfer SFX smoke ===
Initialize godot-rust (API v4.6.stable.official, runtime v4.7.2.stable.mono.official, safeguards balanced)
Godot Engine v4.7.2.stable.mono.official.ed1daf0bf - https://godotengine.org

The Synaptic Sea coherent proof ship bootstrap loaded.
PLAYABLE SHIP READY player_spawned=true camera_spawned=true objectives=5 collision_shapes=112
CARGO BULK TRANSFER SFX PASS deposit=true withdraw=true
=== Cargo bulk transfer away smoke ===
Initialize godot-rust (API v4.6.stable.official, runtime v4.7.2.stable.mono.official, safeguards balanced)
Godot Engine v4.7.2.stable.mono.official.ed1daf0bf - https://godotengine.org

The Synaptic Sea coherent proof ship bootstrap loaded.
PLAYABLE SHIP READY player_spawned=true camera_spawned=true objectives=5 collision_shapes=112
CARGO BULK TRANSFER AWAY PASS away=true deposit=true withdraw=true
=== UI load SFX smoke ===
Initialize godot-rust (API v4.6.stable.official, runtime v4.7.2.stable.mono.official, safeguards balanced)
Godot Engine v4.7.2.stable.mono.official.ed1daf0bf - https://godotengine.org

The Synaptic Sea coherent proof ship bootstrap loaded.
PLAYABLE SHIP READY player_spawned=true camera_spawned=true objectives=5 collision_shapes=112
PLAYABLE SHIP SAVED location= sequence=1
PLAYABLE SHIP READY player_spawned=true camera_spawned=true objectives=5 collision_shapes=112
PLAYABLE SHIP LOADED sequence=1 position=(2.34,0.54,1.75)
UI LOAD SFX PASS save=true load=true
=== UI load away smoke ===
Initialize godot-rust (API v4.6.stable.official, runtime v4.7.2.stable.mono.official, safeguards balanced)
Godot Engine v4.7.2.stable.mono.official.ed1daf0bf - https://godotengine.org

The Synaptic Sea coherent proof ship bootstrap loaded.
PLAYABLE SHIP READY player_spawned=true camera_spawned=true objectives=5 collision_shapes=112
PLAYABLE SHIP SAVED location= sequence=1
PLAYABLE SHIP READY player_spawned=true camera_spawned=true objectives=5 collision_shapes=112
PLAYABLE SHIP LOADED sequence=1 position=(0.00,0.00,0.00)
UI LOAD AWAY PASS away=true save=true load=true
=== Inspire crew SFX smoke ===
Initialize godot-rust (API v4.6.stable.official, runtime v4.7.2.stable.mono.official, safeguards balanced)
Godot Engine v4.7.2.stable.mono.official.ed1daf0bf - https://godotengine.org

The Synaptic Sea coherent proof ship bootstrap loaded.
PLAYABLE SHIP READY player_spawned=true camera_spawned=true objectives=5 collision_shapes=112
INSPIRE CREW SFX PASS inspire=true sfx=true
=== Inspire crew away smoke ===
Initialize godot-rust (API v4.6.stable.official, runtime v4.7.2.stable.mono.official, safeguards balanced)
Godot Engine v4.7.2.stable.mono.official.ed1daf0bf - https://godotengine.org

The Synaptic Sea coherent proof ship bootstrap loaded.
PLAYABLE SHIP READY player_spawned=true camera_spawned=true objectives=5 collision_shapes=112
INSPIRE CREW AWAY PASS away=true inspire=true sfx=true
=== Junction calibrator SFX smoke ===
Initialize godot-rust (API v4.6.stable.official, runtime v4.7.2.stable.mono.official, safeguards balanced)
Godot Engine v4.7.2.stable.mono.official.ed1daf0bf - https://godotengine.org

The Synaptic Sea coherent proof ship bootstrap loaded.
PLAYABLE SHIP READY player_spawned=true camera_spawned=true objectives=5 collision_shapes=112
JUNCTION CALIBRATOR APPLIED sequence=99 required_steps=2 completed_steps=0
JUNCTION CALIBRATOR SFX PASS applied=true sfx=true
=== Junction calibrator away smoke ===
Initialize godot-rust (API v4.6.stable.official, runtime v4.7.2.stable.mono.official, safeguards balanced)
Godot Engine v4.7.2.stable.mono.official.ed1daf0bf - https://godotengine.org

The Synaptic Sea coherent proof ship bootstrap loaded.
PLAYABLE SHIP READY player_spawned=true camera_spawned=true objectives=5 collision_shapes=112
JUNCTION CALIBRATOR APPLIED sequence=99 required_steps=2 completed_steps=0
JUNCTION CALIBRATOR AWAY PASS away=true applied=true sfx=true
=== First aid ally XP smoke ===
Initialize godot-rust (API v4.6.stable.official, runtime v4.7.2.stable.mono.official, safeguards balanced)
Godot Engine v4.7.2.stable.mono.official.ed1daf0bf - https://godotengine.org

The Synaptic Sea coherent proof ship bootstrap loaded.
PLAYABLE SHIP READY player_spawned=true camera_spawned=true objectives=5 collision_shapes=112
MEDBAY SURGERY health=60.0
FIRST AID ALLY XP PASS ally=true surgery=true
=== Extract data SFX smoke ===
Initialize godot-rust (API v4.6.stable.official, runtime v4.7.2.stable.mono.official, safeguards balanced)
Godot Engine v4.7.2.stable.mono.official.ed1daf0bf - https://godotengine.org

The Synaptic Sea coherent proof ship bootstrap loaded.
PLAYABLE SHIP READY player_spawned=true camera_spawned=true objectives=5 collision_shapes=112
EXTRACT DATA SFX PASS extract=true sfx=true
=== Extract data away smoke ===
Initialize godot-rust (API v4.6.stable.official, runtime v4.7.2.stable.mono.official, safeguards balanced)
Godot Engine v4.7.2.stable.mono.official.ed1daf0bf - https://godotengine.org

The Synaptic Sea coherent proof ship bootstrap loaded.
PLAYABLE SHIP READY player_spawned=true camera_spawned=true objectives=5 collision_shapes=112
EXTRACT DATA AWAY PASS away=true extract=true sfx=true
=== Field craft blocked live SFX smoke ===
Initialize godot-rust (API v4.6.stable.official, runtime v4.7.2.stable.mono.official, safeguards balanced)
Godot Engine v4.7.2.stable.mono.official.ed1daf0bf - https://godotengine.org

The Synaptic Sea coherent proof ship bootstrap loaded.
PLAYABLE SHIP READY player_spawned=true camera_spawned=true objectives=5 collision_shapes=112
FIELD CRAFT STARTED recipe=field_bandage
CRAFT BLOCKED station=field_crafting reason=busy
FIELD CRAFT BLOCKED reason=busy
FIELD CRAFT BLOCKED LIVE SFX PASS busy=true sfx=true
=== Field craft blocked live away smoke ===
Initialize godot-rust (API v4.6.stable.official, runtime v4.7.2.stable.mono.official, safeguards balanced)
Godot Engine v4.7.2.stable.mono.official.ed1daf0bf - https://godotengine.org

The Synaptic Sea coherent proof ship bootstrap loaded.
PLAYABLE SHIP READY player_spawned=true camera_spawned=true objectives=5 collision_shapes=112
FIELD CRAFT STARTED recipe=field_bandage
CRAFT BLOCKED station=field_crafting reason=busy
FIELD CRAFT BLOCKED reason=busy
FIELD CRAFT BLOCKED LIVE AWAY PASS away=true busy=true sfx=true
=== Work interrupt SFX smoke ===
Initialize godot-rust (API v4.6.stable.official, runtime v4.7.2.stable.mono.official, safeguards balanced)
Godot Engine v4.7.2.stable.mono.official.ed1daf0bf - https://godotengine.org

The Synaptic Sea coherent proof ship bootstrap loaded.
PLAYABLE SHIP READY player_spawned=true camera_spawned=true objectives=5 collision_shapes=112
WORK INTERRUPT SFX PASS interrupt=true sfx=true
=== Work interrupt away smoke ===
Initialize godot-rust (API v4.6.stable.official, runtime v4.7.2.stable.mono.official, safeguards balanced)
Godot Engine v4.7.2.stable.mono.official.ed1daf0bf - https://godotengine.org

The Synaptic Sea coherent proof ship bootstrap loaded.
PLAYABLE SHIP READY player_spawned=true camera_spawned=true objectives=5 collision_shapes=112
WORK INTERRUPT AWAY PASS away=true interrupt=true sfx=true
=== Travel home SFX smoke ===
Initialize godot-rust (API v4.6.stable.official, runtime v4.7.2.stable.mono.official, safeguards balanced)
Godot Engine v4.7.2.stable.mono.official.ed1daf0bf - https://godotengine.org

The Synaptic Sea coherent proof ship bootstrap loaded.
PLAYABLE SHIP READY player_spawned=true camera_spawned=true objectives=5 collision_shapes=112
TRAVEL HOME SFX PASS home=true sfx=true
=== Travel home away smoke ===
Initialize godot-rust (API v4.6.stable.official, runtime v4.7.2.stable.mono.official, safeguards balanced)
Godot Engine v4.7.2.stable.mono.official.ed1daf0bf - https://godotengine.org

The Synaptic Sea coherent proof ship bootstrap loaded.
PLAYABLE SHIP READY player_spawned=true camera_spawned=true objectives=5 collision_shapes=112
TRAVEL HOME AWAY PASS away=true home=true sfx=true
=== Travel denied SFX smoke ===
Initialize godot-rust (API v4.6.stable.official, runtime v4.7.2.stable.mono.official, safeguards balanced)
Godot Engine v4.7.2.stable.mono.official.ed1daf0bf - https://godotengine.org

The Synaptic Sea coherent proof ship bootstrap loaded.
PLAYABLE SHIP READY player_spawned=true camera_spawned=true objectives=5 collision_shapes=112
TRAVEL DENIED SFX PASS denied=true sfx=true
=== Travel denied away smoke ===
Initialize godot-rust (API v4.6.stable.official, runtime v4.7.2.stable.mono.official, safeguards balanced)
Godot Engine v4.7.2.stable.mono.official.ed1daf0bf - https://godotengine.org

The Synaptic Sea coherent proof ship bootstrap loaded.
PLAYABLE SHIP READY player_spawned=true camera_spawned=true objectives=5 collision_shapes=112
TRAVEL DENIED AWAY PASS away=true denied=true sfx=true
=== Dock barrier SFX smoke ===
Initialize godot-rust (API v4.6.stable.official, runtime v4.7.2.stable.mono.official, safeguards balanced)
Godot Engine v4.7.2.stable.mono.official.ed1daf0bf - https://godotengine.org

The Synaptic Sea coherent proof ship bootstrap loaded.
PLAYABLE SHIP READY player_spawned=true camera_spawned=true objectives=5 collision_shapes=112
DOCK BARRIER SFX PASS open=true sfx=true
=== Dock barrier away smoke ===
Initialize godot-rust (API v4.6.stable.official, runtime v4.7.2.stable.mono.official, safeguards balanced)
Godot Engine v4.7.2.stable.mono.official.ed1daf0bf - https://godotengine.org

The Synaptic Sea coherent proof ship bootstrap loaded.
PLAYABLE SHIP READY player_spawned=true camera_spawned=true objectives=5 collision_shapes=112
DOCK BARRIER AWAY PASS away=true open=true sfx=true
=== Bridge login SFX smoke ===
Initialize godot-rust (API v4.6.stable.official, runtime v4.7.2.stable.mono.official, safeguards balanced)
Godot Engine v4.7.2.stable.mono.official.ed1daf0bf - https://godotengine.org

The Synaptic Sea coherent proof ship bootstrap loaded.
PLAYABLE SHIP READY player_spawned=true camera_spawned=true objectives=5 collision_shapes=112
BRIDGE LOGIN SFX PASS login=true deny=true
=== Bridge login away smoke ===
Initialize godot-rust (API v4.6.stable.official, runtime v4.7.2.stable.mono.official, safeguards balanced)
Godot Engine v4.7.2.stable.mono.official.ed1daf0bf - https://godotengine.org

The Synaptic Sea coherent proof ship bootstrap loaded.
PLAYABLE SHIP READY player_spawned=true camera_spawned=true objectives=5 collision_shapes=112
BRIDGE LOGIN AWAY PASS away=true deny=true
=== Field craft begin blocked SFX smoke ===
Initialize godot-rust (API v4.6.stable.official, runtime v4.7.2.stable.mono.official, safeguards balanced)
Godot Engine v4.7.2.stable.mono.official.ed1daf0bf - https://godotengine.org

The Synaptic Sea coherent proof ship bootstrap loaded.
PLAYABLE SHIP READY player_spawned=true camera_spawned=true objectives=5 collision_shapes=112
CRAFT BLOCKED station=field_crafting reason=cannot_craft
FIELD CRAFT BEGIN BLOCKED SFX PASS blocked=true sfx=true
=== Field craft begin blocked away smoke ===
Initialize godot-rust (API v4.6.stable.official, runtime v4.7.2.stable.mono.official, safeguards balanced)
Godot Engine v4.7.2.stable.mono.official.ed1daf0bf - https://godotengine.org

The Synaptic Sea coherent proof ship bootstrap loaded.
PLAYABLE SHIP READY player_spawned=true camera_spawned=true objectives=5 collision_shapes=112
CRAFT BLOCKED station=field_crafting reason=cannot_craft
FIELD CRAFT BEGIN BLOCKED AWAY PASS away=true blocked=true sfx=true
=== Encumbrance overload SFX smoke ===
Initialize godot-rust (API v4.6.stable.official, runtime v4.7.2.stable.mono.official, safeguards balanced)
Godot Engine v4.7.2.stable.mono.official.ed1daf0bf - https://godotengine.org

The Synaptic Sea coherent proof ship bootstrap loaded.
PLAYABLE SHIP READY player_spawned=true camera_spawned=true objectives=5 collision_shapes=112
ENCUMBRANCE OVERLOAD SFX PASS overload=true sfx=true
=== Encumbrance overload away smoke ===
Initialize godot-rust (API v4.6.stable.official, runtime v4.7.2.stable.mono.official, safeguards balanced)
Godot Engine v4.7.2.stable.mono.official.ed1daf0bf - https://godotengine.org

The Synaptic Sea coherent proof ship bootstrap loaded.
PLAYABLE SHIP READY player_spawned=true camera_spawned=true objectives=5 collision_shapes=112
ENCUMBRANCE OVERLOAD AWAY PASS away=true overload=true sfx=true
=== Ship mod install fail SFX smoke ===
Initialize godot-rust (API v4.6.stable.official, runtime v4.7.2.stable.mono.official, safeguards balanced)
Godot Engine v4.7.2.stable.mono.official.ed1daf0bf - https://godotengine.org

The Synaptic Sea coherent proof ship bootstrap loaded.
PLAYABLE SHIP READY player_spawned=true camera_spawned=true objectives=5 collision_shapes=112
SHIP MOD INSTALL FAIL SFX PASS fail=true sfx=true
=== Ship mod install fail away smoke ===
Initialize godot-rust (API v4.6.stable.official, runtime v4.7.2.stable.mono.official, safeguards balanced)
Godot Engine v4.7.2.stable.mono.official.ed1daf0bf - https://godotengine.org

The Synaptic Sea coherent proof ship bootstrap loaded.
PLAYABLE SHIP READY player_spawned=true camera_spawned=true objectives=5 collision_shapes=112
SHIP MOD INSTALL FAIL AWAY PASS away=true fail=true sfx=true
=== Consumable use SFX smoke ===
Initialize godot-rust (API v4.6.stable.official, runtime v4.7.2.stable.mono.official, safeguards balanced)
Godot Engine v4.7.2.stable.mono.official.ed1daf0bf - https://godotengine.org

The Synaptic Sea coherent proof ship bootstrap loaded.
PLAYABLE SHIP READY player_spawned=true camera_spawned=true objectives=5 collision_shapes=112
CONSUMABLE USE SFX PASS ok=true fail=true
=== Consumable use away smoke ===
Initialize godot-rust (API v4.6.stable.official, runtime v4.7.2.stable.mono.official, safeguards balanced)
Godot Engine v4.7.2.stable.mono.official.ed1daf0bf - https://godotengine.org

The Synaptic Sea coherent proof ship bootstrap loaded.
PLAYABLE SHIP READY player_spawned=true camera_spawned=true objectives=5 collision_shapes=112
CONSUMABLE USE AWAY PASS away=true ok=true fail=true
=== Work start SFX smoke ===
Initialize godot-rust (API v4.6.stable.official, runtime v4.7.2.stable.mono.official, safeguards balanced)
Godot Engine v4.7.2.stable.mono.official.ed1daf0bf - https://godotengine.org

The Synaptic Sea coherent proof ship bootstrap loaded.
PLAYABLE SHIP READY player_spawned=true camera_spawned=true objectives=5 collision_shapes=112
WORK START SFX PASS start=true blocked=true
=== Work start away smoke ===
Initialize godot-rust (API v4.6.stable.official, runtime v4.7.2.stable.mono.official, safeguards balanced)
Godot Engine v4.7.2.stable.mono.official.ed1daf0bf - https://godotengine.org

The Synaptic Sea coherent proof ship bootstrap loaded.
PLAYABLE SHIP READY player_spawned=true camera_spawned=true objectives=5 collision_shapes=112
WORK START AWAY PASS away=true start=true blocked=true
=== Quicksave denied SFX smoke ===
Initialize godot-rust (API v4.6.stable.official, runtime v4.7.2.stable.mono.official, safeguards balanced)
Godot Engine v4.7.2.stable.mono.official.ed1daf0bf - https://godotengine.org

The Synaptic Sea coherent proof ship bootstrap loaded.
PLAYABLE SHIP READY player_spawned=true camera_spawned=true objectives=5 collision_shapes=112
QUICKSAVE DENIED SFX PASS deny=true save=true
=== Quicksave denied away smoke ===
Initialize godot-rust (API v4.6.stable.official, runtime v4.7.2.stable.mono.official, safeguards balanced)
Godot Engine v4.7.2.stable.mono.official.ed1daf0bf - https://godotengine.org

The Synaptic Sea coherent proof ship bootstrap loaded.
PLAYABLE SHIP READY player_spawned=true camera_spawned=true objectives=5 collision_shapes=112
QUICKSAVE DENIED AWAY PASS away=true deny=true save=true
=== Autosave SFX smoke ===
Initialize godot-rust (API v4.6.stable.official, runtime v4.7.2.stable.mono.official, safeguards balanced)
Godot Engine v4.7.2.stable.mono.official.ed1daf0bf - https://godotengine.org

The Synaptic Sea coherent proof ship bootstrap loaded.
PLAYABLE SHIP READY player_spawned=true camera_spawned=true objectives=5 collision_shapes=112
AUTOSAVE SFX PASS save=true sfx=true
=== Autosave away smoke ===
Initialize godot-rust (API v4.6.stable.official, runtime v4.7.2.stable.mono.official, safeguards balanced)
Godot Engine v4.7.2.stable.mono.official.ed1daf0bf - https://godotengine.org

The Synaptic Sea coherent proof ship bootstrap loaded.
PLAYABLE SHIP READY player_spawned=true camera_spawned=true objectives=5 collision_shapes=112
AUTOSAVE AWAY PASS away=true save=true sfx=true
=== Save denied SFX smoke ===
Initialize godot-rust (API v4.6.stable.official, runtime v4.7.2.stable.mono.official, safeguards balanced)
Godot Engine v4.7.2.stable.mono.official.ed1daf0bf - https://godotengine.org

The Synaptic Sea coherent proof ship bootstrap loaded.
PLAYABLE SHIP READY player_spawned=true camera_spawned=true objectives=5 collision_shapes=112
SAVE DENIED SFX PASS denied=true sfx=true
=== Save denied away smoke ===
Initialize godot-rust (API v4.6.stable.official, runtime v4.7.2.stable.mono.official, safeguards balanced)
Godot Engine v4.7.2.stable.mono.official.ed1daf0bf - https://godotengine.org

The Synaptic Sea coherent proof ship bootstrap loaded.
PLAYABLE SHIP READY player_spawned=true camera_spawned=true objectives=5 collision_shapes=112
SAVE DENIED AWAY PASS away=true denied=true sfx=true
=== Tutorial SFX smoke ===
Initialize godot-rust (API v4.6.stable.official, runtime v4.7.2.stable.mono.official, safeguards balanced)
Godot Engine v4.7.2.stable.mono.official.ed1daf0bf - https://godotengine.org

The Synaptic Sea coherent proof ship bootstrap loaded.
PLAYABLE SHIP READY player_spawned=true camera_spawned=true objectives=5 collision_shapes=112
TUTORIAL SFX PASS trigger=true dismiss=true
=== Tutorial away smoke ===
Initialize godot-rust (API v4.6.stable.official, runtime v4.7.2.stable.mono.official, safeguards balanced)
Godot Engine v4.7.2.stable.mono.official.ed1daf0bf - https://godotengine.org

The Synaptic Sea coherent proof ship bootstrap loaded.
PLAYABLE SHIP READY player_spawned=true camera_spawned=true objectives=5 collision_shapes=112
TUTORIAL AWAY PASS away=true trigger=true dismiss=true
=== Chart denied SFX smoke ===
Initialize godot-rust (API v4.6.stable.official, runtime v4.7.2.stable.mono.official, safeguards balanced)
Godot Engine v4.7.2.stable.mono.official.ed1daf0bf - https://godotengine.org

The Synaptic Sea coherent proof ship bootstrap loaded.
PLAYABLE SHIP READY player_spawned=true camera_spawned=true objectives=5 collision_shapes=112
CHART DENIED SFX PASS denied=true sfx=true
=== Chart denied away smoke ===
Initialize godot-rust (API v4.6.stable.official, runtime v4.7.2.stable.mono.official, safeguards balanced)
Godot Engine v4.7.2.stable.mono.official.ed1daf0bf - https://godotengine.org

The Synaptic Sea coherent proof ship bootstrap loaded.
PLAYABLE SHIP READY player_spawned=true camera_spawned=true objectives=5 collision_shapes=112
CHART DENIED AWAY PASS away=true denied=true sfx=true
=== Scanner confirm deny SFX smoke ===
Initialize godot-rust (API v4.6.stable.official, runtime v4.7.2.stable.mono.official, safeguards balanced)
Godot Engine v4.7.2.stable.mono.official.ed1daf0bf - https://godotengine.org

The Synaptic Sea coherent proof ship bootstrap loaded.
PLAYABLE SHIP READY player_spawned=true camera_spawned=true objectives=5 collision_shapes=112
SCANNER CONFIRM DENY SFX PASS deny=true sfx=true
=== Scanner confirm deny away smoke ===
Initialize godot-rust (API v4.6.stable.official, runtime v4.7.2.stable.mono.official, safeguards balanced)
Godot Engine v4.7.2.stable.mono.official.ed1daf0bf - https://godotengine.org

The Synaptic Sea coherent proof ship bootstrap loaded.
PLAYABLE SHIP READY player_spawned=true camera_spawned=true objectives=5 collision_shapes=112
SCANNER CONFIRM DENY AWAY PASS away=true deny=true sfx=true
=== Recipe picker deny SFX smoke ===
Initialize godot-rust (API v4.6.stable.official, runtime v4.7.2.stable.mono.official, safeguards balanced)
Godot Engine v4.7.2.stable.mono.official.ed1daf0bf - https://godotengine.org

The Synaptic Sea coherent proof ship bootstrap loaded.
PLAYABLE SHIP READY player_spawned=true camera_spawned=true objectives=5 collision_shapes=112
RECIPE PICKER DENY SFX PASS deny=true sfx=true
=== Recipe picker deny away smoke ===
Initialize godot-rust (API v4.6.stable.official, runtime v4.7.2.stable.mono.official, safeguards balanced)
Godot Engine v4.7.2.stable.mono.official.ed1daf0bf - https://godotengine.org

The Synaptic Sea coherent proof ship bootstrap loaded.
PLAYABLE SHIP READY player_spawned=true camera_spawned=true objectives=5 collision_shapes=112
RECIPE PICKER DENY AWAY PASS away=true deny=true sfx=true
=== Wounds treat deny SFX smoke ===
Initialize godot-rust (API v4.6.stable.official, runtime v4.7.2.stable.mono.official, safeguards balanced)
Godot Engine v4.7.2.stable.mono.official.ed1daf0bf - https://godotengine.org

The Synaptic Sea coherent proof ship bootstrap loaded.
PLAYABLE SHIP READY player_spawned=true camera_spawned=true objectives=5 collision_shapes=112
WOUNDS TREAT DENY SFX PASS deny=true sfx=true
=== Wounds treat deny away smoke ===
Initialize godot-rust (API v4.6.stable.official, runtime v4.7.2.stable.mono.official, safeguards balanced)
Godot Engine v4.7.2.stable.mono.official.ed1daf0bf - https://godotengine.org

The Synaptic Sea coherent proof ship bootstrap loaded.
PLAYABLE SHIP READY player_spawned=true camera_spawned=true objectives=5 collision_shapes=112
WOUNDS TREAT DENY AWAY PASS away=true deny=true sfx=true
=== Transfer denied SFX smoke ===
Initialize godot-rust (API v4.6.stable.official, runtime v4.7.2.stable.mono.official, safeguards balanced)
Godot Engine v4.7.2.stable.mono.official.ed1daf0bf - https://godotengine.org

The Synaptic Sea coherent proof ship bootstrap loaded.
PLAYABLE SHIP READY player_spawned=true camera_spawned=true objectives=5 collision_shapes=112
TRANSFER DENIED SFX PASS deny=true sfx=true
=== Transfer denied away smoke ===
Initialize godot-rust (API v4.6.stable.official, runtime v4.7.2.stable.mono.official, safeguards balanced)
Godot Engine v4.7.2.stable.mono.official.ed1daf0bf - https://godotengine.org

The Synaptic Sea coherent proof ship bootstrap loaded.
PLAYABLE SHIP READY player_spawned=true camera_spawned=true objectives=5 collision_shapes=112
TRANSFER DENIED AWAY PASS away=true deny=true sfx=true
=== Equip denied SFX smoke ===
Initialize godot-rust (API v4.6.stable.official, runtime v4.7.2.stable.mono.official, safeguards balanced)
Godot Engine v4.7.2.stable.mono.official.ed1daf0bf - https://godotengine.org

The Synaptic Sea coherent proof ship bootstrap loaded.
PLAYABLE SHIP READY player_spawned=true camera_spawned=true objectives=5 collision_shapes=112
EQUIP DENIED SFX PASS deny=true sfx=true
=== Equip denied away smoke ===
Initialize godot-rust (API v4.6.stable.official, runtime v4.7.2.stable.mono.official, safeguards balanced)
Godot Engine v4.7.2.stable.mono.official.ed1daf0bf - https://godotengine.org

The Synaptic Sea coherent proof ship bootstrap loaded.
PLAYABLE SHIP READY player_spawned=true camera_spawned=true objectives=5 collision_shapes=112
EQUIP DENIED AWAY PASS away=true deny=true sfx=true
=== Unequip empty SFX smoke ===
Initialize godot-rust (API v4.6.stable.official, runtime v4.7.2.stable.mono.official, safeguards balanced)
Godot Engine v4.7.2.stable.mono.official.ed1daf0bf - https://godotengine.org

The Synaptic Sea coherent proof ship bootstrap loaded.
PLAYABLE SHIP READY player_spawned=true camera_spawned=true objectives=5 collision_shapes=112
UNEQUIP EMPTY SFX PASS deny=true sfx=true
=== Unequip empty away smoke ===
Initialize godot-rust (API v4.6.stable.official, runtime v4.7.2.stable.mono.official, safeguards balanced)
Godot Engine v4.7.2.stable.mono.official.ed1daf0bf - https://godotengine.org

The Synaptic Sea coherent proof ship bootstrap loaded.
PLAYABLE SHIP READY player_spawned=true camera_spawned=true objectives=5 collision_shapes=112
UNEQUIP EMPTY AWAY PASS away=true deny=true sfx=true
=== Reload denied SFX smoke ===
Initialize godot-rust (API v4.6.stable.official, runtime v4.7.2.stable.mono.official, safeguards balanced)
Godot Engine v4.7.2.stable.mono.official.ed1daf0bf - https://godotengine.org

The Synaptic Sea coherent proof ship bootstrap loaded.
PLAYABLE SHIP READY player_spawned=true camera_spawned=true objectives=5 collision_shapes=112
RELOAD DENIED SFX PASS deny=true sfx=true
=== Reload denied away smoke ===
Initialize godot-rust (API v4.6.stable.official, runtime v4.7.2.stable.mono.official, safeguards balanced)
Godot Engine v4.7.2.stable.mono.official.ed1daf0bf - https://godotengine.org

The Synaptic Sea coherent proof ship bootstrap loaded.
PLAYABLE SHIP READY player_spawned=true camera_spawned=true objectives=5 collision_shapes=112
RELOAD DENIED AWAY PASS away=true deny=true sfx=true
=== Interact miss SFX smoke ===
Initialize godot-rust (API v4.6.stable.official, runtime v4.7.2.stable.mono.official, safeguards balanced)
Godot Engine v4.7.2.stable.mono.official.ed1daf0bf - https://godotengine.org

The Synaptic Sea coherent proof ship bootstrap loaded.
PLAYABLE SHIP READY player_spawned=true camera_spawned=true objectives=5 collision_shapes=112
INTERACT MISS SFX PASS miss=true sfx=true
=== Interact miss away smoke ===
Initialize godot-rust (API v4.6.stable.official, runtime v4.7.2.stable.mono.official, safeguards balanced)
Godot Engine v4.7.2.stable.mono.official.ed1daf0bf - https://godotengine.org

The Synaptic Sea coherent proof ship bootstrap loaded.
PLAYABLE SHIP READY player_spawned=true camera_spawned=true objectives=5 collision_shapes=112
INTERACT MISS AWAY PASS away=true miss=true sfx=true
=== Craft from picker deny SFX smoke ===
Initialize godot-rust (API v4.6.stable.official, runtime v4.7.2.stable.mono.official, safeguards balanced)
Godot Engine v4.7.2.stable.mono.official.ed1daf0bf - https://godotengine.org

The Synaptic Sea coherent proof ship bootstrap loaded.
PLAYABLE SHIP READY player_spawned=true camera_spawned=true objectives=5 collision_shapes=112
CRAFT BLOCKED station=no_such_station reason=station_missing
CRAFT FROM PICKER DENY SFX PASS deny=true sfx=true
=== Craft from picker deny away smoke ===
Initialize godot-rust (API v4.6.stable.official, runtime v4.7.2.stable.mono.official, safeguards balanced)
Godot Engine v4.7.2.stable.mono.official.ed1daf0bf - https://godotengine.org

The Synaptic Sea coherent proof ship bootstrap loaded.
PLAYABLE SHIP READY player_spawned=true camera_spawned=true objectives=5 collision_shapes=112
CRAFT BLOCKED station=no_such_station reason=station_missing
CRAFT FROM PICKER DENY AWAY PASS away=true deny=true sfx=true
=== Load denied SFX smoke ===
Initialize godot-rust (API v4.6.stable.official, runtime v4.7.2.stable.mono.official, safeguards balanced)
Godot Engine v4.7.2.stable.mono.official.ed1daf0bf - https://godotengine.org

The Synaptic Sea coherent proof ship bootstrap loaded.
PLAYABLE SHIP READY player_spawned=true camera_spawned=true objectives=5 collision_shapes=112
LOAD DENIED SFX PASS deny=true sfx=true
=== Load denied away smoke ===
Initialize godot-rust (API v4.6.stable.official, runtime v4.7.2.stable.mono.official, safeguards balanced)
Godot Engine v4.7.2.stable.mono.official.ed1daf0bf - https://godotengine.org

The Synaptic Sea coherent proof ship bootstrap loaded.
PLAYABLE SHIP READY player_spawned=true camera_spawned=true objectives=5 collision_shapes=112
LOAD DENIED AWAY PASS away=true deny=true sfx=true
=== Cart grab denied SFX smoke ===
Initialize godot-rust (API v4.6.stable.official, runtime v4.7.2.stable.mono.official, safeguards balanced)
Godot Engine v4.7.2.stable.mono.official.ed1daf0bf - https://godotengine.org

The Synaptic Sea coherent proof ship bootstrap loaded.
PLAYABLE SHIP READY player_spawned=true camera_spawned=true objectives=5 collision_shapes=112
CART GRAB DENIED SFX PASS deny=true sfx=true
=== Cart grab denied away smoke ===
Initialize godot-rust (API v4.6.stable.official, runtime v4.7.2.stable.mono.official, safeguards balanced)
Godot Engine v4.7.2.stable.mono.official.ed1daf0bf - https://godotengine.org

The Synaptic Sea coherent proof ship bootstrap loaded.
PLAYABLE SHIP READY player_spawned=true camera_spawned=true objectives=5 collision_shapes=112
CART GRAB DENIED AWAY PASS away=true deny=true sfx=true
=== Hangar denied SFX smoke ===
Initialize godot-rust (API v4.6.stable.official, runtime v4.7.2.stable.mono.official, safeguards balanced)
Godot Engine v4.7.2.stable.mono.official.ed1daf0bf - https://godotengine.org

The Synaptic Sea coherent proof ship bootstrap loaded.
PLAYABLE SHIP READY player_spawned=true camera_spawned=true objectives=5 collision_shapes=112
HANGAR DENIED SFX PASS deny=true sfx=true
=== Hangar denied away smoke ===
Initialize godot-rust (API v4.6.stable.official, runtime v4.7.2.stable.mono.official, safeguards balanced)
Godot Engine v4.7.2.stable.mono.official.ed1daf0bf - https://godotengine.org

The Synaptic Sea coherent proof ship bootstrap loaded.
PLAYABLE SHIP READY player_spawned=true camera_spawned=true objectives=5 collision_shapes=112
HANGAR DENIED AWAY PASS away=true deny=true sfx=true
=== Medbay surgery denied SFX smoke ===
Initialize godot-rust (API v4.6.stable.official, runtime v4.7.2.stable.mono.official, safeguards balanced)
Godot Engine v4.7.2.stable.mono.official.ed1daf0bf - https://godotengine.org

The Synaptic Sea coherent proof ship bootstrap loaded.
PLAYABLE SHIP READY player_spawned=true camera_spawned=true objectives=5 collision_shapes=112
MEDBAY SURGERY DENIED SFX PASS deny=true sfx=true
=== Medbay surgery denied away smoke ===
Initialize godot-rust (API v4.6.stable.official, runtime v4.7.2.stable.mono.official, safeguards balanced)
Godot Engine v4.7.2.stable.mono.official.ed1daf0bf - https://godotengine.org

The Synaptic Sea coherent proof ship bootstrap loaded.
PLAYABLE SHIP READY player_spawned=true camera_spawned=true objectives=5 collision_shapes=112
MEDBAY SURGERY DENIED AWAY PASS away=true deny=true sfx=true
SYNAPTIC_SEA REGRESSION PASS commands=652 clean_output=true
